2;air_base;3006.20;10.30;1355.42;0.12;0
2;anti_air_building;3000.48;9.70;1358.62;0.18;0
2;anti_air_building;3006.34;10.80;1366.32;4.40;0
2;anti_air_building;3007.93;10.40;1353.40;1.74;0
2;arms_factory;2998.00;9.68;1359.00;4.33;0
2;arms_factory;3001.82;9.70;1356.35;5.89;0
2;arms_factory;3003.37;9.70;1354.73;5.28;0
2;arms_factory;3005.00;9.70;1354.00;1.07;0
2;arms_factory;3008.64;10.50;1355.40;1.67;0
2;arms_factory;3011.54;10.50;1351.78;2.62;0
2;bunker;2998.93;9.80;1362.14;5.35;0
2;bunker;3003.00;9.73;1358.00;4.77;0
2;bunker;3007.54;10.70;1361.42;1.23;0
2;bunker;3012.00;10.88;1356.00;4.85;0
2;coastal_bunker;2997.00;9.50;1358.00;-1.11;0
2;coastal_bunker;3003.00;9.50;1352.00;-0.46;0
2;coastal_bunker;3008.00;9.50;1350.00;-0.54;0
2;dockyard;3001.00;9.50;1353.00;-0.46;0
2;fuel_silo;3003.00;9.70;1357.00;4.76;0
2;industrial_complex;3001.00;9.88;1363.00;4.84;0
2;industrial_complex;3003.21;10.10;1366.67;0.11;0
2;industrial_complex;3006.00;10.88;1368.00;4.34;0
2;industrial_complex;3006.83;10.20;1356.14;2.17;0
2;industrial_complex;3012.00;10.60;1354.00;2.78;0
2;industrial_complex;3014.61;11.20;1356.40;2.27;0
2;naval_base;2996.00;9.50;1360.00;-1.11;5656
2;naval_base;2999.00;9.50;1355.00;-0.46;5656
2;naval_base;3007.00;9.50;1351.00;-0.54;5656
2;nuclear_reactor;3010.17;9.70;1349.62;2.85;0
2;radar_station;3004.00;9.95;1359.00;4.12;0
2;rocket_site;3008.33;10.40;1357.61;5.01;0
2;synthetic_refinery;3011.12;11.20;1359.15;0.79;0
3;air_base;2931.00;13.78;1457.00;2.10;0
3;anti_air_building;2924.00;13.88;1445.00;0.55;0
3;anti_air_building;2927.00;12.40;1459.00;2.71;0
3;anti_air_building;2929.00;15.07;1447.00;4.68;0
3;arms_factory;2919.00;12.73;1453.00;3.15;0
3;arms_factory;2927.00;11.68;1460.00;0.49;0
3;arms_factory;2929.00;14.63;1452.00;0.48;0
3;arms_factory;2931.00;15.32;1447.00;1.09;0
3;arms_factory;2932.00;13.90;1459.00;5.22;0
3;arms_factory;2933.00;15.63;1452.00;6.16;0
3;bunker;2915.00;13.32;1439.00;3.21;0
3;bunker;2918.00;11.40;1454.00;4.78;0
3;bunker;2922.00;13.50;1447.00;3.66;0
3;bunker;2925.00;10.80;1464.00;2.11;0
3;bunker;2926.00;13.82;1457.00;0.04;0
3;bunker;2928.00;15.75;1443.00;1.16;0
3;bunker;2931.00;12.98;1461.00;4.17;0
3;bunker;2932.00;15.82;1451.00;5.38;0
3;fuel_silo;2927.00;15.00;1448.00;2.62;0
3;industrial_complex;2919.00;12.90;1449.00;5.22;0
3;industrial_complex;2921.00;11.93;1456.00;4.61;0
3;industrial_complex;2925.00;10.53;1463.00;1.60;0
3;industrial_complex;2926.00;14.63;1445.00;3.66;0
3;industrial_complex;2930.00;15.95;1441.00;5.72;0
3;industrial_complex;2931.00;13.93;1455.00;5.82;0
3;nuclear_reactor;2924.00;13.88;1445.00;4.33;0
3;radar_station;2927.00;14.45;1452.00;5.57;0
3;rocket_site;2924.00;14.48;1453.00;1.67;0
3;synthetic_refinery;2922.00;12.85;1456.00;5.89;0
4;air_base;3049.00;13.55;1479.00;1.10;0
4;anti_air_building;3041.00;13.65;1476.00;1.26;0
4;anti_air_building;3049.00;12.15;1482.00;4.88;0
4;anti_air_building;3069.00;9.82;1489.00;2.21;0
4;arms_factory;3041.00;13.65;1475.00;0.58;0
4;arms_factory;3060.00;11.05;1474.00;4.20;0
4;arms_factory;3061.00;10.07;1489.00;1.54;0
4;arms_factory;3062.00;10.60;1477.00;5.76;0
4;arms_factory;3064.00;10.28;1477.00;3.70;0
4;arms_factory;3064.00;10.73;1482.00;2.14;0
4;bunker;3039.00;13.57;1476.00;2.81;0
4;bunker;3044.00;12.90;1487.00;1.61;0
4;bunker;3046.00;13.60;1494.00;1.20;0
4;bunker;3053.00;12.68;1483.00;1.10;0
4;bunker;3054.00;11.00;1486.00;5.32;0
4;bunker;3056.00;12.43;1476.00;3.16;0
4;bunker;3062.00;11.03;1480.00;3.00;0
4;bunker;3063.00;10.43;1477.00;3.77;0
4;bunker;3068.00;9.88;1484.00;5.83;0
4;bunker;3069.00;9.82;1489.00;5.82;0
4;fuel_silo;3054.00;13.93;1473.00;0.66;0
4;industrial_complex;3041.00;11.32;1484.00;3.61;0
4;industrial_complex;3048.00;13.40;1479.00;0.59;0
4;industrial_complex;3051.00;13.40;1480.00;2.65;0
4;industrial_complex;3052.00;10.90;1492.00;5.32;0
4;industrial_complex;3056.00;11.90;1470.00;3.25;0
4;industrial_complex;3069.00;9.80;1487.00;4.81;0
4;nuclear_reactor;3058.00;11.73;1485.00;1.26;0
4;radar_station;3052.00;13.10;1481.00;1.51;0
4;rocket_site;3057.00;11.90;1471.00;1.16;0
4;synthetic_refinery;3047.00;12.45;1481.00;4.28;0
5;air_base;3129.58;9.70;1615.41;3.90;0
5;anti_air_building;3114.00;9.78;1603.00;1.29;0
5;anti_air_building;3116.00;9.63;1606.00;3.96;0
5;anti_air_building;3119.00;9.70;1610.00;0.34;0
5;arms_factory;3120.00;9.70;1610.00;4.84;0
5;arms_factory;3123.00;9.70;1619.00;3.73;0
5;arms_factory;3125.00;9.70;1611.00;2.17;0
5;arms_factory;3127.00;9.68;1621.00;0.11;0
5;arms_factory;3137.00;9.65;1617.00;5.44;0
5;arms_factory;3137.00;9.78;1606.00;2.78;0
5;bunker;3113.00;9.70;1606.00;0.18;0
5;bunker;3127.00;9.65;1612.00;4.40;0
5;bunker;3127.00;9.68;1619.00;2.34;0
5;bunker;3130.00;10.10;1603.00;4.91;0
5;bunker;3134.00;9.70;1619.00;1.39;0
5;bunker;3136.00;9.70;1611.00;0.18;0
5;bunker;3145.00;9.70;1611.00;0.79;0
5;coastal_bunker;3116.00;9.50;1611.00;-2.68;0
5;coastal_bunker;3120.00;9.50;1613.00;-1.77;0
5;coastal_bunker;3127.00;9.50;1624.00;-1.82;0
5;dockyard;3128.00;9.50;1625.00;-1.82;0
5;fuel_silo;3123.00;9.68;1610.00;4.57;0
5;industrial_complex;3128.00;9.55;1623.00;1.83;0
5;industrial_complex;3130.00;9.65;1619.00;0.62;0
5;industrial_complex;3135.00;9.70;1615.00;5.95;0
5;industrial_complex;3135.00;9.70;1618.00;2.68;0
5;industrial_complex;3150.00;9.75;1612.00;2.78;0
5;industrial_complex;3151.00;9.80;1609.00;1.23;0
5;naval_base;3115.00;9.57;1609.00;-2.68;2309
5;naval_base;3118.00;9.50;1617.00;-1.82;2256
5;naval_base;3122.00;9.53;1614.00;-1.77;2256
5;nuclear_reactor;3145.00;9.70;1615.00;0.35;0
5;radar_station;3132.00;9.70;1615.00;2.30;0
5;rocket_site;3141.00;9.70;1613.00;0.25;0
5;synthetic_refinery;3126.00;9.80;1606.00;3.36;0
6;air_base;2850.00;9.70;1533.00;3.15;0
6;anti_air_building;2850.00;9.70;1539.00;1.16;0
6;anti_air_building;2860.00;10.18;1534.00;5.28;0
6;anti_air_building;2861.00;10.20;1534.00;6.23;0
6;arms_factory;2849.00;9.70;1538.00;2.04;0
6;arms_factory;2850.00;9.70;1533.00;5.65;0
6;arms_factory;2850.00;9.70;1538.00;2.64;0
6;arms_factory;2854.00;9.73;1537.00;2.54;0
6;arms_factory;2858.00;9.73;1540.00;4.10;0
6;arms_factory;2868.00;9.80;1540.00;4.70;0
6;bunker;2849.00;9.68;1537.00;5.72;0
6;bunker;2855.00;9.80;1537.00;0.65;0
6;bunker;2863.71;9.90;1540.26;4.77;0
6;bunker;2864.21;10.30;1534.80;1.60;0
6;coastal_bunker;2846.00;9.55;1539.00;-2.50;0
6;coastal_bunker;2871.00;9.63;1543.00;-4.12;0
6;dockyard;2855.00;9.50;1544.00;-2.68;0
6;fuel_silo;2859.00;10.13;1534.00;3.22;0
6;industrial_complex;2854.00;9.68;1538.00;5.21;0
6;industrial_complex;2855.00;9.68;1539.00;6.16;0
6;industrial_complex;2857.00;9.70;1539.00;0.48;0
6;industrial_complex;2863.00;10.13;1534.00;1.59;0
6;industrial_complex;2864.00;10.05;1534.00;1.09;0
6;industrial_complex;2868.00;9.88;1539.00;3.15;0
6;naval_base;2852.00;9.53;1542.00;-2.68;8621
6;naval_base;2870.00;9.53;1544.00;-4.12;8621
6;nuclear_reactor;2861.00;10.30;1537.00;3.83;0
6;radar_station;2859.00;9.93;1539.00;1.32;0
6;rocket_site;2852.00;9.68;1538.00;3.73;0
6;synthetic_refinery;2864.00;10.30;1537.00;0.55;0
7;air_base;2879.76;9.70;1567.24;0.71;0
7;bunker;2876.00;9.70;1559.00;4.84;0
7;bunker;2879.00;9.70;1564.00;2.78;0
7;bunker;2882.00;9.70;1575.00;1.23;0
7;bunker;2885.00;9.60;1562.00;5.44;0
7;bunker;2888.00;9.60;1568.00;3.22;0
7;coastal_bunker;2871.00;9.50;1558.00;-1.25;0
7;coastal_bunker;2878.00;9.53;1567.00;-2.36;0
7;dockyard;2884.00;9.60;1577.00;-2.94;0
7;fuel_silo;2884.00;9.68;1574.00;5.87;0
7;naval_base;2874.00;9.50;1561.00;-2.36;2775
7;naval_base;2877.00;9.50;1566.00;-2.36;2775
7;naval_base;2885.00;9.53;1578.00;-2.94;2752
7;nuclear_reactor;2879.00;9.70;1566.00;1.39;0
7;radar_station;2881.00;9.70;1570.00;3.98;0
7;rocket_site;2878.00;9.60;1558.00;0.18;0
7;synthetic_refinery;2877.00;9.70;1562.00;5.96;0
8;air_base;2903.00;10.80;1509.00;0.71;0
8;anti_air_building;2899.00;11.10;1511.00;2.78;0
8;anti_air_building;2902.00;10.93;1511.00;5.44;0
8;anti_air_building;2903.00;10.82;1510.00;0.11;0
8;arms_factory;2896.16;11.40;1507.95;3.21;0
8;arms_factory;2897.00;11.50;1513.00;5.37;0
8;arms_factory;2897.00;11.60;1514.00;6.23;0
8;arms_factory;2898.00;11.63;1515.00;5.28;0
8;arms_factory;2901.00;11.07;1514.00;1.16;0
8;arms_factory;2901.00;11.15;1515.00;0.55;0
8;bunker;2899.00;10.90;1510.00;3.73;0
8;fuel_silo;2903.00;10.75;1511.00;2.61;0
8;industrial_complex;2900.00;10.80;1507.00;3.83;0
8;industrial_complex;2900.00;10.85;1509.00;4.33;0
8;industrial_complex;2900.00;11.38;1516.00;3.22;0
8;industrial_complex;2900.00;11.40;1517.00;5.88;0
8;industrial_complex;2900.00;11.48;1518.00;3.73;0
8;industrial_complex;2902.00;10.80;1508.00;1.67;0
8;nuclear_reactor;2898.00;11.43;1513.00;2.78;0
8;radar_station;2901.00;11.03;1512.00;4.84;0
8;rocket_site;2897.78;12.10;1517.91;1.23;0
8;synthetic_refinery;2897.00;11.38;1512.00;2.17;0
9;air_base;3057.00;10.88;1523.00;4.09;0
9;anti_air_building;3023.00;12.68;1514.00;0.04;0
9;anti_air_building;3023.00;12.68;1514.00;3.66;0
9;anti_air_building;3041.00;10.65;1526.00;2.70;0
9;arms_factory;3019.00;12.50;1515.00;1.52;0
9;arms_factory;3019.00;12.50;1515.00;5.13;0
9;arms_factory;3019.00;12.53;1514.00;4.54;0
9;arms_factory;3038.00;11.32;1522.00;2.47;0
9;arms_factory;3044.00;10.15;1524.00;5.74;0
9;arms_factory;3045.00;10.23;1523.00;3.58;0
9;bunker;3020.00;12.63;1516.00;5.81;0
9;bunker;3021.00;12.40;1519.00;2.54;0
9;bunker;3030.00;10.50;1524.00;0.99;0
9;bunker;3030.00;12.10;1512.00;3.14;0
9;bunker;3034.00;11.30;1528.00;4.70;0
9;bunker;3036.00;12.50;1511.00;2.04;0
9;bunker;3042.00;12.13;1517.00;3.74;0
9;bunker;3042.00;12.70;1509.00;0.47;0
9;bunker;3045.00;10.15;1524.00;2.54;0
9;bunker;3050.00;12.35;1518.00;1.59;0
9;bunker;3050.00;12.70;1513.00;4.25;0
9;bunker;3054.00;10.78;1526.00;0.48;0
9;bunker;3058.00;12.38;1519.00;5.21;0
9;fuel_silo;3034.00;10.90;1526.00;0.64;0
9;industrial_complex;3046.00;10.60;1522.00;5.14;0
9;industrial_complex;3049.00;12.53;1516.00;2.03;0
9;industrial_complex;3049.00;12.53;1516.00;4.19;0
9;industrial_complex;3055.00;10.50;1525.00;5.05;0
9;industrial_complex;3057.00;10.88;1523.00;6.25;0
9;industrial_complex;3057.00;12.70;1516.00;1.52;0
9;nuclear_reactor;3021.00;12.10;1521.00;2.71;0
9;radar_station;3039.00;12.10;1517.00;0.87;0
9;rocket_site;3024.00;11.40;1522.00;2.61;0
9;synthetic_refinery;3041.00;10.65;1526.00;5.72;0
10;bunker;3128.00;9.88;1561.00;2.84;0
11;air_base;3202.00;9.80;1629.00;3.52;0
11;anti_air_building;3192.00;10.38;1626.00;0.48;0
11;anti_air_building;3193.00;10.30;1636.00;4.10;0
11;anti_air_building;3211.00;10.20;1634.00;2.04;0
11;arms_factory;3182.00;9.80;1630.00;3.00;0
11;arms_factory;3184.00;9.70;1625.00;0.44;0
11;arms_factory;3189.00;9.82;1624.00;5.16;0
11;arms_factory;3192.00;10.35;1624.00;6.12;0
11;arms_factory;3200.00;10.10;1626.00;4.56;0
11;arms_factory;3201.00;10.30;1625.00;3.96;0
11;bunker;3180.37;9.70;1622.63;2.34;0
11;bunker;3183.41;10.10;1631.68;0.79;0
11;bunker;3188.72;9.80;1612.74;1.73;0
11;bunker;3188.92;10.30;1638.56;0.18;0
11;bunker;3192.00;10.30;1648.00;0.34;0
11;bunker;3193.16;10.40;1623.46;2.68;0
11;bunker;3203.00;10.40;1644.00;0.69;0
11;bunker;3203.96;10.00;1629.37;2.78;0
11;bunker;3210.53;10.30;1637.77;4.91;0
11;bunker;3216.00;10.50;1631.00;4.70;0
11;fuel_silo;3191.00;10.30;1637.00;4.72;0
11;industrial_complex;3185.00;9.88;1611.00;1.55;0
11;industrial_complex;3189.00;9.80;1611.00;3.61;0
11;industrial_complex;3193.00;10.40;1623.00;4.57;0
11;industrial_complex;3195.00;10.32;1637.00;5.67;0
11;industrial_complex;3199.00;10.40;1641.00;0.95;0
11;industrial_complex;3205.00;10.28;1640.00;1.45;0
11;nuclear_reactor;3191.00;10.30;1646.00;2.55;0
11;radar_station;3212.00;10.43;1633.00;0.35;0
11;rocket_site;3191.00;10.20;1624.00;4.71;0
11;synthetic_refinery;3194.00;10.30;1637.00;0.25;0
12;air_base;3198.00;10.30;1686.00;0.04;0
12;anti_air_building;3194.00;10.35;1680.00;2.78;0
12;anti_air_building;3196.00;10.28;1659.00;0.11;0
12;anti_air_building;3213.00;10.63;1664.00;2.27;0
12;arms_factory;3194.00;10.25;1686.00;6.16;0
12;arms_factory;3198.00;10.30;1680.00;4.61;0
12;arms_factory;3200.00;10.45;1668.00;5.82;0
12;arms_factory;3208.00;10.55;1673.00;0.49;0
12;arms_factory;3212.00;10.30;1680.00;1.09;0
12;arms_factory;3219.00;10.45;1669.00;5.22;0
12;bunker;3191.00;10.07;1679.00;2.71;0
12;bunker;3194.00;10.32;1671.00;4.68;0
12;bunker;3199.00;10.38;1687.00;5.89;0
12;bunker;3205.00;10.07;1660.00;5.28;0
12;bunker;3208.00;10.25;1685.00;1.16;0
12;bunker;3211.00;10.60;1669.00;2.62;0
12;bunker;3212.00;10.03;1660.00;2.11;0
12;bunker;3215.00;10.43;1678.00;4.78;0
12;bunker;3226.00;10.25;1671.00;0.55;0
12;coastal_bunker;3186.00;9.50;1679.00;-1.57;0
12;coastal_bunker;3187.00;9.50;1674.00;-1.89;0
12;dockyard;3185.00;9.50;1684.00;-1.57;0
12;fuel_silo;3226.00;10.40;1662.00;2.17;0
12;industrial_complex;3201.00;10.32;1689.00;1.60;0
12;industrial_complex;3202.00;10.38;1675.00;5.22;0
12;industrial_complex;3207.00;10.60;1672.00;3.66;0
12;industrial_complex;3209.00;10.25;1685.00;5.72;0
12;industrial_complex;3215.00;10.57;1667.00;3.66;0
12;industrial_complex;3219.00;10.30;1677.00;2.10;0
12;naval_base;3186.00;9.50;1682.00;-1.57;1885
12;naval_base;3187.00;9.50;1675.00;-1.89;1885
12;nuclear_reactor;3208.00;10.35;1678.00;2.78;0
12;radar_station;3210.00;10.55;1674.00;5.81;0
12;rocket_site;3197.00;10.25;1677.00;0.12;0
12;synthetic_refinery;3213.00;10.32;1680.00;4.34;0
13;air_base;3205.00;9.60;1724.00;2.70;0
13;anti_air_building;3210.00;10.23;1716.00;5.87;0
13;anti_air_building;3225.00;9.80;1713.00;2.26;0
13;anti_air_building;3228.00;9.70;1719.00;5.27;0
13;arms_factory;3158.00;9.55;1696.00;4.24;0
13;arms_factory;3164.00;9.70;1700.00;1.58;0
13;arms_factory;3188.00;9.85;1710.00;2.19;0
13;arms_factory;3198.00;10.25;1712.00;3.74;0
13;arms_factory;3200.00;9.70;1718.00;0.98;0
13;arms_factory;3210.00;9.90;1718.00;2.53;0
13;bunker;3157.00;9.68;1710.00;2.41;0
13;bunker;3160.00;9.70;1700.00;4.91;0
13;bunker;3182.00;9.70;1710.00;1.29;0
13;bunker;3186.00;9.73;1711.00;0.18;0
13;bunker;3187.00;9.65;1717.00;4.57;0
13;bunker;3193.00;9.70;1720.00;2.85;0
13;bunker;3195.00;10.30;1712.00;0.69;0
13;bunker;3204.00;9.70;1721.00;3.96;0
13;bunker;3211.00;9.80;1720.00;4.91;0
13;bunker;3211.00;10.30;1716.00;0.34;0
13;bunker;3225.00;9.78;1712.00;1.14;0
13;bunker;3225.00;9.82;1717.00;3.81;0
13;bunker;3235.00;9.68;1716.00;4.76;0
13;coastal_bunker;3155.00;9.55;1702.00;-4.47;0
13;coastal_bunker;3164.00;9.50;1709.00;0.46;0
13;coastal_bunker;3174.00;9.55;1710.00;-2.21;0
13;coastal_bunker;3177.00;9.50;1718.00;-1.82;0
13;coastal_bunker;3189.00;9.55;1722.00;-2.90;0
13;coastal_bunker;3209.00;9.68;1725.00;-3.34;0
13;coastal_bunker;3219.00;9.55;1724.00;-3.34;0
13;coastal_bunker;3224.00;9.70;1722.00;-3.52;0
13;coastal_bunker;3238.00;9.55;1721.00;-3.46;0
13;dockyard;3199.00;9.65;1723.00;-2.90;0
13;fuel_silo;3207.00;10.30;1714.00;2.26;0
13;industrial_complex;3193.00;9.70;1718.00;0.03;0
13;industrial_complex;3211.00;10.30;1716.00;3.04;0
13;industrial_complex;3212.00;10.40;1715.00;2.09;0
13;industrial_complex;3222.00;10.30;1719.00;0.03;0
13;industrial_complex;3226.00;9.78;1713.00;4.25;0
13;industrial_complex;3228.00;9.63;1714.00;4.76;0
13;naval_base;3154.00;9.50;1691.00;-4.47;1885
13;naval_base;3156.00;9.50;1711.00;-1.57;2107
13;naval_base;3172.00;9.50;1708.00;-1.11;1885
13;naval_base;3178.00;9.53;1718.00;-1.82;1660
13;naval_base;3193.00;9.60;1722.00;-2.90;1660
13;naval_base;3205.00;9.50;1725.00;-3.34;1434
13;naval_base;3218.00;9.60;1724.00;-3.34;1434
13;naval_base;3224.00;9.70;1722.00;-3.52;1434
13;naval_base;3242.00;9.55;1721.00;-3.46;1434
13;nuclear_reactor;3232.00;9.70;1718.00;4.32;0
13;radar_station;3149.00;9.50;1687.00;3.29;0
13;rocket_site;3209.00;10.40;1709.00;2.48;0
13;synthetic_refinery;3166.00;9.60;1700.00;3.42;0
14;air_base;2773.00;9.70;1471.00;1.23;0
14;anti_air_building;2772.00;9.65;1470.00;4.91;0
14;anti_air_building;2781.00;10.00;1487.00;1.29;0
14;anti_air_building;2784.00;9.70;1460.00;1.90;0
14;arms_factory;2771.00;9.55;1464.00;1.67;0
14;arms_factory;2772.00;9.75;1474.00;3.73;0
14;arms_factory;2776.00;9.75;1477.00;0.71;0
14;arms_factory;2780.00;9.73;1482.00;4.33;0
14;arms_factory;2781.00;9.60;1462.00;5.88;0
14;arms_factory;2782.00;10.10;1488.00;3.83;0
14;bunker;2766.80;9.80;1484.23;5.96;0
14;bunker;2767.60;10.20;1470.93;4.40;0
14;bunker;2777.17;9.80;1483.90;2.34;0
14;bunker;2780.28;9.70;1475.78;0.18;0
14;bunker;2781.02;9.70;1457.70;1.39;0
14;bunker;2783.38;9.70;1468.47;1.73;0
14;bunker;2786.00;10.13;1482.00;3.90;0
14;coastal_bunker;2764.00;9.50;1468.00;-0.46;0
14;coastal_bunker;2768.00;9.50;1490.00;-3.14;0
14;coastal_bunker;2773.00;9.50;1460.00;-1.71;0
14;coastal_bunker;2776.00;9.50;1464.00;-0.79;0
14;coastal_bunker;2778.00;9.55;1489.00;-3.34;0
14;dockyard;2777.00;9.50;1463.00;-0.79;0
14;fuel_silo;2776.00;9.75;1477.00;0.10;0
14;industrial_complex;2768.00;10.40;1477.00;2.17;0
14;industrial_complex;2775.00;9.70;1469.00;3.73;0
14;industrial_complex;2777.00;9.70;1470.00;0.11;0
14;industrial_complex;2779.00;9.60;1463.00;2.78;0
14;industrial_complex;2780.00;9.65;1462.00;4.84;0
14;industrial_complex;2787.00;10.10;1479.00;5.44;0
14;naval_base;2763.00;9.50;1471.00;-0.46;8546
14;naval_base;2763.00;9.57;1488.00;-3.14;2871
14;naval_base;2773.00;9.50;1464.00;-0.79;8546
14;naval_base;2774.00;9.50;1459.00;-1.71;8546
14;naval_base;2774.00;9.57;1488.00;-3.34;2871
14;nuclear_reactor;2783.00;9.70;1466.00;4.57;0
14;radar_station;2777.00;9.70;1473.00;1.58;0
14;rocket_site;2776.00;9.70;1476.00;3.36;0
14;synthetic_refinery;2779.00;9.70;1480.00;3.96;0
15;air_base;2816.00;9.85;1485.00;3.90;0
15;anti_air_building;2781.00;9.68;1505.00;4.03;0
15;anti_air_building;2805.00;10.45;1496.00;1.36;0
15;anti_air_building;2811.00;10.55;1492.00;5.59;0
15;arms_factory;2787.00;10.38;1500.00;0.11;0
15;arms_factory;2789.00;9.73;1503.00;3.73;0
15;arms_factory;2791.00;11.20;1489.00;2.78;0
15;arms_factory;2791.00;11.25;1493.00;5.44;0
15;arms_factory;2792.00;11.25;1489.00;2.17;0
15;arms_factory;2802.00;9.78;1501.00;4.84;0
15;bunker;2779.00;9.55;1509.00;0.79;0
15;bunker;2783.61;9.80;1494.30;2.41;0
15;bunker;2789.97;11.30;1494.36;3.96;0
15;bunker;2790.62;10.50;1499.79;0.25;0
15;bunker;2796.55;10.70;1499.71;0.34;0
15;bunker;2801.30;11.00;1493.79;1.90;0
15;bunker;2809.69;10.60;1487.55;4.91;0
15;bunker;2810.50;9.70;1503.80;1.29;0
15;bunker;2810.68;9.70;1508.68;4.57;0
15;bunker;2817.50;10.10;1489.50;0.35;0
15;bunker;2819.52;9.80;1501.32;2.85;0
15;bunker;2822.72;9.80;1506.58;4.91;0
15;bunker;2822.86;9.70;1512.54;3.36;0
15;bunker;2824.14;9.90;1497.10;0.69;0
15;bunker;2830.94;10.20;1502.82;0.18;0
15;coastal_bunker;2782.00;9.50;1492.00;-2.16;0
15;coastal_bunker;2783.00;9.60;1510.00;-3.39;0
15;coastal_bunker;2790.00;9.55;1504.00;-3.39;0
15;coastal_bunker;2794.00;9.55;1504.00;-3.39;0
15;coastal_bunker;2809.00;9.57;1505.00;-2.90;0
15;coastal_bunker;2815.00;9.53;1514.00;-3.14;0
15;coastal_bunker;2825.00;9.57;1516.00;-2.55;0
15;dockyard;2782.00;9.50;1498.00;-2.16;0
15;fuel_silo;2826.00;9.68;1516.00;2.76;0
15;industrial_complex;2798.00;11.30;1495.00;2.78;0
15;industrial_complex;2800.00;10.82;1498.00;1.23;0
15;industrial_complex;2812.00;9.55;1506.00;1.83;0
15;industrial_complex;2812.00;9.70;1510.00;0.62;0
15;industrial_complex;2814.00;9.70;1510.00;5.95;0
15;industrial_complex;2815.00;10.07;1490.00;2.68;0
15;naval_base;2781.82;9.70;1509.75;-3.17;2847
15;naval_base;2784.00;9.60;1490.00;-2.16;2871
15;naval_base;2787.00;9.68;1504.00;-3.39;2847
15;naval_base;2799.00;9.60;1503.00;-3.39;2847
15;naval_base;2806.00;9.55;1503.00;-2.90;2847
15;naval_base;2808.45;9.60;1508.26;-1.54;2847
15;naval_base;2827.00;9.53;1518.00;-2.55;12389
15;nuclear_reactor;2826.00;9.95;1503.00;4.03;0
15;radar_station;2806.00;9.95;1500.00;5.42;0
15;rocket_site;2825.00;9.80;1507.00;2.48;0
15;synthetic_refinery;2806.00;10.43;1489.00;3.42;0
16;air_base;2833.05;10.20;1497.76;0.18;0
16;anti_air_building;2836.00;9.80;1498.00;4.91;0
16;anti_air_building;2837.00;9.80;1487.00;1.29;0
16;anti_air_building;2847.00;9.80;1483.00;1.90;0
16;arms_factory;2831.00;10.40;1497.00;1.83;0
16;arms_factory;2834.00;9.82;1492.00;5.95;0
16;arms_factory;2846.00;9.80;1490.00;1.23;0
16;arms_factory;2847.00;9.80;1482.00;0.62;0
16;arms_factory;2850.00;9.75;1493.00;4.84;0
16;arms_factory;2853.00;9.80;1487.00;2.78;0
16;bunker;2833.61;10.20;1497.84;0.18;0
16;bunker;2839.87;9.80;1489.24;1.39;0
16;bunker;2841.88;9.80;1496.46;0.79;0
16;bunker;2849.17;9.80;1496.38;2.85;0
16;bunker;2850.30;9.80;1481.64;4.91;0
16;bunker;2852.00;9.80;1487.00;4.40;0
16;bunker;2855.00;9.80;1494.00;0.69;0
16;fuel_silo;2850.00;9.80;1486.00;4.33;0
16;industrial_complex;2838.00;9.80;1497.00;1.73;0
16;industrial_complex;2844.00;9.80;1486.00;2.34;0
16;industrial_complex;2847.00;9.70;1496.00;3.90;0
16;industrial_complex;2849.00;9.80;1486.00;5.96;0
16;industrial_complex;2851.00;9.80;1489.00;4.40;0
16;industrial_complex;2855.00;9.80;1489.00;2.68;0
16;nuclear_reactor;2851.00;9.78;1490.00;4.57;0
16;radar_station;2846.00;9.80;1490.00;1.58;0
16;rocket_site;2851.00;9.80;1494.00;3.36;0
16;synthetic_refinery;2855.00;9.80;1491.00;3.96;0
17;air_base;2847.00;9.80;1528.00;2.85;0
17;anti_air_building;2834.00;9.70;1528.00;0.35;0
17;anti_air_building;2837.00;9.70;1528.00;4.47;0
17;anti_air_building;2852.00;9.80;1521.00;0.85;0
17;arms_factory;2834.00;9.70;1528.00;2.34;0
17;arms_factory;2836.00;9.65;1524.00;2.68;0
17;arms_factory;2836.00;9.65;1529.00;4.40;0
17;arms_factory;2837.00;9.70;1523.00;1.73;0
17;arms_factory;2843.00;9.80;1523.00;3.90;0
17;arms_factory;2843.00;9.80;1528.00;5.96;0
17;bunker;2836.00;9.70;1535.00;3.96;0
17;bunker;2837.22;9.70;1524.59;4.91;0
17;bunker;2840.19;9.80;1529.75;3.36;0
17;bunker;2844.87;9.80;1520.69;0.34;0
17;bunker;2850.36;9.80;1524.57;1.29;0
17;coastal_bunker;2831.00;9.50;1528.00;-2.36;0
17;coastal_bunker;2831.00;9.50;1533.00;-2.03;0
17;dockyard;2830.00;9.50;1524.00;-1.77;0
17;fuel_silo;2834.00;9.70;1531.00;0.71;0
17;industrial_complex;2833.00;9.70;1524.00;4.91;0
17;industrial_complex;2837.00;9.70;1536.00;0.18;0
17;industrial_complex;2837.00;9.73;1534.00;4.40;0
17;industrial_complex;2847.00;9.80;1523.00;0.18;0
17;industrial_complex;2847.00;9.80;1524.00;0.79;0
17;industrial_complex;2851.00;9.80;1521.00;1.39;0
17;naval_base;2831.00;9.50;1525.00;-1.77;12389
17;naval_base;2834.00;9.60;1536.24;-2.63;11748
17;nuclear_reactor;2841.00;9.75;1524.00;5.58;0
17;radar_station;2845.00;9.80;1527.00;0.36;0
17;rocket_site;2834.00;9.70;1524.00;2.92;0
17;synthetic_refinery;2842.00;9.80;1518.00;3.87;0
18;air_base;2867.00;9.80;1490.00;0.25;0
18;anti_air_building;2865.00;9.80;1491.00;4.03;0
18;anti_air_building;2871.00;9.80;1487.00;1.36;0
18;anti_air_building;2872.00;9.85;1486.00;5.59;0
18;arms_factory;2868.00;9.80;1489.00;0.18;0
18;arms_factory;2869.00;9.80;1489.00;4.91;0
18;arms_factory;2877.00;10.38;1489.00;0.69;0
18;arms_factory;2884.00;10.50;1474.00;2.85;0
18;arms_factory;2884.00;10.55;1473.00;1.90;0
18;arms_factory;2885.00;10.48;1475.00;4.91;0
18;bunker;2865.32;10.00;1482.37;0.86;0
18;bunker;2866.11;9.90;1493.65;2.92;0
18;bunker;2871.37;10.00;1498.74;4.47;0
18;bunker;2872.95;9.80;1490.54;0.85;0
18;bunker;2878.73;10.50;1493.48;3.52;0
18;bunker;2881.23;10.60;1470.11;5.58;0
18;bunker;2881.75;11.00;1485.14;5.08;0
18;bunker;2883.17;10.30;1478.36;0.35;0
18;bunker;2891.46;10.50;1475.49;3.87;0
18;fuel_silo;2874.00;9.93;1485.00;4.83;0
18;industrial_complex;2865.00;9.82;1492.00;0.34;0
18;industrial_complex;2867.00;9.80;1491.00;4.57;0
18;industrial_complex;2871.00;9.80;1488.00;3.96;0
18;industrial_complex;2872.00;9.85;1487.00;3.36;0
18;industrial_complex;2875.00;10.10;1486.00;2.41;0
18;industrial_complex;2887.00;10.45;1471.00;1.29;0
18;nuclear_reactor;2888.00;10.48;1473.00;4.03;0
18;radar_station;2878.00;10.40;1486.00;5.42;0
18;rocket_site;2864.00;9.80;1489.00;2.48;0
18;synthetic_refinery;2866.00;9.80;1490.00;3.42;0
19;air_base;2803.00;10.28;1415.00;4.03;0
19;anti_air_building;2791.00;9.70;1402.00;6.16;0
19;anti_air_building;2806.00;10.30;1416.00;5.22;0
19;anti_air_building;2807.00;10.32;1415.00;1.09;0
19;arms_factory;2803.00;10.25;1416.00;3.87;0
19;arms_factory;2808.00;10.05;1410.00;2.41;0
19;arms_factory;2815.00;10.25;1416.00;0.25;0
19;arms_factory;2815.00;10.30;1389.00;0.35;0
19;arms_factory;2816.00;10.07;1403.00;4.47;0
19;arms_factory;2816.00;10.15;1412.00;0.85;0
19;bunker;2788.82;9.80;1405.04;1.53;0
19;bunker;2789.00;9.55;1425.00;0.41;0
19;bunker;2794.45;9.70;1411.39;3.59;0
19;bunker;2795.39;10.40;1401.01;1.02;0
19;bunker;2799.17;9.60;1416.61;0.92;0
19;bunker;2799.61;10.60;1393.07;5.15;0
19;bunker;2802.94;10.40;1399.91;3.08;0
19;bunker;2803.79;10.40;1407.13;5.65;0
19;bunker;2808.94;10.30;1411.21;4.54;0
19;bunker;2814.22;10.30;1397.17;1.43;0
19;bunker;2815.39;10.10;1406.46;2.98;0
19;coastal_bunker;2787.00;9.53;1408.00;-1.89;0
19;coastal_bunker;2788.00;9.50;1422.00;-1.11;0
19;coastal_bunker;2792.00;9.68;1422.00;-3.31;0
19;coastal_bunker;2796.00;9.50;1421.00;-2.21;0
19;dockyard;2796.00;9.50;1418.00;-3.31;0
19;fuel_silo;2806.00;10.35;1413.00;1.21;0
19;industrial_complex;2792.00;9.70;1419.00;3.52;0
19;industrial_complex;2793.00;10.13;1404.00;5.58;0
19;industrial_complex;2795.00;10.20;1406.00;0.86;0
19;industrial_complex;2800.00;10.05;1419.00;5.08;0
19;industrial_complex;2801.00;10.25;1413.00;1.36;0
19;industrial_complex;2805.00;10.30;1415.00;2.92;0
19;naval_base;2786.00;9.50;1402.00;-1.89;8592
19;naval_base;2788.00;9.50;1414.00;-1.11;8592
19;naval_base;2793.84;9.70;1417.82;-3.31;5108
19;naval_base;2797.00;9.50;1421.00;-2.21;5108
19;nuclear_reactor;2800.00;10.13;1416.00;3.66;0
19;radar_station;2803.00;10.28;1407.00;5.08;0
19;rocket_site;2818.00;10.05;1411.00;5.82;0
19;synthetic_refinery;2812.00;10.53;1389.00;0.49;0
20;air_base;2884.00;10.23;1428.00;6.26;0
20;anti_air_building;2881.00;10.65;1433.00;4.61;0
20;anti_air_building;2881.00;11.03;1427.00;0.49;0
20;anti_air_building;2885.00;10.18;1433.00;5.22;0
20;arms_factory;2876.00;11.15;1430.00;2.98;0
20;arms_factory;2878.00;11.65;1427.00;0.92;0
20;arms_factory;2879.00;10.78;1437.00;0.92;0
20;arms_factory;2881.00;10.57;1434.00;5.15;0
20;arms_factory;2884.00;10.23;1428.00;1.02;0
20;arms_factory;2886.00;10.23;1431.00;4.54;0
20;bunker;2876.00;10.95;1436.00;4.10;0
20;bunker;2876.00;12.20;1423.00;3.15;0
20;bunker;2877.00;11.00;1440.00;1.09;0
20;bunker;2885.14;10.20;1430.44;0.48;0
20;bunker;2893.10;10.20;1434.63;6.16;0
20;fuel_silo;2894.00;10.43;1434.00;2.77;0
20;industrial_complex;2871.00;11.28;1435.00;2.04;0
20;industrial_complex;2874.00;10.88;1432.00;1.43;0
20;industrial_complex;2876.00;10.85;1434.00;5.65;0
20;industrial_complex;2876.00;10.90;1432.00;3.59;0
20;industrial_complex;2876.00;10.90;1441.00;1.53;0
20;industrial_complex;2879.00;11.78;1424.00;4.70;0
20;nuclear_reactor;2877.00;11.07;1431.00;1.60;0
20;radar_station;2882.00;10.50;1432.00;3.21;0
20;rocket_site;2878.00;10.98;1436.00;5.22;0
20;synthetic_refinery;2877.00;11.28;1429.00;5.82;0
21;air_base;2897.00;10.73;1396.00;3.59;0
21;anti_air_building;2885.00;9.82;1393.00;2.71;0
21;anti_air_building;2886.00;9.80;1396.00;1.16;0
21;anti_air_building;2903.00;11.03;1396.00;4.78;0
21;arms_factory;2873.00;9.88;1397.00;2.48;0
21;arms_factory;2883.00;9.82;1399.00;0.41;0
21;arms_factory;2889.00;10.13;1395.00;4.03;0
21;arms_factory;2891.00;10.03;1390.00;3.42;0
21;arms_factory;2903.00;9.82;1385.00;3.08;0
21;arms_factory;2904.00;10.65;1391.00;4.64;0
21;bunker;2870.29;10.30;1400.27;1.09;0
21;bunker;2874.33;9.70;1392.69;6.16;0
21;bunker;2882.99;9.90;1390.50;3.15;0
21;bunker;2884.00;9.82;1401.00;3.66;0
21;bunker;2896.00;9.80;1386.00;4.61;0
21;bunker;2896.36;11.20;1399.37;5.22;0
21;bunker;2900.00;9.55;1383.00;5.22;0
21;bunker;2901.17;10.80;1393.42;0.48;0
21;bunker;2908.81;11.50;1397.65;5.82;0
21;bunker;2908.93;12.50;1404.26;4.10;0
21;bunker;2909.89;9.70;1388.56;0.49;0
21;bunker;2913.46;10.30;1392.65;1.60;0
21;coastal_bunker;2874.00;9.50;1389.00;-0.28;0
21;coastal_bunker;2881.00;9.50;1389.00;0.00;0
21;coastal_bunker;2888.00;9.50;1389.00;-0.59;0
21;coastal_bunker;2903.00;9.57;1383.00;0.00;0
21;coastal_bunker;2910.00;9.50;1387.00;0.32;0
21;coastal_bunker;2914.00;9.57;1390.00;0.79;0
21;dockyard;2894.00;9.50;1384.00;-0.59;0
21;fuel_silo;2900.00;10.82;1395.00;0.61;0
21;industrial_complex;2874.00;9.90;1399.00;0.92;0
21;industrial_complex;2893.00;10.32;1392.00;2.98;0
21;industrial_complex;2895.00;10.90;1398.00;5.15;0
21;industrial_complex;2906.00;11.40;1396.00;1.02;0
21;industrial_complex;2908.00;12.07;1402.00;4.54;0
21;industrial_complex;2911.00;13.10;1406.00;0.92;0
21;naval_base;2870.00;9.50;1390.00;-0.28;5505
21;naval_base;2881.00;9.50;1388.00;0.00;5505
21;naval_base;2887.57;9.50;1386.21;-0.59;5505
21;naval_base;2898.34;9.50;1381.20;-0.40;8918
21;naval_base;2910.00;9.50;1385.00;0.32;8918
21;naval_base;2914.92;10.60;1389.07;0.79;8918
21;nuclear_reactor;2883.00;9.88;1391.00;2.62;0
21;radar_station;2892.00;10.43;1396.00;4.86;0
21;rocket_site;2895.00;11.35;1400.00;5.89;0
21;synthetic_refinery;2909.00;11.82;1400.00;0.55;0
22;air_base;2862.00;12.13;1402.00;3.59;0
22;anti_air_building;2848.00;11.07;1388.00;5.22;0
22;anti_air_building;2857.00;10.88;1391.00;1.60;0
22;anti_air_building;2864.00;12.57;1408.00;5.72;0
22;arms_factory;2852.00;11.28;1396.00;0.41;0
22;arms_factory;2855.00;10.63;1388.00;4.64;0
22;arms_factory;2857.00;11.50;1401.00;3.08;0
22;arms_factory;2859.00;11.53;1399.00;4.03;0
22;arms_factory;2866.00;9.98;1394.00;3.42;0
22;arms_factory;2866.00;10.50;1397.00;2.48;0
22;bunker;2835.00;10.23;1384.00;5.22;0
22;bunker;2848.00;11.50;1377.00;4.10;0
22;bunker;2849.00;10.65;1385.00;4.70;0
22;bunker;2852.00;11.70;1404.00;2.04;0
22;bunker;2856.00;10.93;1390.00;6.16;0
22;bunker;2856.00;11.23;1397.00;3.15;0
22;bunker;2860.00;12.00;1403.00;1.09;0
22;bunker;2864.00;12.65;1409.00;0.48;0
22;bunker;2865.00;9.98;1393.00;6.26;0
22;coastal_bunker;2855.00;9.50;1383.00;-4.51;0
22;coastal_bunker;2858.00;9.50;1385.00;0.79;0
22;coastal_bunker;2864.00;9.50;1387.00;0.20;0
22;dockyard;2870.00;9.50;1391.00;0.20;0
22;fuel_silo;2857.00;10.93;1393.00;1.82;0
22;industrial_complex;2853.00;11.32;1401.00;2.98;0
22;industrial_complex;2854.00;11.10;1397.00;0.92;0
22;industrial_complex;2855.00;11.63;1403.00;0.92;0
22;industrial_complex;2857.00;11.35;1398.00;5.15;0
22;industrial_complex;2857.00;11.50;1401.00;4.54;0
22;industrial_complex;2866.00;10.50;1397.00;1.02;0
22;naval_base;2853.00;9.85;1380.00;-4.51;5505
22;naval_base;2858.00;9.53;1386.00;0.79;5505
22;naval_base;2868.00;9.50;1390.00;0.20;5505
22;nuclear_reactor;2860.00;12.50;1411.00;4.17;0
22;radar_station;2852.00;11.13;1397.00;4.62;0
22;rocket_site;2854.00;10.00;1385.00;0.04;0
22;synthetic_refinery;2860.00;10.40;1392.00;2.10;0
23;air_base;2803.00;9.80;1457.00;0.41;0
23;anti_air_building;2795.00;10.23;1433.00;5.22;0
23;anti_air_building;2799.00;10.30;1431.00;4.61;0
23;anti_air_building;2801.00;9.85;1457.00;0.49;0
23;arms_factory;2783.00;9.60;1447.00;3.52;0
23;arms_factory;2783.00;9.65;1451.00;5.08;0
23;arms_factory;2783.00;9.70;1449.00;5.58;0
23;arms_factory;2787.00;9.70;1455.00;1.36;0
23;arms_factory;2797.00;10.23;1435.00;2.92;0
23;arms_factory;2803.00;10.15;1432.00;0.86;0
23;bunker;2777.13;9.70;1453.64;1.43;0
23;bunker;2788.37;9.70;1455.34;4.10;0
23;bunker;2790.38;9.90;1434.73;3.59;0
23;bunker;2797.80;10.20;1426.75;2.98;0
23;bunker;2799.18;10.30;1444.50;1.53;0
23;bunker;2801.91;10.20;1436.87;6.26;0
23;bunker;2806.76;9.80;1454.14;5.15;0
23;bunker;2806.80;10.20;1443.00;0.92;0
23;bunker;2807.92;9.80;1426.55;4.54;0
23;bunker;2812.89;9.80;1451.39;2.04;0
23;bunker;2816.03;10.00;1436.28;4.70;0
23;bunker;2819.66;9.80;1445.51;5.65;0
23;coastal_bunker;2778.00;9.50;1449.00;-0.79;0
23;coastal_bunker;2790.00;9.50;1437.00;-1.19;0
23;coastal_bunker;2794.00;9.50;1428.00;-1.37;0
23;dockyard;2781.00;9.50;1446.00;-0.79;0
23;fuel_silo;2786.00;9.70;1452.00;4.84;0
23;industrial_complex;2789.00;9.70;1450.00;4.64;0
23;industrial_complex;2790.00;9.70;1453.00;5.59;0
23;industrial_complex;2792.00;10.05;1441.00;3.42;0
23;industrial_complex;2793.00;10.20;1438.00;2.48;0
23;industrial_complex;2795.00;10.13;1443.00;4.03;0
23;industrial_complex;2800.00;10.30;1447.00;4.03;0
23;naval_base;2781.00;9.50;1446.00;-0.79;5108
23;naval_base;2789.11;9.50;1439.18;-1.19;5108
23;naval_base;2792.00;9.50;1430.00;-1.37;5108
23;nuclear_reactor;2807.00;10.10;1448.00;1.60;0
23;radar_station;2799.00;10.30;1440.00;3.21;0
23;rocket_site;2805.00;9.85;1454.00;5.22;0
23;synthetic_refinery;2807.00;9.80;1455.00;5.82;0
24;air_base;2852.00;10.30;1510.00;4.47;0
24;anti_air_building;2837.00;9.93;1516.00;2.48;0
24;anti_air_building;2858.00;10.40;1510.00;3.42;0
24;anti_air_building;2860.00;9.82;1515.00;4.64;0
24;arms_factory;2842.00;9.80;1502.00;4.91;0
24;arms_factory;2847.00;10.35;1506.00;1.90;0
24;arms_factory;2850.00;10.28;1502.00;0.69;0
24;arms_factory;2854.00;10.38;1506.00;2.85;0
24;arms_factory;2855.00;10.30;1513.00;1.29;0
24;arms_factory;2858.00;10.40;1507.00;3.96;0
24;bunker;2834.84;9.90;1517.80;3.87;0
24;bunker;2836.91;9.80;1506.32;1.36;0
24;bunker;2848.18;10.40;1502.14;5.08;0
24;bunker;2848.38;10.40;1514.33;5.58;0
24;bunker;2857.17;10.30;1512.23;2.92;0
24;bunker;2863.31;10.40;1506.37;3.52;0
24;bunker;2864.92;9.90;1514.67;0.86;0
24;coastal_bunker;2830.00;9.50;1522.00;-2.27;0
24;dockyard;2829.00;9.57;1519.00;-2.27;0
24;fuel_silo;2839.00;9.80;1505.00;1.22;0
24;industrial_complex;2835.00;9.90;1511.00;2.41;0
24;industrial_complex;2837.00;9.90;1512.00;3.36;0
24;industrial_complex;2845.00;10.05;1504.00;4.57;0
24;industrial_complex;2845.00;10.30;1514.00;0.35;0
24;industrial_complex;2849.00;10.40;1511.00;0.34;0
24;industrial_complex;2859.00;10.40;1510.00;0.25;0
24;naval_base;2829.00;9.57;1519.00;-2.27;12389
24;nuclear_reactor;2868.00;10.15;1513.00;0.92;0
24;radar_station;2850.00;10.40;1510.00;1.31;0
24;rocket_site;2859.00;10.15;1513.00;3.08;0
24;synthetic_refinery;2851.00;10.35;1506.00;4.03;0
25;air_base;2829.00;10.05;1443.00;2.71;0
25;anti_air_building;2825.00;9.90;1418.00;0.12;0
25;anti_air_building;2827.00;10.00;1438.00;2.78;0
25;anti_air_building;2833.00;10.03;1450.00;4.84;0
25;arms_factory;2809.00;10.00;1419.00;3.66;0
25;arms_factory;2821.00;10.00;1436.00;3.66;0
25;arms_factory;2824.00;10.00;1422.00;1.60;0
25;arms_factory;2830.00;10.10;1417.00;2.10;0
25;arms_factory;2832.00;10.03;1433.00;5.22;0
25;arms_factory;2841.00;10.07;1428.00;5.72;0
25;bunker;2809.00;9.90;1420.00;2.78;0
25;bunker;2816.00;9.95;1429.00;0.55;0
25;bunker;2819.00;10.15;1420.00;4.34;0
25;bunker;2824.00;9.88;1416.00;2.17;0
25;bunker;2826.00;10.03;1432.00;4.68;0
25;bunker;2829.00;9.90;1450.00;0.11;0
25;bunker;2829.00;10.05;1417.00;5.28;0
25;bunker;2833.00;10.10;1448.00;2.62;0
25;bunker;2834.00;10.03;1444.00;5.89;0
25;bunker;2834.00;10.07;1410.00;4.33;0
25;bunker;2835.00;9.90;1431.00;1.67;0
25;bunker;2836.00;10.00;1437.00;2.27;0
25;bunker;2841.00;10.00;1434.00;1.07;0
25;fuel_silo;2822.00;9.95;1419.00;5.34;0
25;industrial_complex;2826.00;9.95;1423.00;5.38;0
25;industrial_complex;2827.00;10.00;1442.00;0.04;0
25;industrial_complex;2828.00;9.82;1451.00;2.11;0
25;industrial_complex;2828.00;10.00;1419.00;4.78;0
25;industrial_complex;2834.00;10.10;1449.00;1.16;0
25;industrial_complex;2842.00;10.00;1434.00;4.17;0
25;nuclear_reactor;2824.00;9.80;1452.00;1.23;0
25;radar_station;2827.00;10.07;1432.00;3.17;0
25;rocket_site;2828.00;10.00;1425.00;4.85;0
25;synthetic_refinery;2835.00;10.05;1414.00;0.62;0
26;air_base;2848.00;11.53;1420.00;3.66;0
26;anti_air_building;2846.00;10.73;1422.00;5.28;0
26;anti_air_building;2848.00;10.78;1430.00;1.67;0
26;anti_air_building;2856.00;10.57;1443.00;4.33;0
26;arms_factory;2849.00;11.78;1418.00;3.15;0
26;arms_factory;2851.00;12.25;1429.00;1.09;0
26;arms_factory;2852.00;12.63;1425.00;6.16;0
26;arms_factory;2858.00;12.40;1418.00;5.22;0
26;arms_factory;2859.00;10.38;1446.00;4.61;0
26;arms_factory;2867.00;12.25;1433.00;0.49;0
26;bunker;2842.00;10.30;1415.00;1.16;0
26;bunker;2845.00;10.20;1447.00;4.46;0
26;bunker;2846.00;10.28;1431.00;5.89;0
26;bunker;2850.00;10.38;1440.00;2.11;0
26;bunker;2850.00;12.15;1427.00;0.04;0
26;bunker;2852.00;12.23;1414.00;2.71;0
26;bunker;2853.00;12.78;1429.00;4.68;0
26;bunker;2859.00;11.20;1432.00;4.78;0
26;bunker;2860.00;10.63;1440.00;5.38;0
26;bunker;2864.00;12.00;1422.00;4.17;0
26;bunker;2865.00;11.63;1436.00;0.55;0
26;bunker;2868.00;12.45;1430.00;2.62;0
26;fuel_silo;2852.00;12.73;1424.00;0.26;0
26;industrial_complex;2843.00;10.32;1413.00;5.22;0
26;industrial_complex;2849.00;11.88;1419.00;1.60;0
26;industrial_complex;2857.00;11.82;1429.00;2.10;0
26;industrial_complex;2859.00;11.20;1432.00;5.72;0
26;industrial_complex;2861.00;12.40;1420.00;5.82;0
26;industrial_complex;2866.00;11.90;1435.00;3.66;0
26;nuclear_reactor;2866.00;12.20;1422.00;2.78;0
26;radar_station;2857.00;11.65;1431.00;4.40;0
26;rocket_site;2855.00;10.48;1444.00;0.11;0
26;synthetic_refinery;2857.00;12.25;1423.00;1.07;0
27;air_base;2890.00;10.10;1445.00;0.18;0
27;anti_air_building;2901.00;10.23;1466.00;4.47;0
27;anti_air_building;2902.00;10.20;1469.00;0.85;0
27;anti_air_building;2907.00;10.10;1457.00;3.87;0
27;arms_factory;2874.00;10.43;1446.00;2.78;0
27;arms_factory;2884.00;10.50;1464.00;0.62;0
27;arms_factory;2891.00;10.00;1464.00;5.95;0
27;arms_factory;2891.00;10.10;1441.00;4.84;0
27;arms_factory;2900.00;10.15;1448.00;1.83;0
27;arms_factory;2904.00;10.57;1463.00;1.23;0
27;bunker;2871.00;10.35;1455.00;1.39;0
27;bunker;2872.00;10.20;1449.00;1.90;0
27;bunker;2876.00;10.93;1444.00;2.85;0
27;bunker;2882.00;10.30;1458.00;4.91;0
27;bunker;2887.00;10.00;1459.00;4.57;0
27;bunker;2891.00;10.00;1459.00;0.35;0
27;bunker;2891.00;10.10;1442.00;4.91;0
27;bunker;2891.00;10.10;1453.00;3.36;0
27;bunker;2892.00;10.10;1440.00;1.29;0
27;bunker;2894.00;10.05;1469.00;0.25;0
27;bunker;2897.00;10.10;1447.00;0.69;0
27;bunker;2897.00;10.10;1465.00;0.79;0
27;bunker;2898.00;10.10;1457.00;3.96;0
27;bunker;2902.00;10.25;1473.00;2.41;0
27;bunker;2907.00;11.57;1467.00;0.34;0
27;bunker;2908.00;10.23;1461.00;4.40;0
27;fuel_silo;2907.00;10.50;1462.00;2.92;0
27;industrial_complex;2884.00;10.13;1441.00;5.96;0
27;industrial_complex;2898.00;10.10;1458.00;2.68;0
27;industrial_complex;2899.00;10.10;1459.00;1.73;0
27;industrial_complex;2904.00;10.10;1460.00;3.90;0
27;industrial_complex;2910.00;12.20;1466.00;4.40;0
27;industrial_complex;2910.00;12.35;1467.00;2.34;0
27;nuclear_reactor;2890.00;10.10;1443.00;3.52;0
27;radar_station;2889.00;10.00;1456.00;5.88;0
27;rocket_site;2907.00;10.85;1463.00;0.86;0
27;synthetic_refinery;2900.00;10.03;1470.00;5.08;0
28;air_base;2907.04;10.80;1500.33;2.78;0
28;anti_air_building;2897.00;10.70;1503.00;1.39;0
28;anti_air_building;2919.00;13.75;1469.00;4.40;0
28;anti_air_building;2925.38;11.00;1488.64;0.18;0
28;arms_factory;2902.06;10.70;1501.37;3.83;0
28;arms_factory;2917.77;14.30;1466.05;4.33;0
28;arms_factory;2918.00;12.60;1472.00;1.67;0
28;arms_factory;2921.00;12.20;1495.00;3.73;0
28;arms_factory;2922.59;10.90;1479.56;0.71;0
28;arms_factory;2925.06;11.20;1491.25;3.73;0
28;bunker;2899.67;10.70;1499.33;2.73;0
28;bunker;2904.33;10.50;1496.26;-3.28;0
28;bunker;2913.55;11.00;1493.66;2.68;0
28;bunker;2914.50;13.20;1467.26;2.66;0
28;bunker;2917.14;15.50;1480.48;3.90;0
28;bunker;2918.99;13.60;1488.18;1.83;0
28;bunker;2920.36;12.70;1471.86;2.34;0
28;bunker;2924.00;11.20;1486.00;5.95;0
28;bunker;2924.31;11.70;1494.77;2.60;0
28;fuel_silo;2924.15;10.50;1481.41;4.91;0
28;industrial_complex;2901.65;10.50;1496.00;1.21;0
28;industrial_complex;2914.39;11.10;1498.62;1.23;0
28;industrial_complex;2914.71;14.40;1470.14;5.44;0
28;industrial_complex;2895.40;10.60;1501.46;2.78;0
28;industrial_complex;2919.84;14.60;1467.50;4.84;0
28;industrial_complex;2927.91;10.90;1490.63;2.17;0
28;nuclear_reactor;2917.00;13.90;1485.00;0.69;0
28;radar_station;2919.68;13.60;1490.75;0.58;0
28;rocket_site;2901.37;10.70;1503.69;2.85;0
28;synthetic_refinery;2916.90;11.50;1496.24;0.79;0
29;air_base;2844.00;9.68;1538.00;1.81;0
29;anti_air_building;2843.00;9.70;1537.00;2.92;0
29;anti_air_building;2845.00;9.68;1536.00;4.48;0
29;anti_air_building;2845.00;9.70;1534.00;0.86;0
29;arms_factory;2840.00;9.68;1537.00;0.79;0
29;arms_factory;2841.00;9.68;1535.00;4.91;0
29;arms_factory;2843.00;9.75;1534.00;1.29;0
29;arms_factory;2844.00;9.70;1537.00;5.52;0
29;arms_factory;2844.00;9.73;1534.00;5.01;0
29;arms_factory;2847.00;9.80;1531.00;2.85;0
29;bunker;2842.00;9.68;1535.00;0.85;0
29;coastal_bunker;2843.00;9.50;1539.00;-2.90;0
29;dockyard;2843.00;9.50;1539.00;-2.90;0
29;fuel_silo;2846.00;9.75;1532.00;2.33;0
29;industrial_complex;2842.00;9.70;1537.00;5.52;0
29;industrial_complex;2844.00;9.70;1535.00;6.03;0
29;industrial_complex;2845.00;9.68;1536.00;3.36;0
29;industrial_complex;2845.00;9.73;1533.00;2.41;0
29;industrial_complex;2845.00;9.78;1532.00;5.42;0
29;industrial_complex;2847.00;9.80;1531.00;3.96;0
29;naval_base;2843.00;9.60;1538.00;-2.90;8621
29;nuclear_reactor;2844.00;9.70;1536.00;5.59;0
29;radar_station;2844.00;9.70;1535.00;0.50;0
29;rocket_site;2841.00;9.70;1537.00;2.92;0
29;synthetic_refinery;2842.00;9.73;1534.00;3.52;0
30;air_base;2812.00;10.03;1474.00;2.04;0
30;anti_air_building;2803.00;9.75;1475.00;5.72;0
30;anti_air_building;2804.00;10.32;1465.00;1.60;0
30;anti_air_building;2814.00;9.80;1469.00;5.22;0
30;arms_factory;2789.00;10.05;1473.00;0.41;0
30;arms_factory;2801.00;10.23;1466.00;1.02;0
30;arms_factory;2802.00;10.05;1473.00;3.08;0
30;arms_factory;2802.00;10.78;1484.00;5.15;0
30;arms_factory;2807.00;9.93;1474.00;2.98;0
30;arms_factory;2823.00;10.35;1469.00;0.92;0
30;bunker;2790.51;9.70;1462.73;0.48;0
30;bunker;2792.64;10.10;1469.18;6.16;0
30;bunker;2797.75;10.40;1474.86;4.10;0
30;bunker;2798.53;11.20;1483.11;0.49;0
30;bunker;2799.04;9.90;1462.11;6.26;0
30;bunker;2807.23;10.30;1464.92;1.09;0
30;bunker;2808.26;10.00;1479.80;3.15;0
30;bunker;2816.68;10.40;1476.51;4.70;0
30;bunker;2818.91;10.40;1470.12;4.61;0
30;bunker;2820.12;9.80;1463.72;5.82;0
30;bunker;2823.00;10.40;1473.00;3.66;0
30;bunker;2823.12;9.80;1459.35;5.22;0
30;fuel_silo;2817.00;10.30;1478.00;0.17;0
30;industrial_complex;2797.00;10.48;1481.00;1.43;0
30;industrial_complex;2807.00;9.73;1477.00;5.65;0
30;industrial_complex;2812.00;10.30;1478.00;0.92;0
30;industrial_complex;2816.00;9.88;1471.00;3.59;0
30;industrial_complex;2817.00;9.80;1459.00;1.53;0
30;industrial_complex;2820.00;9.80;1458.00;4.54;0
30;nuclear_reactor;2818.00;9.80;1466.00;4.17;0
30;radar_station;2807.00;10.18;1470.00;4.62;0
30;rocket_site;2812.00;9.70;1466.00;0.04;0
30;synthetic_refinery;2796.00;10.53;1480.00;2.10;0
31;air_base;2850.00;11.30;1409.00;3.66;0
31;anti_air_building;2824.00;9.98;1393.00;4.78;0
31;anti_air_building;2831.00;10.15;1405.00;2.71;0
31;anti_air_building;2833.00;10.00;1401.00;1.16;0
31;arms_factory;2828.00;10.00;1407.00;0.48;0
31;arms_factory;2828.00;10.20;1398.00;4.10;0
31;arms_factory;2829.00;10.00;1390.00;3.15;0
31;arms_factory;2835.00;10.00;1389.00;2.04;0
31;arms_factory;2837.00;10.00;1399.00;6.26;0
31;arms_factory;2842.00;10.63;1405.00;4.70;0
31;bunker;2822.00;10.05;1403.00;0.04;0
31;bunker;2824.00;10.03;1391.00;4.17;0
31;bunker;2828.00;10.00;1407.00;2.11;0
31;bunker;2831.00;9.90;1391.00;5.22;0
31;bunker;2834.00;10.00;1401.00;5.72;0
31;bunker;2837.00;10.07;1390.00;1.60;0
31;bunker;2843.00;10.35;1397.00;3.66;0
31;bunker;2845.00;10.90;1407.00;2.10;0
31;bunker;2849.00;11.20;1408.00;5.38;0
31;fuel_silo;2824.00;10.00;1408.00;1.73;0
31;industrial_complex;2822.00;9.95;1400.00;5.82;0
31;industrial_complex;2827.00;10.00;1406.00;0.49;0
31;industrial_complex;2831.00;10.13;1401.00;4.61;0
31;industrial_complex;2838.00;10.10;1390.00;5.22;0
31;industrial_complex;2845.00;11.03;1404.00;6.16;0
31;industrial_complex;2849.00;11.35;1411.00;1.09;0
31;nuclear_reactor;2832.00;10.05;1400.00;2.62;0
31;radar_station;2836.00;10.10;1400.00;4.86;0
31;rocket_site;2823.00;9.98;1392.00;5.89;0
31;synthetic_refinery;2841.00;10.32;1400.00;0.55;0
32;air_base;2870.00;12.20;1410.00;0.55;0
32;anti_air_building;2870.00;11.80;1408.00;1.07;0
32;anti_air_building;2880.00;10.18;1408.00;1.67;0
32;anti_air_building;2884.00;9.93;1406.00;4.33;0
32;arms_factory;2868.00;12.68;1410.00;0.04;0
32;arms_factory;2875.00;10.80;1410.00;3.66;0
32;arms_factory;2878.00;10.93;1413.00;2.10;0
32;arms_factory;2882.00;10.30;1418.00;1.60;0
32;arms_factory;2883.00;10.05;1420.00;5.22;0
32;arms_factory;2884.00;9.85;1413.00;5.72;0
32;bunker;2875.00;10.65;1409.00;4.68;0
32;bunker;2881.00;10.43;1415.00;5.28;0
32;bunker;2884.00;9.95;1408.00;2.62;0
32;bunker;2886.00;9.75;1414.00;5.89;0
32;fuel_silo;2879.00;10.30;1409.00;4.39;0
32;industrial_complex;2870.00;12.48;1412.00;4.78;0
32;industrial_complex;2875.00;10.55;1408.00;2.71;0
32;industrial_complex;2878.00;11.73;1419.00;2.11;0
32;industrial_complex;2883.00;9.93;1412.00;1.16;0
32;industrial_complex;2884.00;9.80;1415.00;5.38;0
32;industrial_complex;2887.00;9.70;1416.00;4.17;0
32;nuclear_reactor;2879.00;11.03;1415.00;4.34;0
32;radar_station;2878.00;10.93;1413.00;5.87;0
32;rocket_site;2878.00;11.45;1416.00;2.78;0
32;synthetic_refinery;2874.00;10.57;1407.00;2.27;0
33;air_base;2857.00;10.00;1457.00;4.34;0
33;anti_air_building;2832.00;9.80;1457.00;5.01;0
33;anti_air_building;2847.00;9.95;1455.00;4.91;0
33;anti_air_building;2849.00;10.40;1466.00;0.79;0
33;arms_factory;2838.00;10.40;1466.00;0.55;0
33;arms_factory;2838.00;10.40;1466.00;2.62;0
33;arms_factory;2854.00;10.00;1470.00;4.68;0
33;arms_factory;2859.00;10.03;1458.00;5.89;0
33;arms_factory;2862.00;9.95;1476.00;5.28;0
33;arms_factory;2863.00;10.10;1458.00;2.71;0
33;bunker;2826.94;10.40;1464.51;5.35;0
33;bunker;2827.16;10.00;1490.19;1.83;0
33;bunker;2831.74;9.90;1482.41;0.28;0
33;bunker;2835.53;9.90;1458.54;1.13;0
33;bunker;2837.13;10.40;1471.39;1.74;0
33;bunker;2839.04;9.90;1477.36;4.84;0
33;bunker;2841.97;10.20;1456.75;4.85;0
33;bunker;2845.45;10.60;1467.73;0.12;0
33;bunker;2848.67;9.80;1474.55;4.40;0
33;bunker;2849.84;9.90;1458.71;0.62;0
33;bunker;2856.27;10.10;1452.70;0.18;0
33;bunker;2856.45;10.10;1471.63;2.34;0
33;bunker;2858.68;10.20;1461.18;1.23;0
33;bunker;2859.66;9.90;1479.24;2.78;0
33;bunker;2863.94;10.10;1466.88;2.17;0
33;bunker;2873.00;10.23;1471.00;2.78;0
33;fuel_silo;2843.00;10.43;1469.00;0.78;0
33;industrial_complex;2834.00;10.40;1466.00;4.33;0
33;industrial_complex;2855.00;10.00;1458.00;1.67;0
33;industrial_complex;2857.00;9.98;1476.00;1.07;0
33;industrial_complex;2862.00;10.07;1457.00;2.27;0
33;industrial_complex;2864.00;10.00;1475.00;2.78;0
33;industrial_complex;2865.00;10.18;1465.00;0.11;0
33;nuclear_reactor;2841.00;10.13;1474.00;4.91;0
33;radar_station;2846.00;10.48;1469.00;0.01;0
33;rocket_site;2828.00;9.80;1457.00;0.79;0
33;synthetic_refinery;2831.00;10.40;1475.00;2.85;0
34;air_base;2875.18;9.80;1529.63;1.09;0
34;anti_air_building;2868.00;9.75;1529.00;5.22;0
34;anti_air_building;2869.00;9.80;1527.00;3.66;0
34;anti_air_building;2879.00;10.40;1524.00;1.60;0
34;arms_factory;2869.00;9.78;1529.00;1.53;0
34;arms_factory;2870.00;9.80;1527.00;1.43;0
34;arms_factory;2872.00;9.90;1526.00;0.92;0
34;arms_factory;2876.00;10.75;1518.00;2.04;0
34;arms_factory;2877.00;10.53;1522.00;3.59;0
34;arms_factory;2880.00;10.53;1524.00;5.65;0
34;bunker;2868.00;9.88;1525.00;4.61;0
34;bunker;2877.00;10.80;1519.00;5.22;0
34;bunker;2879.00;10.03;1529.00;0.49;0
34;fuel_silo;2876.00;10.80;1520.00;2.10;0
34;industrial_complex;2865.00;9.80;1526.00;6.26;0
34;industrial_complex;2869.00;9.80;1528.00;3.15;0
34;industrial_complex;2872.00;10.15;1524.00;6.16;0
34;industrial_complex;2875.00;10.30;1523.00;0.48;0
34;industrial_complex;2877.00;10.73;1521.00;4.10;0
34;industrial_complex;2877.00;10.80;1520.00;4.70;0
34;nuclear_reactor;2880.00;10.28;1531.00;4.17;0
34;radar_station;2871.00;9.98;1525.00;4.62;0
34;rocket_site;2876.00;10.70;1521.00;0.04;0
34;synthetic_refinery;2875.00;10.70;1518.00;5.72;0
35;air_base;2894.00;9.70;1553.00;0.92;0
35;bunker;2865.68;9.70;1548.25;6.26;0
35;bunker;2882.59;9.70;1548.69;2.04;0
35;bunker;2891.77;9.70;1547.45;5.65;0
35;dockyard;2866.00;9.50;1553.00;-1.57;0
35;fuel_silo;2866.00;9.60;1548.00;5.00;0
35;naval_base;2867.00;9.50;1547.00;-1.57;8621
35;nuclear_reactor;2876.00;9.60;1551.00;3.66;0
35;radar_station;2881.00;9.70;1551.00;5.08;0
35;synthetic_refinery;2874.00;9.68;1549.00;0.49;0
36;air_base;2898.00;9.65;1583.00;3.08;0
36;anti_air_building;2897.00;9.60;1581.00;4.70;0
36;anti_air_building;2903.00;9.63;1578.00;4.10;0
36;anti_air_building;2907.00;9.70;1577.00;6.26;0
36;arms_factory;2898.00;9.60;1580.00;0.86;0
36;arms_factory;2899.00;9.63;1583.00;2.92;0
36;arms_factory;2900.00;9.60;1581.00;1.36;0
36;arms_factory;2910.00;9.70;1581.00;3.52;0
36;arms_factory;2911.00;9.70;1579.00;5.58;0
36;arms_factory;2915.00;9.70;1580.00;4.03;0
36;bunker;2893.00;9.70;1581.00;2.98;0
36;bunker;2900.29;9.60;1580.71;4.54;0
36;bunker;2913.16;9.70;1575.26;0.92;0
36;bunker;2915.43;9.70;1582.23;3.59;0
36;coastal_bunker;2898.00;9.53;1587.00;-3.14;0
36;coastal_bunker;2909.00;9.55;1588.00;-3.14;0
36;dockyard;2893.00;9.50;1585.00;-2.94;0
36;fuel_silo;2912.00;9.70;1578.00;2.84;0
36;industrial_complex;2895.00;9.68;1581.00;4.03;0
36;industrial_complex;2903.00;9.60;1582.00;5.59;0
36;industrial_complex;2905.00;9.70;1583.00;3.42;0
36;industrial_complex;2907.00;9.70;1584.00;2.48;0
36;industrial_complex;2908.00;9.70;1579.00;4.64;0
36;industrial_complex;2916.00;9.70;1577.00;0.41;0
36;naval_base;2893.00;9.60;1584.00;-2.94;2752
36;naval_base;2905.00;9.55;1587.00;-3.14;2752
36;nuclear_reactor;2907.00;9.70;1580.00;1.09;0
36;radar_station;2904.00;9.70;1580.00;3.67;0
36;rocket_site;2904.00;9.68;1584.00;6.16;0
36;synthetic_refinery;2915.00;9.70;1582.00;0.48;0
37;air_base;2990.00;9.70;1633.00;1.29;0
37;arms_factory;2987.00;9.70;1629.00;5.95;0
37;arms_factory;2991.00;9.70;1632.00;1.73;0
37;arms_factory;2991.00;9.70;1634.00;2.33;0
37;arms_factory;2992.00;9.70;1626.00;4.40;0
37;arms_factory;2993.00;9.60;1624.00;3.89;0
37;arms_factory;2994.00;9.70;1630.00;0.78;0
37;bunker;2985.00;9.70;1634.00;4.46;0
37;bunker;2990.00;9.70;1629.00;0.25;0
37;bunker;2992.00;9.55;1617.00;6.03;0
37;bunker;2998.00;9.60;1637.00;2.41;0
37;coastal_bunker;2980.12;9.50;1634.17;-1.06;0
37;coastal_bunker;2983.34;9.60;1619.27;-3.65;0
37;coastal_bunker;2996.62;9.70;1627.42;0.46;0
37;coastal_bunker;3001.85;9.50;1640.46;-4.54;0
37;dockyard;2982.53;9.70;1627.91;-0.65;0
37;industrial_complex;2985.00;9.70;1629.00;2.34;0
37;industrial_complex;2987.00;9.70;1631.00;0.18;0
37;industrial_complex;2988.00;9.55;1628.00;3.45;0
37;industrial_complex;2992.00;9.70;1635.00;2.24;0
37;industrial_complex;2994.00;9.70;1629.00;5.50;0
37;industrial_complex;2995.00;9.70;1634.00;2.84;0
37;naval_base;2983.03;9.50;1638.47;-2.56;2408
37;naval_base;2984.74;9.70;1615.58;-0.05;2408
37;naval_base;2995.87;9.50;1646.68;-2.84;2431
37;naval_base;2997.21;9.70;1630.80;-4.04;2382
37;radar_station;2993.84;9.70;1632.62;2.58;0
37;rocket_site;2980.76;9.70;1618.37;4.54;0
38;bunker;3030.00;12.07;1780.00;1.29;0
38;bunker;3043.00;12.30;1854.00;4.91;0
39;air_base;2973.00;16.68;1449.00;2.36;0
39;anti_air_building;2970.00;16.02;1451.00;6.13;0
39;anti_air_building;2972.00;16.30;1448.00;1.41;0
39;anti_air_building;2995.00;15.13;1454.00;2.00;0
39;arms_factory;2971.00;16.27;1450.00;1.84;0
39;arms_factory;2982.00;13.23;1447.00;5.46;0
39;arms_factory;2983.00;12.48;1451.00;0.74;0
39;arms_factory;2984.00;14.07;1444.00;3.40;0
39;arms_factory;2986.00;12.88;1452.00;3.90;0
39;arms_factory;2991.00;14.78;1451.00;6.06;0
39;bunker;2975.00;15.63;1447.00;1.40;0
39;bunker;2986.00;14.03;1446.00;0.80;0
39;bunker;2993.00;13.88;1447.00;5.02;0
39;bunker;2993.00;14.73;1449.00;2.96;0
39;fuel_silo;2985.00;14.28;1444.00;0.45;0
39;industrial_complex;2970.00;16.02;1451.00;2.45;0
39;industrial_complex;2983.00;12.68;1449.00;2.35;0
39;industrial_complex;2985.00;14.28;1444.00;5.62;0
39;industrial_complex;2988.00;14.50;1444.00;2.95;0
39;industrial_complex;2989.00;13.85;1453.00;4.51;0
39;industrial_complex;2989.00;14.23;1450.00;0.29;0
39;nuclear_reactor;2983.00;13.13;1447.00;2.52;0
39;radar_station;2984.00;12.63;1449.00;2.42;0
39;rocket_site;2994.00;14.00;1447.00;1.31;0
39;synthetic_refinery;2987.00;14.38;1445.00;5.53;0
40;air_base;4101.00;9.90;1592.00;0.28;0
40;anti_air_building;4068.00;10.00;1557.00;4.91;0
40;anti_air_building;4094.00;9.93;1572.00;1.29;0
40;anti_air_building;4117.00;12.15;1547.00;5.42;0
40;arms_factory;4080.00;10.05;1577.00;2.78;0
40;arms_factory;4089.00;9.90;1585.00;4.84;0
40;arms_factory;4103.00;10.75;1555.00;0.12;0
40;arms_factory;4136.00;10.23;1559.00;4.34;0
40;arms_factory;4136.00;10.23;1580.00;2.17;0
40;arms_factory;4139.00;10.50;1605.00;0.11;0
40;bunker;4041.00;10.45;1576.00;4.91;0
40;bunker;4062.00;9.80;1564.00;2.85;0
40;bunker;4063.00;9.80;1571.00;0.79;0
40;bunker;4071.00;9.90;1596.00;4.40;0
40;bunker;4081.00;10.00;1542.00;3.29;0
40;bunker;4096.00;9.95;1565.00;2.34;0
40;bunker;4098.00;11.23;1547.00;1.74;0
40;bunker;4119.00;10.25;1591.00;0.79;0
40;bunker;4125.00;10.60;1561.00;1.13;0
40;bunker;4133.00;10.10;1586.00;5.01;0
40;bunker;4145.00;10.28;1597.00;0.18;0
40;bunker;4150.00;10.30;1581.00;5.52;0
40;fuel_silo;4082.00;10.00;1545.00;3.36;0
40;industrial_complex;4060.00;10.00;1544.00;2.78;0
40;industrial_complex;4074.00;10.25;1599.00;5.35;0
40;industrial_complex;4088.00;10.35;1557.00;0.62;0
40;industrial_complex;4101.00;11.07;1548.00;4.85;0
40;industrial_complex;4106.00;9.93;1569.00;1.23;0
40;industrial_complex;4115.00;10.32;1599.00;1.83;0
40;nuclear_reactor;4134.00;10.00;1567.00;3.96;0
40;radar_station;4094.00;9.90;1573.00;5.84;0
40;rocket_site;4130.00;10.28;1606.00;2.41;0
40;synthetic_refinery;4046.00;9.95;1586.00;5.52;0
41;air_base;2744.13;11.30;1324.33;0.52;0
41;bunker;2723.83;13.20;1331.44;5.22;0
41;bunker;2726.49;11.50;1323.73;5.42;0
41;bunker;2728.09;12.10;1315.33;5.82;0
41;bunker;2729.73;13.20;1333.67;3.66;0
41;bunker;2735.28;11.50;1325.51;0.48;0
41;bunker;2738.49;12.90;1334.74;5.22;0
41;bunker;2741.13;11.80;1317.57;6.16;0
41;bunker;2742.60;11.20;1323.33;3.66;0
41;bunker;2744.48;13.20;1338.79;4.61;0
41;bunker;2751.04;11.50;1333.21;4.17;0
41;bunker;2751.41;11.80;1320.64;0.04;0
41;fuel_silo;2741.00;11.80;1328.00;5.41;0
41;nuclear_reactor;2724.00;14.48;1331.00;5.89;0
41;radar_station;2743.00;11.85;1329.00;0.55;0
41;rocket_site;2726.00;13.45;1335.00;4.68;0
42;air_base;2934.00;10.55;1503.00;5.61;0
42;anti_air_building;2919.00;10.90;1508.00;3.96;0
42;anti_air_building;2923.00;10.88;1510.00;5.16;0
42;anti_air_building;2928.00;11.28;1499.00;3.00;0
42;arms_factory;2919.00;10.90;1508.00;5.45;0
42;arms_factory;2921.00;11.32;1503.00;0.87;0
42;arms_factory;2922.00;10.63;1512.00;5.10;0
42;arms_factory;2922.00;10.85;1510.00;0.37;0
42;arms_factory;2928.00;10.78;1514.00;3.89;0
42;arms_factory;2928.00;11.20;1508.00;4.49;0
42;bunker;2909.00;10.70;1508.15;1.39;0
42;bunker;2913.92;10.80;1503.49;6.12;0
42;bunker;2922.65;11.10;1516.27;4.56;0
42;bunker;2923.97;11.20;1507.56;3.45;0
42;bunker;2926.36;11.60;1500.83;4.66;0
42;bunker;2932.88;11.00;1501.25;0.44;0
42;bunker;2933.66;10.70;1513.47;4.05;0
42;fuel_silo;2918.00;10.85;1511.00;5.51;0
42;industrial_complex;2921.00;11.10;1506.00;0.88;0
42;industrial_complex;2923.00;10.65;1512.00;1.38;0
42;industrial_complex;2925.00;11.63;1502.00;4.05;0
42;industrial_complex;2928.00;11.20;1508.00;0.78;0
42;industrial_complex;2932.00;10.73;1514.00;5.00;0
42;industrial_complex;2936.00;10.30;1507.00;2.94;0
42;nuclear_reactor;2936.00;10.30;1507.00;1.45;0
42;radar_station;2923.00;10.95;1509.00;1.55;0
42;rocket_site;2908.00;10.65;1509.00;3.61;0
42;synthetic_refinery;2921.00;11.32;1503.00;4.57;0
43;bunker;3104.00;9.80;1449.00;4.63;0
43;bunker;3106.00;9.80;1443.00;5.14;0
43;bunker;3108.00;9.80;1468.00;2.10;0
43;bunker;3112.00;9.80;1456.00;5.72;0
43;bunker;3113.00;9.80;1465.00;5.82;0
43;bunker;3115.00;9.78;1449.00;2.47;0
43;bunker;3125.00;9.93;1471.00;1.60;0
43;bunker;3128.00;9.70;1473.00;5.22;0
43;rocket_site;3128.00;9.70;1473.00;4.78;0
43;synthetic_refinery;3117.00;9.90;1471.00;5.38;0
44;air_base;3123.00;12.30;1344.00;0.49;0
44;bunker;3112.37;10.20;1330.56;4.17;0
44;bunker;3112.67;9.70;1338.25;5.72;0
44;bunker;3113.19;9.70;1345.68;1.60;0
44;bunker;3119.73;12.30;1333.48;0.25;0
44;bunker;3122.00;12.13;1341.00;5.38;0
44;bunker;3124.38;13.20;1359.60;0.04;0
44;coastal_bunker;3108.00;9.50;1336.00;-2.47;0
44;coastal_bunker;3109.00;9.53;1338.00;-1.95;0
44;coastal_bunker;3110.00;9.50;1344.00;-1.57;0
44;dockyard;3108.00;9.50;1335.00;-2.36;0
44;fuel_silo;3118.00;11.05;1338.00;6.01;0
44;naval_base;3110.00;9.50;1334.00;-0.79;5864
44;naval_base;3110.00;9.50;1342.00;-1.57;5838
44;naval_base;3111.00;9.50;1353.00;-0.79;5838
44;radar_station;3122.00;12.70;1356.00;1.67;0
44;rocket_site;3124.00;13.40;1352.00;4.33;0
44;synthetic_refinery;3123.00;13.82;1360.00;5.28;0
45;air_base;3097.00;9.75;1429.00;0.11;0
45;anti_air_building;3103.00;9.80;1432.00;4.34;0
45;anti_air_building;3114.00;9.70;1437.00;2.78;0
45;anti_air_building;3115.00;11.03;1426.00;2.17;0
45;arms_factory;3100.00;9.80;1429.00;2.71;0
45;arms_factory;3107.00;9.85;1432.00;4.68;0
45;arms_factory;3115.00;10.00;1432.00;1.16;0
45;arms_factory;3115.00;10.55;1423.00;4.78;0
45;arms_factory;3117.00;9.80;1437.00;0.55;0
45;arms_factory;3118.00;11.18;1426.00;5.89;0
45;bunker;3097.00;9.80;1431.00;0.35;0
45;bunker;3101.00;9.78;1433.00;0.04;0
45;bunker;3111.00;10.45;1427.00;5.38;0
45;bunker;3113.00;10.03;1433.00;3.66;0
45;bunker;3115.00;10.55;1423.00;1.60;0
45;fuel_silo;3115.00;9.85;1433.00;2.40;0
45;industrial_complex;3106.00;9.85;1427.00;1.67;0
45;industrial_complex;3109.00;10.07;1432.00;5.28;0
45;industrial_complex;3111.00;9.85;1436.00;4.33;0
45;industrial_complex;3111.00;10.10;1423.00;1.07;0
45;industrial_complex;3112.00;10.25;1432.00;2.27;0
45;industrial_complex;3113.00;9.78;1436.00;2.62;0
45;nuclear_reactor;3117.00;11.15;1426.00;5.89;0
45;radar_station;3095.00;9.80;1430.00;4.84;0
45;rocket_site;3105.00;9.80;1432.00;0.12;0
45;synthetic_refinery;3114.00;10.53;1430.00;2.71;0
46;air_base;3216.00;9.82;1423.00;5.22;0
46;anti_air_building;3187.00;11.95;1414.00;1.67;0
46;anti_air_building;3194.00;12.53;1421.00;2.62;0
46;anti_air_building;3206.00;9.75;1418.00;5.28;0
46;arms_factory;3188.00;13.20;1418.00;6.26;0
46;arms_factory;3195.00;11.23;1417.00;3.15;0
46;arms_factory;3197.00;10.35;1410.00;4.10;0
46;arms_factory;3199.00;9.70;1400.00;4.70;0
46;arms_factory;3221.00;9.68;1408.00;6.16;0
46;arms_factory;3230.00;9.70;1419.00;0.48;0
46;bunker;3189.00;13.13;1418.00;2.71;0
46;bunker;3191.00;13.03;1426.00;0.55;0
46;bunker;3195.00;9.75;1397.00;5.89;0
46;bunker;3196.00;9.80;1405.00;0.04;0
46;bunker;3199.00;10.80;1419.00;4.17;0
46;bunker;3215.00;9.78;1400.00;2.11;0
46;bunker;3216.00;9.68;1413.00;2.10;0
46;bunker;3217.00;9.70;1407.00;3.66;0
46;bunker;3218.00;10.25;1425.00;4.68;0
46;bunker;3223.00;9.60;1404.00;5.72;0
46;bunker;3229.00;9.70;1411.00;5.38;0
46;bunker;3231.00;9.70;1421.00;1.60;0
46;bunker;3234.00;9.70;1410.00;4.78;0
46;bunker;3237.00;9.70;1416.00;1.16;0
46;fuel_silo;3228.00;9.70;1412.00;3.96;0
46;industrial_complex;3189.00;10.30;1407.00;4.61;0
46;industrial_complex;3193.00;9.78;1404.00;5.82;0
46;industrial_complex;3205.00;9.80;1395.00;0.49;0
46;industrial_complex;3211.00;9.80;1413.00;3.66;0
46;industrial_complex;3217.00;9.70;1406.00;1.09;0
46;industrial_complex;3234.00;9.70;1408.00;5.22;0
46;nuclear_reactor;3200.00;9.73;1397.00;0.11;0
46;radar_station;3228.00;9.68;1408.00;1.07;0
46;rocket_site;3235.00;9.73;1417.00;2.27;0
46;synthetic_refinery;3199.00;9.88;1406.00;4.33;0
47;air_base;3162.90;11.00;1295.48;4.47;0
47;anti_air_building;3144.44;11.80;1297.17;1.53;0
47;anti_air_building;3144.46;11.90;1305.28;5.65;0
47;anti_air_building;3166.65;10.70;1291.38;1.43;0
47;arms_factory;3139.22;11.40;1296.78;2.85;0
47;arms_factory;3153.32;13.00;1301.89;4.91;0
47;arms_factory;3155.04;12.90;1296.41;1.90;0
47;arms_factory;3168.28;9.60;1287.06;1.29;0
47;arms_factory;3173.89;10.60;1290.99;0.69;0
47;arms_factory;3178.75;10.00;1283.30;3.96;0
47;bunker;3136.00;10.88;1297.00;2.48;0
47;bunker;3142.00;9.53;1294.00;0.41;0
47;bunker;3142.00;11.63;1306.00;4.03;0
47;bunker;3155.00;12.45;1298.00;3.42;0
47;bunker;3162.00;10.57;1299.00;5.59;0
47;bunker;3166.00;10.25;1293.00;1.36;0
47;bunker;3170.00;10.98;1302.00;4.64;0
47;bunker;3173.00;10.60;1291.00;4.03;0
47;coastal_bunker;3135.07;11.30;1295.74;-1.06;0
47;coastal_bunker;3141.32;9.90;1293.14;-0.59;0
47;coastal_bunker;3152.09;12.30;1293.12;-0.17;0
47;coastal_bunker;3163.00;9.80;1300.00;-4.25;0
47;coastal_bunker;3167.51;9.60;1285.23;0.00;0
47;coastal_bunker;3180.93;9.60;1284.44;1.76;0
47;coastal_bunker;3189.00;9.53;1286.00;0.64;0
47;dockyard;3171.37;10.00;1284.90;-0.34;0
47;fuel_silo;3136.00;10.88;1297.00;1.80;0
47;industrial_complex;3150.91;12.80;1303.47;2.41;0
47;industrial_complex;3151.93;13.20;1297.67;4.57;0
47;industrial_complex;3169.93;10.60;1290.39;3.36;0
47;industrial_complex;3173.95;10.80;1287.73;0.34;0
47;industrial_complex;3176.84;11.80;1295.51;0.25;0
47;industrial_complex;3178.11;10.60;1287.16;0.35;0
47;naval_base;3133.27;10.40;1299.05;-0.66;5913
47;naval_base;3141.18;10.20;1293.54;-0.59;5913
47;naval_base;3154.00;9.50;1293.00;-0.17;5913
47;naval_base;3164.14;9.50;1287.29;-2.31;5913
47;naval_base;3169.00;10.28;1297.00;-3.95;7452
47;naval_base;3176.04;10.50;1284.32;-0.44;6801
47;naval_base;3180.06;11.60;1297.90;-2.11;7452
47;nuclear_reactor;3158.03;11.90;1298.44;4.10;0
47;radar_station;3145.19;11.20;1296.94;0.02;0
47;rocket_site;3169.03;11.40;1302.30;6.26;0
47;synthetic_refinery;3171.29;10.60;1288.39;2.04;0
48;air_base;3167.00;12.28;1369.00;3.65;0
48;anti_air_building;3157.00;12.20;1374.00;4.06;0
48;anti_air_building;3158.00;12.28;1372.00;5.27;0
48;anti_air_building;3169.00;12.55;1371.00;2.00;0
48;arms_factory;3156.00;12.38;1373.00;3.99;0
48;arms_factory;3164.00;11.85;1372.00;5.20;0
48;arms_factory;3164.00;11.98;1374.00;4.59;0
48;arms_factory;3167.00;12.23;1370.00;3.04;0
48;arms_factory;3167.00;12.40;1373.00;6.15;0
48;arms_factory;3168.00;12.55;1374.00;6.06;0
48;bunker;3161.00;12.00;1371.00;0.53;0
48;bunker;3166.00;12.40;1365.00;6.22;0
48;bunker;3170.00;12.85;1366.00;4.15;0
48;bunker;3172.00;12.95;1372.00;1.49;0
48;bunker;3177.00;12.38;1376.00;3.56;0
48;fuel_silo;3164.00;11.98;1374.00;1.05;0
48;industrial_complex;3158.00;12.48;1371.00;3.04;0
48;industrial_complex;3159.00;12.45;1376.00;3.55;0
48;industrial_complex;3160.00;11.93;1373.00;5.10;0
48;industrial_complex;3160.00;12.20;1375.00;0.98;0
48;industrial_complex;3168.00;12.43;1372.00;0.38;0
48;industrial_complex;3173.00;12.98;1374.00;5.71;0
48;nuclear_reactor;3164.00;11.85;1372.00;1.65;0
48;radar_station;3169.00;12.55;1372.00;1.09;0
48;rocket_site;3168.00;12.48;1368.00;0.45;0
48;synthetic_refinery;3157.00;12.68;1370.00;4.66;0
49;bunker;3293.00;12.03;1319.00;5.35;0
49;bunker;3294.00;12.48;1315.00;0.18;0
49;bunker;3296.00;12.28;1324.00;5.52;0
49;bunker;3305.00;11.60;1315.00;4.40;0
49;bunker;3314.00;12.03;1324.00;3.29;0
49;bunker;3317.00;10.78;1309.00;4.91;0
49;bunker;3317.00;12.23;1331.00;1.74;0
49;bunker;3323.00;11.20;1319.00;1.13;0
49;synthetic_refinery;3288.00;12.38;1319.00;3.96;0
50;air_base;2944.00;13.20;1486.00;2.11;0
50;anti_air_building;2956.00;10.78;1503.00;0.62;0
50;anti_air_building;2957.00;11.20;1497.00;1.83;0
50;anti_air_building;2960.00;11.88;1484.00;5.95;0
50;arms_factory;2941.00;13.00;1482.00;4.33;0
50;arms_factory;2942.00;12.50;1479.00;0.71;0
50;arms_factory;2955.00;10.98;1477.00;1.67;0
50;arms_factory;2958.00;10.03;1469.00;3.73;0
50;arms_factory;2958.00;11.30;1497.00;3.83;0
50;arms_factory;2959.00;11.65;1495.00;0.11;0
50;bunker;2940.08;12.90;1486.23;2.71;0
50;bunker;2943.52;12.90;1478.68;1.29;0
50;bunker;2951.29;12.80;1485.55;0.11;0
50;bunker;2951.44;11.50;1492.57;2.17;0
50;bunker;2958.00;11.00;1479.00;0.55;0
50;bunker;2959.48;11.40;1471.99;1.31;0
50;bunker;2959.81;11.10;1502.40;2.62;0
50;bunker;2960.28;12.50;1486.80;1.16;0
50;bunker;2963.90;12.00;1495.49;5.28;0
50;fuel_silo;2956.00;12.80;1486.00;2.40;0
50;industrial_complex;2944.00;11.82;1490.00;2.17;0
50;industrial_complex;2947.00;11.28;1491.00;4.84;0
50;industrial_complex;2950.51;12.50;1479.53;2.78;0
50;industrial_complex;2954.00;10.78;1502.00;2.78;0
50;industrial_complex;2954.00;11.20;1495.00;5.44;0
50;industrial_complex;2966.60;11.60;1488.39;2.40;0
50;nuclear_reactor;2941.00;12.30;1479.00;3.90;0
50;radar_station;2954.00;12.90;1487.00;3.68;0
50;rocket_site;2956.00;11.15;1476.00;5.35;0
50;synthetic_refinery;2946.00;11.70;1489.00;4.85;0
51;air_base;2921.00;9.93;1540.00;0.79;0
51;anti_air_building;2916.00;9.73;1540.00;3.96;0
51;anti_air_building;2920.00;9.85;1538.00;1.29;0
51;anti_air_building;2920.00;9.85;1540.00;4.91;0
51;arms_factory;2911.00;9.70;1545.00;1.83;0
51;arms_factory;2915.00;9.73;1549.00;0.62;0
51;arms_factory;2915.00;9.78;1538.00;1.73;0
51;arms_factory;2919.00;10.45;1530.00;3.90;0
51;arms_factory;2922.00;10.60;1529.00;5.95;0
51;arms_factory;2926.00;10.55;1534.00;2.68;0
51;bunker;2905.00;10.10;1555.00;0.18;0
51;bunker;2912.61;9.70;1544.23;0.69;0
51;bunker;2916.23;9.80;1536.55;2.85;0
51;bunker;2922.73;10.60;1528.14;1.90;0
51;bunker;2923.51;10.00;1537.16;4.91;0
51;fuel_silo;2921.00;10.15;1532.00;5.07;0
51;industrial_complex;2911.00;9.70;1548.00;5.96;0
51;industrial_complex;2915.00;9.70;1543.00;2.34;0
51;industrial_complex;2915.00;9.75;1548.00;0.18;0
51;industrial_complex;2923.00;10.63;1527.00;4.40;0
51;industrial_complex;2924.00;10.10;1536.00;4.40;0
51;industrial_complex;2924.00;10.48;1532.00;1.39;0
51;nuclear_reactor;2923.00;10.60;1529.00;2.41;0
51;radar_station;2915.00;9.70;1541.00;4.17;0
51;rocket_site;2908.82;9.90;1551.50;4.57;0
51;synthetic_refinery;2917.25;9.80;1543.74;0.34;0
52;air_base;2998.00;13.35;1475.00;0.55;0
52;anti_air_building;2966.00;13.90;1467.00;2.78;0
52;anti_air_building;2968.00;14.13;1469.00;0.12;0
52;anti_air_building;2968.00;14.13;1469.00;4.84;0
52;arms_factory;2977.00;13.28;1470.00;0.04;0
52;arms_factory;2978.00;11.70;1480.00;5.22;0
52;arms_factory;2979.00;11.70;1479.00;1.60;0
52;arms_factory;2979.00;11.70;1479.00;5.72;0
52;arms_factory;2979.00;12.90;1471.00;2.10;0
52;arms_factory;2979.00;12.90;1471.00;3.66;0
52;bunker;2966.89;12.10;1475.75;1.67;0
52;bunker;2969.40;13.20;1469.32;2.27;0
52;bunker;2973.95;10.90;1494.72;5.89;0
52;bunker;2974.45;11.30;1486.41;4.68;0
52;bunker;2978.89;11.90;1473.67;2.62;0
52;bunker;2980.07;13.10;1466.62;4.33;0
52;bunker;2982.49;10.70;1486.54;1.07;0
52;bunker;2985.21;11.20;1477.25;0.11;0
52;bunker;2991.05;12.90;1471.68;2.78;0
52;bunker;2994.35;11.10;1483.67;5.28;0
52;bunker;3002.19;12.30;1477.40;2.17;0
52;bunker;3003.97;12.90;1472.30;4.34;0
52;fuel_silo;2972.00;13.15;1469.00;1.45;0
52;industrial_complex;2972.00;11.30;1490.00;2.11;0
52;industrial_complex;2978.00;11.30;1491.00;4.17;0
52;industrial_complex;2982.00;10.90;1485.00;4.78;0
52;industrial_complex;2982.00;11.07;1490.00;5.38;0
52;industrial_complex;2986.00;11.07;1484.00;1.16;0
52;industrial_complex;2986.00;11.07;1484.00;2.71;0
52;nuclear_reactor;2990.00;12.88;1475.00;1.23;0
52;radar_station;2969.00;12.00;1479.00;1.83;0
52;rocket_site;2971.00;12.30;1478.00;4.85;0
52;synthetic_refinery;2969.00;12.00;1479.00;0.62;0
53;air_base;2994.00;11.38;1513.00;5.89;0
53;anti_air_building;2990.00;11.18;1498.00;4.84;0
53;anti_air_building;2999.00;11.38;1490.00;2.78;0
53;anti_air_building;3002.00;11.30;1493.00;0.12;0
53;arms_factory;2987.00;10.88;1502.00;4.71;0
53;arms_factory;2991.00;11.18;1496.00;6.26;0
53;arms_factory;2997.00;11.73;1510.00;5.66;0
53;arms_factory;3004.00;11.03;1496.00;4.10;0
53;arms_factory;3009.00;11.00;1485.00;2.05;0
53;arms_factory;3009.00;11.38;1491.00;3.60;0
53;bunker;2988.31;11.00;1497.48;0.11;0
53;bunker;2992.00;11.13;1509.00;2.62;0
53;bunker;2993.35;12.80;1515.53;6.12;0
53;bunker;2995.74;11.20;1492.36;2.27;0
53;bunker;2998.76;11.60;1507.56;2.78;0
53;bunker;3000.16;10.80;1498.44;0.49;0
53;bunker;3001.31;11.20;1486.17;1.67;0
53;bunker;3008.29;12.70;1500.45;4.64;0
53;bunker;3010.00;11.23;1487.00;3.02;0
53;bunker;3013.58;10.90;1491.42;4.11;0
53;fuel_silo;2986.00;10.73;1498.00;4.47;0
53;industrial_complex;2990.00;11.50;1512.00;2.11;0
53;industrial_complex;2998.00;11.78;1505.00;4.78;0
53;industrial_complex;3002.00;11.15;1500.00;1.16;0
53;industrial_complex;3002.00;11.32;1494.00;4.68;0
53;industrial_complex;3005.00;12.32;1501.00;2.71;0
53;industrial_complex;3009.00;11.30;1489.00;0.55;0
53;nuclear_reactor;2993.00;11.18;1499.00;1.23;0
53;radar_station;3004.00;11.43;1491.00;2.48;0
53;rocket_site;3014.00;11.05;1491.00;4.85;0
53;synthetic_refinery;2998.00;11.75;1509.00;0.62;0
54;air_base;2979.00;10.75;1498.00;5.28;0
54;anti_air_building;2951.00;10.18;1518.00;1.60;0
54;anti_air_building;2964.00;10.60;1507.00;3.66;0
54;anti_air_building;2980.00;11.12;1509.00;0.04;0
54;arms_factory;2954.00;10.30;1518.00;4.78;0
54;arms_factory;2962.00;10.25;1523.00;5.38;0
54;arms_factory;2963.00;10.82;1528.00;3.66;0
54;arms_factory;2964.00;10.25;1523.00;2.11;0
54;arms_factory;2965.00;10.20;1515.00;4.17;0
54;arms_factory;2974.00;11.80;1518.00;0.04;0
54;bunker;2951.94;10.30;1516.72;2.27;0
54;bunker;2959.38;10.30;1521.74;1.07;0
54;bunker;2960.16;10.40;1509.39;2.17;0
54;bunker;2969.53;10.70;1503.39;2.78;0
54;bunker;2969.58;10.40;1514.60;0.62;0
54;bunker;2972.94;11.50;1521.69;1.67;0
54;bunker;2978.76;10.70;1500.35;2.78;0
54;bunker;2978.86;11.20;1508.30;4.34;0
54;bunker;2982.07;11.80;1515.44;4.33;0
54;bunker;2986.00;13.40;1521.00;0.99;0
54;bunker;2989.00;13.57;1522.00;0.12;0
54;fuel_silo;2993.00;13.07;1521.00;0.85;0
54;industrial_complex;2951.00;10.88;1514.00;4.68;0
54;industrial_complex;2960.00;10.25;1516.00;2.71;0
54;industrial_complex;2963.00;10.53;1509.00;5.89;0
54;industrial_complex;2974.00;10.88;1511.00;1.16;0
54;industrial_complex;2980.00;12.28;1521.00;0.55;0
54;industrial_complex;2991.00;13.88;1524.00;2.62;0
54;nuclear_reactor;2972.00;10.80;1502.00;1.13;0
54;radar_station;2977.00;12.00;1521.00;0.28;0
54;rocket_site;2987.00;12.98;1519.00;3.29;0
54;synthetic_refinery;2982.00;10.73;1498.00;5.35;0
55;air_base;2957.00;10.32;1537.00;4.33;0
55;anti_air_building;2937.00;10.88;1528.00;3.29;0
55;anti_air_building;2943.00;10.48;1516.00;5.35;0
55;anti_air_building;2944.00;10.93;1509.00;0.28;0
55;arms_factory;2933.00;10.80;1528.00;1.16;0
55;arms_factory;2939.00;10.48;1515.00;4.17;0
55;arms_factory;2940.00;10.40;1519.00;4.78;0
55;arms_factory;2944.00;10.78;1536.00;5.38;0
55;arms_factory;2950.00;10.80;1532.00;2.11;0
55;arms_factory;2961.00;10.43;1543.00;2.71;0
55;bunker;2927.00;11.10;1521.00;2.78;0
55;bunker;2931.39;10.70;1527.76;4.84;0
55;bunker;2933.26;11.10;1536.23;0.12;0
55;bunker;2939.00;10.55;1522.00;2.27;0
55;bunker;2939.88;10.60;1513.01;2.78;0
55;bunker;2940.00;10.80;1532.00;0.62;0
55;bunker;2946.00;11.03;1512.00;1.83;0
55;bunker;2946.48;10.70;1541.71;2.17;0
55;bunker;2948.00;10.03;1527.00;4.85;0
55;bunker;2950.40;10.80;1534.36;1.07;0
55;bunker;2953.25;10.40;1547.34;4.34;0
55;bunker;2956.00;10.53;1533.00;1.23;0
55;bunker;2959.96;10.40;1541.63;0.11;0
55;fuel_silo;2941.00;10.73;1530.00;3.51;0
55;industrial_complex;2929.00;10.75;1534.00;0.55;0
55;industrial_complex;2939.00;10.85;1530.00;5.28;0
55;industrial_complex;2943.00;10.48;1518.00;5.89;0
55;industrial_complex;2946.00;10.45;1521.00;1.67;0
55;industrial_complex;2948.00;11.60;1511.00;2.62;0
55;industrial_complex;2950.00;10.65;1547.00;4.68;0
55;nuclear_reactor;2936.00;10.88;1527.00;1.74;0
55;radar_station;2951.00;10.70;1531.00;2.34;0
55;rocket_site;2952.00;11.10;1534.00;0.18;0
55;synthetic_refinery;2943.00;10.45;1520.00;1.13;0
56;air_base;2931.00;9.70;1587.00;4.03;0
56;anti_air_building;2921.00;10.15;1572.00;6.16;0
56;anti_air_building;2930.00;9.70;1573.00;3.15;0
56;anti_air_building;2931.00;9.70;1586.00;1.09;0
56;arms_factory;2931.00;9.70;1579.00;1.16;0
56;arms_factory;2934.00;9.70;1573.00;0.04;0
56;arms_factory;2934.00;9.70;1586.00;6.23;0
56;arms_factory;2935.00;9.70;1573.00;4.17;0
56;arms_factory;2937.00;9.70;1587.00;3.21;0
56;arms_factory;2937.00;9.70;1587.00;5.37;0
56;bunker;2917.60;10.20;1568.82;2.04;0
56;bunker;2920.37;9.70;1576.40;1.43;0
56;bunker;2921.00;9.70;1584.00;1.02;0
56;bunker;2925.67;9.70;1589.76;1.53;0
56;bunker;2931.76;10.40;1563.62;0.92;0
56;bunker;2934.59;9.60;1584.74;4.54;0
56;bunker;2938.82;10.30;1579.66;2.98;0
56;bunker;2945.00;9.70;1572.00;5.65;0
56;bunker;2947.00;9.70;1574.00;4.33;0
56;coastal_bunker;2920.00;9.53;1593.00;-2.16;0
56;coastal_bunker;2928.00;9.55;1594.00;-3.34;0
56;coastal_bunker;2936.00;9.50;1591.00;-3.61;0
56;dockyard;2919.00;9.50;1593.00;-2.16;0
56;fuel_silo;2946.00;9.75;1575.00;1.35;0
56;industrial_complex;2926.00;9.70;1590.00;3.73;0
56;industrial_complex;2926.00;9.70;1590.00;5.88;0
56;industrial_complex;2927.00;9.70;1576.00;3.83;0
56;industrial_complex;2927.00;9.70;1591.00;3.22;0
56;industrial_complex;2928.00;9.75;1572.00;5.28;0
56;industrial_complex;2930.00;9.73;1570.00;0.55;0
56;naval_base;2916.00;9.50;1588.00;-2.16;2752
56;naval_base;2928.00;9.55;1594.00;-3.34;2729
56;naval_base;2935.00;9.60;1587.00;-3.61;2729
56;nuclear_reactor;2931.00;10.35;1565.00;5.82;0
56;radar_station;2930.00;9.70;1583.00;2.49;0
56;rocket_site;2918.74;9.70;1589.33;4.61;0
56;synthetic_refinery;2920.00;10.30;1568.00;3.73;0
57;air_base;2928.00;9.85;1556.00;2.78;0
57;anti_air_building;2925.00;9.75;1555.00;0.28;0
57;anti_air_building;2931.00;10.23;1549.00;1.13;0
57;anti_air_building;2936.00;9.93;1558.00;3.29;0
57;arms_factory;2924.00;9.80;1557.00;5.89;0
57;arms_factory;2925.00;10.32;1543.00;2.71;0
57;arms_factory;2926.00;10.05;1549.00;1.16;0
57;arms_factory;2929.00;10.88;1539.00;4.68;0
57;arms_factory;2938.00;10.55;1549.00;0.55;0
57;arms_factory;2941.00;10.80;1548.00;2.62;0
57;bunker;2918.00;10.13;1559.00;4.85;0
57;bunker;2922.00;9.78;1552.00;0.62;0
57;bunker;2925.00;10.00;1549.00;1.83;0
57;bunker;2925.00;10.05;1564.00;1.16;0
57;bunker;2929.00;10.50;1545.00;5.35;0
57;bunker;2930.00;9.90;1558.00;2.78;0
57;bunker;2937.00;9.80;1557.00;0.12;0
57;bunker;2938.00;11.07;1542.00;1.23;0
57;bunker;2942.00;9.88;1560.00;4.84;0
57;bunker;2942.00;10.95;1547.00;4.34;0
57;bunker;2949.00;10.32;1555.00;2.17;0
57;fuel_silo;2931.00;9.80;1555.00;1.46;0
57;industrial_complex;2926.00;9.85;1551.00;5.28;0
57;industrial_complex;2932.00;10.55;1542.00;1.07;0
57;industrial_complex;2933.00;9.93;1557.00;2.27;0
57;industrial_complex;2941.00;10.10;1561.00;4.33;0
57;industrial_complex;2941.00;10.57;1550.00;0.11;0
57;industrial_complex;2941.00;11.30;1541.00;1.67;0
57;nuclear_reactor;2929.00;9.93;1557.00;4.40;0
57;radar_station;2943.00;10.75;1549.00;0.18;0
57;rocket_site;2912.06;10.00;1555.22;1.74;0
57;synthetic_refinery;2930.00;10.53;1543.00;2.34;0
58;air_base;2961.87;9.80;1600.46;0.50;0
58;anti_air_building;2946.61;9.70;1607.30;1.47;0
58;anti_air_building;2952.00;9.65;1611.00;1.65;0
58;anti_air_building;2955.00;9.65;1608.00;4.32;0
58;arms_factory;2944.00;9.60;1608.00;2.53;0
58;arms_factory;2949.00;9.70;1604.00;4.56;0
58;arms_factory;2949.00;9.70;1604.00;4.56;0
58;arms_factory;2950.00;9.65;1609.00;3.14;0
58;arms_factory;2952.00;9.65;1611.00;5.20;0
58;arms_factory;2955.00;9.65;1608.00;1.58;0
58;bunker;2948.49;9.70;1605.29;1.14;0
58;bunker;2953.53;9.70;1599.65;0.79;0
58;bunker;2957.70;9.70;1603.73;1.13;0
58;bunker;2958.95;9.70;1612.67;4.76;0
58;bunker;2963.67;9.70;1605.79;1.74;0
58;bunker;2969.46;9.70;1591.31;0.18;0
58;bunker;2971.10;9.70;1602.56;5.35;0
58;coastal_bunker;2944.00;9.50;1606.00;-1.37;0
58;coastal_bunker;2957.00;9.50;1592.00;-1.57;0
58;coastal_bunker;2959.00;9.60;1616.00;-4.12;0
58;coastal_bunker;2968.00;9.68;1609.00;-4.07;0
58;coastal_bunker;2973.00;9.55;1607.00;-4.12;0
58;dockyard;2955.00;9.68;1616.00;-4.12;0
58;fuel_silo;2949.00;9.70;1604.00;4.56;0
58;industrial_complex;2949.00;9.70;1604.00;4.56;0
58;industrial_complex;2949.00;9.70;1604.00;4.56;0
58;industrial_complex;2955.00;9.68;1609.00;1.58;0
58;industrial_complex;2955.00;9.70;1611.00;2.19;0
58;industrial_complex;2957.00;9.70;1611.00;3.65;0
58;industrial_complex;2959.00;9.70;1612.00;4.25;0
58;naval_base;2948.00;9.50;1599.00;-1.37;2729
58;naval_base;2957.00;9.50;1592.00;-1.57;2729
58;naval_base;2961.00;9.53;1617.00;-4.12;2408
58;naval_base;2969.00;9.60;1609.00;-3.93;2408
58;naval_base;2975.00;9.68;1599.00;-4.12;2408
58;nuclear_reactor;2949.00;9.70;1604.00;4.56;0
58;radar_station;2950.00;9.68;1611.00;5.65;0
58;rocket_site;2951.55;9.50;1598.48;1.81;0
58;synthetic_refinery;2950.00;9.65;1609.00;5.88;0
59;air_base;2964.00;9.75;1584.00;0.12;0
59;anti_air_building;2944.00;10.20;1584.00;3.02;0
59;anti_air_building;2965.00;9.70;1587.00;1.81;0
59;anti_air_building;2971.00;12.15;1554.00;0.85;0
59;arms_factory;2951.00;10.18;1569.00;5.61;0
59;arms_factory;2953.00;9.90;1583.00;4.05;0
59;arms_factory;2953.00;10.38;1569.00;1.39;0
59;arms_factory;2955.00;9.88;1583.00;4.66;0
59;arms_factory;2957.00;9.73;1587.00;4.05;0
59;arms_factory;2965.00;9.70;1586.00;3.45;0
59;bunker;2942.52;9.70;1593.43;1.29;0
59;bunker;2944.27;10.30;1585.78;5.35;0
59;bunker;2949.98;10.00;1567.67;5.01;0
59;bunker;2950.98;10.00;1587.27;0.79;0
59;bunker;2952.95;9.70;1578.35;1.74;0
59;bunker;2958.25;10.40;1568.69;3.29;0
59;bunker;2958.47;10.60;1561.49;0.28;0
59;bunker;2959.46;9.70;1586.24;5.42;0
59;bunker;2960.73;10.90;1551.63;4.91;0
59;bunker;2961.92;9.70;1577.77;0.18;0
59;bunker;2966.87;10.60;1566.88;1.23;0
59;bunker;2967.99;9.70;1583.80;0.79;0
59;bunker;2968.74;11.80;1554.58;2.85;0
59;bunker;2970.74;10.40;1573.78;5.52;0
59;bunker;2974.57;10.30;1580.56;4.40;0
59;bunker;2975.93;10.50;1566.40;4.91;0
59;coastal_bunker;2940.00;9.65;1590.00;-2.55;0
59;coastal_bunker;2942.00;9.68;1596.00;-2.68;0
59;coastal_bunker;2950.00;9.68;1590.00;-3.39;0
59;coastal_bunker;2956.00;9.65;1589.00;-2.25;0
59;dockyard;2944.00;9.55;1596.00;-2.68;0
59;fuel_silo;2971.00;10.40;1578.00;1.96;0
59;industrial_complex;2944.00;10.20;1584.00;2.27;0
59;industrial_complex;2954.00;9.70;1577.00;2.17;0
59;industrial_complex;2956.00;9.95;1586.00;2.78;0
59;industrial_complex;2958.00;9.65;1586.00;4.34;0
59;industrial_complex;2971.00;12.15;1554.00;0.11;0
59;industrial_complex;2974.00;10.43;1570.00;4.84;0
59;naval_base;2939.00;9.63;1590.00;-2.55;2729
59;naval_base;2946.00;9.53;1596.00;-2.68;2729
59;naval_base;2955.00;9.68;1589.00;-3.39;2729
59;naval_base;2956.00;9.65;1589.00;-2.25;2729
59;nuclear_reactor;2972.00;10.75;1566.00;4.48;0
59;radar_station;2947.00;9.70;1581.00;5.08;0
59;rocket_site;2946.03;9.70;1592.46;2.92;0
59;synthetic_refinery;2976.00;10.50;1564.00;3.87;0
60;air_base;2988.00;11.05;1539.00;0.62;0
60;anti_air_building;2970.00;10.43;1546.00;5.96;0
60;anti_air_building;2986.00;13.18;1530.00;0.18;0
60;anti_air_building;2994.00;12.82;1530.00;2.34;0
60;arms_factory;2965.00;11.03;1533.00;1.23;0
60;arms_factory;2965.00;11.05;1531.00;5.44;0
60;arms_factory;2976.00;11.73;1536.00;0.11;0
60;arms_factory;2979.00;12.80;1535.00;2.78;0
60;arms_factory;2982.00;10.12;1542.00;4.84;0
60;arms_factory;2993.00;12.35;1532.00;2.17;0
60;bunker;2966.88;11.00;1547.27;5.35;0
60;bunker;2968.89;10.50;1540.21;2.34;0
60;bunker;2969.00;10.62;1530.00;1.73;0
60;bunker;2972.48;11.00;1533.81;4.85;0
60;bunker;2978.04;11.00;1539.38;0.18;0
60;bunker;2989.26;11.90;1531.74;1.23;0
60;bunker;2998.00;11.60;1536.00;4.40;0
60;fuel_silo;2993.00;12.55;1531.00;4.40;0
60;industrial_complex;2974.00;10.10;1544.00;0.62;0
60;industrial_complex;2975.00;11.82;1527.00;1.83;0
60;industrial_complex;2980.00;12.95;1528.00;3.90;0
60;industrial_complex;2991.00;13.15;1527.00;2.68;0
60;industrial_complex;2992.00;11.93;1534.00;2.78;0
60;industrial_complex;2992.00;12.98;1528.00;5.95;0
60;nuclear_reactor;2978.00;12.45;1536.00;5.52;0
60;radar_station;2976.00;10.30;1541.00;5.01;0
60;rocket_site;2990.00;11.70;1535.00;0.79;0
60;synthetic_refinery;2973.00;10.43;1547.00;1.39;0
61;air_base;2993.00;9.70;1592.00;4.85;0
61;anti_air_building;2976.00;9.70;1588.00;0.79;0
61;anti_air_building;2996.00;9.68;1602.00;2.85;0
61;anti_air_building;3015.00;9.80;1588.00;5.52;0
61;arms_factory;2978.00;9.70;1591.00;4.33;0
61;arms_factory;2981.00;9.70;1595.00;2.78;0
61;arms_factory;2983.00;9.70;1586.00;0.11;0
61;arms_factory;2993.00;9.70;1598.00;2.27;0
61;arms_factory;3001.00;9.70;1588.00;4.34;0
61;arms_factory;3006.00;9.70;1594.00;1.07;0
61;bunker;2978.65;9.70;1587.31;4.40;0
61;bunker;2979.22;9.70;1596.24;2.34;0
61;bunker;2987.00;9.70;1593.00;1.74;0
61;bunker;2993.00;9.70;1602.00;3.29;0
61;bunker;3001.99;9.70;1589.49;0.18;0
61;bunker;3002.94;9.70;1596.87;1.13;0
61;bunker;3012.48;9.80;1586.70;0.28;0
61;coastal_bunker;2980.00;9.60;1600.00;-3.39;0
61;coastal_bunker;2987.00;9.57;1601.00;-1.89;0
61;dockyard;2980.00;9.60;1600.00;-3.39;0
61;fuel_silo;3002.00;9.70;1588.00;6.18;0
61;industrial_complex;2976.00;9.70;1590.00;4.84;0
61;industrial_complex;2978.00;9.70;1591.00;1.83;0
61;industrial_complex;2980.00;9.70;1596.00;0.12;0
61;industrial_complex;2991.00;9.68;1599.00;2.17;0
61;industrial_complex;2996.00;9.70;1589.00;2.78;0
61;industrial_complex;3001.00;9.70;1601.00;0.62;0
61;naval_base;2984.00;9.55;1599.00;-3.39;2408
61;naval_base;2996.89;9.50;1605.35;-3.14;2358
61;nuclear_reactor;2988.00;9.65;1597.00;5.52;0
61;radar_station;3000.00;9.70;1598.00;1.29;0
61;rocket_site;2990.42;9.70;1602.39;5.42;0
61;synthetic_refinery;3003.00;9.70;1592.00;4.91;0
62;air_base;3029.00;10.10;1591.00;0.79;0
62;anti_air_building;3007.00;9.70;1607.00;0.69;0
62;anti_air_building;3012.00;9.70;1595.00;1.90;0
62;anti_air_building;3014.00;9.62;1611.00;2.85;0
62;arms_factory;3013.00;9.70;1596.00;1.83;0
62;arms_factory;3015.00;9.70;1597.00;0.62;0
62;arms_factory;3018.00;9.70;1599.00;5.95;0
62;arms_factory;3019.00;9.85;1602.00;3.90;0
62;arms_factory;3027.00;10.30;1586.00;2.68;0
62;arms_factory;3029.00;10.20;1590.00;1.73;0
62;bunker;3008.00;9.70;1607.00;5.01;0
62;bunker;3015.36;9.70;1599.90;4.91;0
62;bunker;3025.00;10.23;1591.00;4.91;0
62;bunker;3030.38;10.20;1589.61;4.40;0
62;coastal_bunker;3017.00;9.60;1602.00;-3.93;0
62;coastal_bunker;3018.00;9.50;1612.00;-3.93;0
62;coastal_bunker;3025.11;9.50;1594.88;-4.12;0
62;coastal_bunker;3027.00;9.63;1593.00;-3.34;0
62;dockyard;3019.33;9.60;1608.84;-4.39;0
62;fuel_silo;3025.65;10.30;1586.72;4.02;0
62;industrial_complex;3008.00;9.70;1607.00;2.34;0
62;industrial_complex;3012.00;9.70;1596.00;0.18;0
62;industrial_complex;3013.00;9.70;1604.00;4.40;0
62;industrial_complex;3015.00;9.60;1611.00;5.96;0
62;industrial_complex;3017.00;9.70;1599.00;1.39;0
62;industrial_complex;3019.00;9.70;1598.00;4.40;0
62;naval_base;3001.00;9.50;1607.00;-3.93;2358
62;naval_base;3019.00;9.50;1604.00;-4.39;2358
62;naval_base;3022.00;9.65;1596.00;-4.12;2358
62;naval_base;3027.00;9.98;1592.00;-3.34;2358
62;nuclear_reactor;3012.00;9.70;1596.00;4.77;0
62;radar_station;3006.00;9.70;1604.00;5.72;0
62;rocket_site;3025.34;9.60;1601.52;0.65;0
62;synthetic_refinery;3028.11;10.30;1584.21;1.60;0
63;air_base;3059.00;9.80;1588.00;3.29;0
63;anti_air_building;3060.00;9.80;1592.00;2.41;0
63;anti_air_building;3066.00;9.68;1612.00;6.03;0
63;anti_air_building;3069.00;9.85;1608.00;3.96;0
63;arms_factory;3038.00;9.73;1590.00;0.18;0
63;arms_factory;3042.00;9.70;1589.00;2.34;0
63;arms_factory;3053.00;9.68;1602.00;5.96;0
63;arms_factory;3065.00;9.70;1608.00;3.90;0
63;arms_factory;3073.00;9.80;1597.00;1.73;0
63;arms_factory;3077.00;9.70;1615.00;4.40;0
63;bunker;3034.00;9.70;1585.00;3.15;0
63;bunker;3037.23;10.10;1595.35;5.21;0
63;bunker;3043.35;9.70;1587.45;0.48;0
63;bunker;3045.00;9.68;1600.00;1.09;0
63;bunker;3052.29;9.80;1589.69;4.40;0
63;bunker;3055.81;9.60;1602.32;0.79;0
63;bunker;3059.87;9.80;1592.59;5.01;0
63;bunker;3067.27;9.70;1608.75;1.74;0
63;bunker;3072.42;9.80;1596.69;0.79;0
63;bunker;3076.90;9.80;1605.77;4.91;0
63;bunker;3085.47;10.20;1614.56;5.52;0
63;coastal_bunker;3029.00;9.50;1596.00;-2.03;0
63;coastal_bunker;3042.00;9.60;1602.00;-2.76;0
63;coastal_bunker;3056.00;9.55;1606.00;-2.94;0
63;coastal_bunker;3060.00;9.60;1606.00;-2.50;0
63;coastal_bunker;3078.00;9.53;1617.00;-2.90;0
63;dockyard;3083.00;9.60;1617.00;-2.90;0
63;fuel_silo;3042.00;9.75;1596.00;0.41;0
63;industrial_complex;3043.00;9.70;1592.00;0.18;0
63;industrial_complex;3054.00;9.80;1588.00;2.85;0
63;industrial_complex;3059.00;9.80;1593.00;4.91;0
63;industrial_complex;3062.00;9.65;1604.00;0.79;0
63;industrial_complex;3066.00;9.80;1602.00;4.40;0
63;industrial_complex;3070.00;9.75;1610.00;1.39;0
63;naval_base;3029.00;9.50;1597.00;-2.03;2358
63;naval_base;3040.00;9.53;1602.00;-2.76;2358
63;naval_base;3055.00;9.55;1606.00;-2.94;2333
63;naval_base;3072.00;9.60;1614.00;-2.50;2333
63;naval_base;3073.00;9.53;1615.00;-2.90;2309
63;nuclear_reactor;3053.00;9.80;1592.00;3.87;0
63;radar_station;3063.00;9.80;1597.00;3.02;0
63;rocket_site;3048.27;9.70;1602.93;0.85;0
63;synthetic_refinery;3055.00;9.70;1584.00;1.81;0
64;bunker;3009.44;9.70;1569.48;2.85;0
64;fuel_silo;3010.00;9.75;1563.00;3.07;0
64;landmark_spawn;3014.50;9.70;1572.29;-0.23;0
65;air_base;3004.00;15.07;1528.00;1.29;0
65;anti_air_building;3005.00;11.10;1539.00;1.29;0
65;anti_air_building;3021.00;13.57;1537.00;4.91;0
65;anti_air_building;3023.00;11.85;1540.00;3.96;0
65;arms_factory;3000.00;13.57;1528.00;0.79;0
65;arms_factory;3002.00;14.32;1532.00;1.90;0
65;arms_factory;3005.00;12.73;1535.00;0.69;0
65;arms_factory;3010.00;11.80;1540.00;0.18;0
65;arms_factory;3015.00;14.23;1535.00;4.91;0
65;arms_factory;3019.00;10.60;1544.00;2.85;0
65;bunker;2998.84;13.60;1525.69;2.41;0
65;bunker;3005.00;10.80;1540.00;3.36;0
65;bunker;3008.00;14.32;1533.00;0.34;0
65;bunker;3018.00;14.32;1536.00;4.47;0
65;bunker;3019.00;10.85;1543.00;0.25;0
65;bunker;3025.11;11.60;1540.65;0.35;0
65;bunker;3037.07;12.40;1538.35;4.57;0
65;fuel_silo;3009.00;14.50;1531.00;0.86;0
65;industrial_complex;3003.00;10.85;1540.00;0.18;0
65;industrial_complex;3004.00;14.75;1532.00;1.90;0
65;industrial_complex;3004.00;15.40;1531.00;2.85;0
65;industrial_complex;3006.00;10.75;1541.00;0.69;0
65;industrial_complex;3006.00;15.43;1528.00;4.91;0
65;industrial_complex;3012.00;11.30;1541.00;4.91;0
65;nuclear_reactor;3007.00;10.23;1544.00;4.03;0
65;radar_station;3018.00;14.32;1536.00;5.12;0
65;rocket_site;3005.00;11.40;1538.00;0.34;0
65;synthetic_refinery;3004.65;12.30;1535.76;5.58;0
66;air_base;3057.76;9.80;1548.21;0.18;0
66;anti_air_building;3048.00;9.85;1553.00;0.25;0
66;anti_air_building;3061.00;11.85;1540.00;2.41;0
66;anti_air_building;3078.71;10.40;1539.48;4.57;0
66;arms_factory;3053.00;14.50;1537.00;0.62;0
66;arms_factory;3057.00;13.25;1538.00;1.83;0
66;arms_factory;3081.00;10.20;1543.00;1.23;0
66;arms_factory;3081.00;10.25;1542.00;4.84;0
66;arms_factory;3083.00;10.38;1543.00;5.95;0
66;arms_factory;3083.00;10.43;1544.00;2.78;0
66;bunker;3039.00;9.85;1549.00;4.91;0
66;bunker;3048.00;9.80;1560.00;0.55;0
66;bunker;3048.00;15.28;1537.00;0.79;0
66;bunker;3050.00;9.90;1548.00;0.69;0
66;bunker;3054.00;9.82;1556.00;0.18;0
66;bunker;3056.00;10.43;1544.00;1.39;0
66;bunker;3062.00;11.30;1541.00;1.90;0
66;bunker;3063.00;9.80;1549.00;4.91;0
66;bunker;3068.00;10.25;1539.00;2.85;0
66;bunker;3070.00;12.50;1530.00;4.40;0
66;bunker;3075.00;9.90;1547.00;3.36;0
66;bunker;3076.00;10.20;1544.00;1.29;0
66;bunker;3077.00;14.20;1524.00;3.96;0
66;fuel_silo;3079.00;10.48;1537.00;4.47;0
66;industrial_complex;3051.00;14.20;1539.00;1.73;0
66;industrial_complex;3052.00;9.82;1559.00;5.96;0
66;industrial_complex;3055.00;10.03;1558.00;2.68;0
66;industrial_complex;3060.00;10.90;1543.00;4.40;0
66;industrial_complex;3071.00;10.43;1534.00;3.90;0
66;industrial_complex;3073.00;10.15;1534.00;2.34;0
66;nuclear_reactor;3060.00;9.78;1553.00;5.08;0
66;radar_station;3062.00;11.65;1540.00;2.23;0
66;rocket_site;3079.00;10.03;1545.00;0.69;0
66;synthetic_refinery;3058.00;9.80;1553.00;0.35;0
67;air_base;3088.00;10.90;1522.00;4.40;0
67;anti_air_building;3087.00;10.63;1524.00;2.85;0
67;anti_air_building;3098.00;10.57;1526.00;4.91;0
67;anti_air_building;3099.00;13.57;1518.00;0.18;0
67;arms_factory;3089.00;10.50;1535.00;2.78;0
67;arms_factory;3093.00;10.65;1529.00;4.84;0
67;arms_factory;3096.00;10.55;1528.00;2.78;0
67;arms_factory;3097.00;10.48;1530.00;2.17;0
67;arms_factory;3098.00;12.95;1520.00;5.44;0
67;arms_factory;3100.00;11.28;1524.00;1.23;0
67;bunker;3083.00;10.50;1537.00;4.40;0
67;bunker;3088.00;11.53;1520.00;2.34;0
67;bunker;3092.00;10.57;1526.00;5.96;0
67;bunker;3092.00;10.73;1534.00;0.79;0
67;bunker;3094.00;12.25;1520.00;1.39;0
67;bunker;3100.00;10.40;1527.00;0.18;0
67;fuel_silo;3097.00;12.13;1522.00;1.90;0
67;industrial_complex;3084.00;10.43;1537.00;5.95;0
67;industrial_complex;3090.00;11.23;1521.00;0.62;0
67;industrial_complex;3091.00;10.45;1530.00;2.68;0
67;industrial_complex;3096.00;10.73;1525.00;3.90;0
67;industrial_complex;3096.00;13.57;1517.00;1.73;0
67;industrial_complex;3097.00;12.65;1521.00;1.83;0
67;nuclear_reactor;3095.00;13.10;1519.00;3.96;0
67;radar_station;3093.00;10.73;1528.00;5.69;0
67;rocket_site;3089.36;10.50;1539.40;1.29;0
67;synthetic_refinery;3089.00;12.25;1518.00;0.69;0
68;air_base;3037.00;9.70;1564.00;1.16;0
68;anti_air_building;3035.00;9.70;1577.00;3.22;0
68;anti_air_building;3047.00;9.80;1570.00;0.55;0
68;anti_air_building;3049.00;9.80;1566.00;5.28;0
68;arms_factory;3035.00;9.70;1570.00;0.04;0
68;arms_factory;3040.00;9.70;1561.00;3.66;0
68;arms_factory;3040.00;9.70;1577.00;1.60;0
68;arms_factory;3040.00;9.70;1580.00;0.99;0
68;arms_factory;3042.00;9.85;1556.00;5.72;0
68;arms_factory;3048.00;9.80;1567.00;0.65;0
68;bunker;3034.65;9.70;1575.79;2.41;0
68;bunker;3036.72;9.70;1569.39;5.42;0
68;bunker;3039.54;9.80;1555.35;5.52;0
68;bunker;3043.41;9.70;1578.45;6.03;0
68;bunker;3044.24;9.80;1569.55;1.81;0
68;bunker;3051.52;9.80;1563.75;1.29;0
68;bunker;3051.69;9.70;1579.75;4.91;0
68;bunker;3065.00;9.80;1587.00;4.57;0
68;bunker;3067.00;9.75;1583.00;3.36;0
68;bunker;3074.00;9.80;1580.00;0.34;0
68;fuel_silo;3049.00;9.80;1565.00;1.52;0
68;industrial_complex;3036.00;9.70;1575.00;3.21;0
68;industrial_complex;3038.00;9.70;1560.00;5.37;0
68;industrial_complex;3041.00;9.75;1572.00;0.04;0
68;industrial_complex;3044.00;9.70;1573.00;6.23;0
68;industrial_complex;3050.00;9.70;1574.00;4.77;0
68;industrial_complex;3050.00;9.80;1564.00;4.17;0
68;nuclear_reactor;3042.00;9.75;1559.00;0.86;0
68;radar_station;3042.00;9.70;1564.00;5.88;0
68;rocket_site;3048.00;9.80;1567.00;4.48;0
68;synthetic_refinery;3029.86;9.70;1577.70;5.08;0
69;air_base;3011.00;13.32;1523.00;3.22;0
69;anti_air_building;3005.00;13.35;1507.00;2.17;0
69;anti_air_building;3010.00;11.98;1515.00;5.44;0
69;anti_air_building;3017.00;11.73;1524.00;2.78;0
69;arms_factory;3001.00;12.90;1518.00;4.77;0
69;arms_factory;3004.00;13.53;1520.00;1.60;0
69;arms_factory;3012.00;12.35;1519.00;0.04;0
69;arms_factory;3021.00;10.40;1528.00;0.65;0
69;arms_factory;3027.00;10.30;1530.00;5.72;0
69;arms_factory;3039.00;11.13;1533.00;4.17;0
69;bunker;3000.00;12.65;1519.00;4.33;0
69;bunker;3009.00;12.28;1517.00;5.88;0
69;bunker;3009.00;13.05;1510.00;3.73;0
69;bunker;3015.00;12.53;1523.00;0.71;0
69;bunker;3017.00;11.13;1527.00;1.67;0
69;bunker;3021.00;10.38;1529.00;0.11;0
69;bunker;3029.00;10.80;1531.00;3.73;0
69;bunker;3042.00;11.10;1533.00;3.83;0
69;fuel_silo;3010.00;12.03;1513.00;1.23;0
69;industrial_complex;3001.00;12.90;1517.00;1.16;0
69;industrial_complex;3010.00;12.85;1519.00;5.28;0
69;industrial_complex;3011.00;12.38;1511.00;0.55;0
69;industrial_complex;3013.00;12.68;1523.00;5.37;0
69;industrial_complex;3029.00;10.48;1529.00;3.21;0
69;industrial_complex;3036.00;11.65;1531.00;6.23;0
69;nuclear_reactor;3023.00;10.43;1529.00;1.83;0
69;radar_station;3019.00;11.98;1522.00;5.20;0
69;rocket_site;3017.00;11.98;1523.00;0.62;0
69;synthetic_refinery;3014.00;12.93;1527.00;4.84;0
70;air_base;3104.00;10.95;1491.00;5.42;0
70;anti_air_building;3074.00;9.80;1491.00;0.85;0
70;anti_air_building;3083.00;9.95;1493.00;5.08;0
70;anti_air_building;3106.00;10.60;1491.00;3.87;0
70;arms_factory;3083.00;9.90;1486.00;2.65;0
70;arms_factory;3087.00;10.18;1487.00;4.70;0
70;arms_factory;3094.00;12.55;1498.00;5.31;0
70;arms_factory;3095.00;12.53;1497.00;4.81;0
70;arms_factory;3099.00;14.55;1505.00;3.25;0
70;arms_factory;3107.00;10.23;1490.00;1.69;0
70;bunker;3077.00;9.85;1492.00;1.60;0
70;bunker;3085.00;9.88;1485.00;6.03;0
70;bunker;3089.00;11.85;1499.00;3.76;0
70;bunker;3096.00;9.95;1486.00;2.70;0
70;bunker;3099.00;13.82;1502.00;2.99;0
70;bunker;3100.00;12.38;1495.00;5.96;0
70;bunker;3109.00;10.43;1485.00;2.41;0
70;fuel_silo;3099.00;13.30;1505.00;5.74;0
70;industrial_complex;3089.00;11.53;1494.00;5.82;0
70;industrial_complex;3096.00;10.03;1488.00;0.14;0
70;industrial_complex;3097.00;13.57;1504.00;1.70;0
70;industrial_complex;3098.00;12.60;1499.00;3.76;0
70;industrial_complex;3104.00;13.00;1497.00;2.20;0
70;industrial_complex;3107.00;10.28;1491.00;1.09;0
70;nuclear_reactor;3076.00;9.80;1491.00;3.52;0
70;radar_station;3107.00;10.28;1491.00;4.48;0
70;rocket_site;3083.00;9.95;1493.00;0.86;0
70;synthetic_refinery;3075.00;9.80;1491.00;2.92;0
72;air_base;4338.00;12.40;1032.00;3.97;0
72;anti_air_building;4317.00;11.55;1010.00;2.93;0
72;anti_air_building;4333.00;12.45;1026.00;3.52;0
72;anti_air_building;4339.00;11.75;994.00;0.26;0
72;arms_factory;4318.00;11.98;967.00;2.85;0
72;arms_factory;4331.00;12.15;1001.00;4.41;0
72;arms_factory;4333.00;12.28;1012.00;0.19;0
72;arms_factory;4335.00;12.00;985.00;3.46;0
72;arms_factory;4338.00;12.13;987.00;3.81;0
72;arms_factory;4340.00;12.73;979.00;2.25;0
72;bunker;4315.00;11.73;1015.00;1.81;0
72;bunker;4324.00;10.93;967.00;0.26;0
72;bunker;4325.00;12.95;1001.00;6.03;0
72;bunker;4330.00;12.15;1018.00;0.86;0
72;bunker;4335.00;12.05;974.00;0.36;0
72;bunker;4335.00;12.48;1032.00;4.48;0
72;bunker;4336.00;12.18;984.00;4.47;0
72;bunker;4337.00;11.70;997.00;2.41;0
72;bunker;4347.54;12.60;1023.50;5.14;0
72;fuel_silo;4330.00;11.78;1022.00;5.14;0
72;industrial_complex;4322.00;11.35;1023.00;1.90;0
72;industrial_complex;4326.00;12.82;1001.00;6.03;0
72;industrial_complex;4332.00;12.03;999.00;5.52;0
72;industrial_complex;4337.00;11.93;1007.00;1.30;0
72;industrial_complex;4337.00;12.43;1034.00;2.86;0
72;industrial_complex;4339.00;11.78;1004.00;1.31;0
72;nuclear_reactor;4342.00;12.10;992.00;6.20;0
72;radar_station;4317.00;11.60;1012.00;1.97;0
72;rocket_site;4323.00;11.28;1025.00;4.99;0
72;synthetic_refinery;4333.00;12.23;1022.00;5.59;0
74;air_base;3086.00;13.80;1513.00;2.78;0
74;anti_air_building;3077.00;12.82;1519.00;0.62;0
74;anti_air_building;3078.00;13.40;1520.00;1.83;0
74;anti_air_building;3083.00;13.18;1516.00;5.95;0
74;arms_factory;3074.00;12.35;1519.00;4.84;0
74;arms_factory;3074.00;13.03;1520.00;1.23;0
74;arms_factory;3074.00;13.85;1521.00;2.78;0
74;arms_factory;3077.00;12.82;1519.00;5.44;0
74;arms_factory;3077.00;13.63;1520.00;2.17;0
74;arms_factory;3087.00;13.82;1513.00;2.78;0
74;bunker;3079.00;12.38;1517.00;0.62;0
74;bunker;3084.00;13.70;1514.00;5.95;0
74;fuel_silo;3074.00;13.03;1520.00;2.68;0
74;industrial_complex;3077.00;13.63;1520.00;2.78;0
74;industrial_complex;3079.00;12.35;1518.00;4.84;0
74;industrial_complex;3080.00;12.73;1517.00;5.44;0
74;industrial_complex;3082.00;13.10;1516.00;1.23;0
74;industrial_complex;3083.00;13.18;1516.00;0.11;0
74;industrial_complex;3085.00;13.75;1514.00;2.17;0
74;nuclear_reactor;3075.00;14.32;1521.00;3.90;0
74;radar_station;3086.00;13.32;1516.00;3.98;0
74;rocket_site;3085.00;13.68;1513.00;0.18;0
74;synthetic_refinery;3084.00;13.70;1514.00;4.40;0
75;air_base;3087.00;11.68;1504.00;2.78;0
75;anti_air_building;3048.00;12.45;1497.00;0.18;0
75;anti_air_building;3057.00;11.15;1502.00;4.91;0
75;anti_air_building;3058.00;12.32;1507.00;0.79;0
75;arms_factory;3048.00;12.60;1503.00;1.67;0
75;arms_factory;3063.00;9.93;1494.00;3.83;0
75;arms_factory;3065.00;12.10;1510.00;3.73;0
75;arms_factory;3081.00;12.15;1511.00;3.73;0
75;arms_factory;3082.00;12.05;1509.00;0.71;0
75;arms_factory;3085.00;10.73;1501.00;4.33;0
75;bunker;3047.00;12.55;1498.00;1.39;0
75;bunker;3054.00;12.40;1505.00;0.62;0
75;bunker;3058.00;11.60;1504.00;1.83;0
75;bunker;3059.00;11.98;1506.00;2.34;0
75;bunker;3065.00;12.88;1517.00;3.90;0
75;bunker;3068.00;10.18;1494.00;1.73;0
75;bunker;3072.00;9.98;1495.00;2.68;0
75;bunker;3072.00;10.35;1505.00;5.95;0
75;bunker;3076.00;11.55;1515.00;0.18;0
75;bunker;3084.00;10.50;1500.00;5.96;0
75;bunker;3084.00;11.63;1507.00;4.40;0
75;bunker;3089.00;12.48;1507.00;4.40;0
75;fuel_silo;3062.00;9.82;1496.00;0.69;0
75;industrial_complex;3051.00;11.80;1498.00;5.44;0
75;industrial_complex;3060.00;10.95;1503.00;2.78;0
75;industrial_complex;3064.00;11.50;1507.00;0.11;0
75;industrial_complex;3066.00;12.43;1514.00;2.17;0
75;industrial_complex;3077.00;10.03;1499.00;1.23;0
75;industrial_complex;3078.00;10.88;1506.00;4.84;0
75;nuclear_reactor;3048.00;12.65;1504.00;1.29;0
75;radar_station;3069.00;10.18;1506.00;2.76;0
75;rocket_site;3080.00;10.63;1505.00;4.91;0
75;synthetic_refinery;3060.00;12.70;1514.00;2.85;0
76;air_base;3194.00;14.65;1468.00;4.55;0
76;anti_air_building;3174.00;11.75;1457.00;4.71;0
76;anti_air_building;3175.00;11.55;1462.00;2.05;0
76;anti_air_building;3186.00;13.25;1459.00;5.66;0
76;arms_factory;3163.00;13.95;1452.00;5.59;0
76;arms_factory;3166.00;15.18;1451.00;4.04;0
76;arms_factory;3173.00;13.03;1454.00;2.93;0
76;arms_factory;3179.00;10.63;1452.00;1.97;0
76;arms_factory;3186.00;14.80;1465.00;6.20;0
76;arms_factory;3189.00;12.40;1453.00;4.99;0
76;bunker;3164.00;14.70;1448.00;4.10;0
76;bunker;3173.00;13.80;1451.00;5.15;0
76;bunker;3175.00;11.88;1465.00;4.20;0
76;bunker;3175.00;12.32;1448.00;2.99;0
76;bunker;3178.00;11.03;1459.00;2.49;0
76;bunker;3187.00;12.32;1455.00;3.60;0
76;bunker;3188.00;15.25;1464.00;6.26;0
76;bunker;3194.00;16.52;1464.00;0.93;0
76;bunker;3197.00;16.25;1458.00;0.94;0
76;fuel_silo;3201.00;15.48;1457.00;4.11;0
76;industrial_complex;3169.00;14.30;1446.00;0.42;0
76;industrial_complex;3175.00;11.68;1454.00;4.64;0
76;industrial_complex;3175.00;11.82;1452.00;2.48;0
76;industrial_complex;3177.00;11.15;1458.00;3.44;0
76;industrial_complex;3183.00;11.88;1458.00;0.32;0
76;industrial_complex;3189.00;12.57;1454.00;0.43;0
76;nuclear_reactor;3189.00;16.98;1467.00;6.18;0
76;radar_station;3183.00;11.70;1457.00;1.07;0
76;rocket_site;3178.00;11.25;1448.00;3.15;0
76;synthetic_refinery;3180.00;11.35;1461.00;2.55;0
77;air_base;3241.00;10.10;1394.00;3.52;0
77;anti_air_building;3228.00;10.25;1398.00;1.37;0
77;anti_air_building;3230.00;10.48;1395.00;1.87;0
77;anti_air_building;3247.00;9.78;1391.00;4.03;0
77;arms_factory;3229.00;10.53;1395.00;3.02;0
77;arms_factory;3230.00;10.48;1395.00;1.81;0
77;arms_factory;3233.00;10.38;1394.00;2.41;0
77;arms_factory;3234.00;10.30;1394.00;6.03;0
77;arms_factory;3236.00;10.00;1397.00;3.36;0
77;arms_factory;3245.00;10.07;1392.00;3.96;0
77;bunker;3225.00;10.13;1398.00;5.59;0
77;bunker;3247.00;9.70;1390.00;2.92;0
77;coastal_bunker;3246.00;9.50;1387.00;1.17;0
77;dockyard;3251.00;9.57;1389.00;1.17;0
77;fuel_silo;3230.00;10.50;1394.00;6.25;0
77;industrial_complex;3228.00;10.45;1396.00;4.48;0
77;industrial_complex;3235.00;10.18;1395.00;3.87;0
77;industrial_complex;3238.00;10.10;1393.00;0.85;0
77;industrial_complex;3241.00;10.10;1390.00;0.86;0
77;industrial_complex;3244.00;10.10;1393.00;2.92;0
77;industrial_complex;3247.00;9.60;1389.00;5.08;0
77;naval_base;3244.00;9.57;1387.00;1.17;7906
77;nuclear_reactor;3231.00;10.10;1399.00;5.15;0
77;radar_station;3239.00;10.10;1392.00;6.10;0
77;rocket_site;3236.00;10.13;1395.00;2.48;0
77;synthetic_refinery;3234.00;10.03;1398.00;3.09;0
78;air_base;3238.00;10.00;1478.00;2.92;0
78;anti_air_building;3249.00;9.70;1428.00;0.48;0
78;anti_air_building;3255.00;9.80;1443.00;4.10;0
78;anti_air_building;3269.00;9.80;1444.00;6.26;0
78;arms_factory;3245.00;10.10;1459.00;1.39;0
78;arms_factory;3249.00;9.75;1448.00;5.97;0
78;arms_factory;3250.00;9.80;1441.00;2.35;0
78;arms_factory;3261.00;9.80;1459.00;4.41;0
78;arms_factory;3267.00;9.80;1451.00;1.74;0
78;arms_factory;3268.00;9.70;1436.00;0.19;0
78;bunker;3229.00;9.88;1484.00;4.54;0
78;bunker;3235.00;10.07;1471.00;1.87;0
78;bunker;3239.00;10.07;1462.00;6.09;0
78;bunker;3244.00;10.30;1477.00;1.53;0
78;bunker;3248.00;11.28;1465.00;0.42;0
78;bunker;3248.00;11.53;1468.00;1.37;0
78;bunker;3251.00;9.75;1436.00;5.15;0
78;bunker;3252.00;9.70;1432.00;2.48;0
78;bunker;3253.00;9.93;1457.00;0.33;0
78;bunker;3257.00;9.70;1433.00;5.76;0
78;bunker;3258.00;9.88;1458.00;3.59;0
78;bunker;3260.00;9.80;1437.00;3.09;0
78;bunker;3264.00;9.80;1445.00;4.03;0
78;bunker;3268.00;9.70;1424.00;4.54;0
78;bunker;3272.00;9.70;1436.00;6.10;0
78;coastal_bunker;3267.00;9.55;1429.00;1.29;0
78;coastal_bunker;3269.00;9.57;1423.00;1.25;0
78;coastal_bunker;3281.00;9.57;1440.00;0.32;0
78;dockyard;3279.00;9.60;1438.00;0.32;0
78;fuel_silo;3262.00;9.80;1446.00;4.09;0
78;industrial_complex;3249.00;9.73;1426.00;2.92;0
78;industrial_complex;3251.00;9.80;1452.00;3.52;0
78;industrial_complex;3252.00;9.82;1442.00;1.36;0
78;industrial_complex;3253.00;10.07;1462.00;0.86;0
78;industrial_complex;3258.00;9.80;1448.00;5.08;0
78;industrial_complex;3264.00;9.80;1439.00;4.48;0
78;naval_base;3268.00;9.55;1418.00;1.25;8131
78;naval_base;3268.00;9.60;1427.00;1.29;8131
78;naval_base;3275.00;9.50;1434.00;0.32;8131
78;nuclear_reactor;3251.00;9.90;1445.00;2.65;0
78;radar_station;3259.00;9.85;1457.00;4.71;0
78;rocket_site;3250.00;9.75;1454.00;2.55;0
78;synthetic_refinery;3261.00;9.80;1441.00;2.04;0
79;air_base;3228.00;9.85;1475.00;1.97;0
79;anti_air_building;3218.00;11.63;1447.00;5.06;0
79;anti_air_building;3223.00;9.95;1469.00;5.65;0
79;anti_air_building;3230.00;9.78;1425.00;2.04;0
79;arms_factory;3220.00;9.98;1476.00;3.87;0
79;arms_factory;3222.00;10.32;1459.00;0.85;0
79;arms_factory;3227.00;10.00;1444.00;5.08;0
79;arms_factory;3229.00;9.68;1450.00;3.02;0
79;arms_factory;3232.00;9.70;1449.00;2.92;0
79;arms_factory;3237.00;9.85;1457.00;1.81;0
79;bunker;3214.00;11.88;1463.00;0.63;0
79;bunker;3216.00;11.88;1447.00;4.54;0
79;bunker;3220.00;9.93;1477.00;3.30;0
79;bunker;3223.00;9.95;1469.00;0.33;0
79;bunker;3224.00;11.60;1433.00;2.19;0
79;bunker;3225.00;9.98;1460.00;4.85;0
79;bunker;3225.00;10.15;1464.00;2.71;0
79;bunker;3227.00;10.70;1431.00;0.42;0
79;bunker;3227.00;11.05;1435.00;6.10;0
79;bunker;3230.00;9.80;1461.00;2.48;0
79;bunker;3233.00;9.70;1446.00;3.09;0
79;bunker;3238.00;9.73;1425.00;3.59;0
79;bunker;3238.00;9.90;1455.00;4.03;0
79;bunker;3238.00;10.20;1434.00;1.87;0
79;fuel_silo;3226.00;9.95;1473.00;0.47;0
79;industrial_complex;3222.00;10.28;1467.00;0.86;0
79;industrial_complex;3223.00;9.93;1477.00;3.52;0
79;industrial_complex;3225.00;9.80;1449.00;1.36;0
79;industrial_complex;3230.00;10.48;1433.00;4.48;0
79;industrial_complex;3241.00;10.30;1443.00;2.92;0
79;industrial_complex;3244.00;9.80;1451.00;5.59;0
79;nuclear_reactor;3230.00;9.73;1456.00;2.04;0
79;radar_station;3223.00;10.07;1468.00;4.10;0
79;rocket_site;3231.00;9.82;1456.00;1.23;0
79;synthetic_refinery;3241.00;10.20;1445.00;6.26;0
80;anti_air_building;3197.00;13.18;1474.00;2.48;0
80;anti_air_building;3199.00;12.53;1473.00;5.15;0
80;anti_air_building;3207.00;10.68;1476.00;0.42;0
80;arms_factory;3197.00;12.50;1474.00;4.33;0
80;arms_factory;3199.00;11.95;1474.00;0.11;0
80;arms_factory;3202.00;10.93;1479.00;2.27;0
80;arms_factory;3204.00;10.68;1478.00;1.07;0
80;arms_factory;3212.00;10.25;1481.00;2.78;0
80;arms_factory;3214.00;10.15;1482.00;4.34;0
80;bunker;3202.00;11.40;1476.00;3.09;0
80;bunker;3210.00;10.23;1484.00;6.10;0
80;fuel_silo;3209.00;10.48;1480.00;1.23;0
80;industrial_complex;3200.00;11.78;1475.00;4.84;0
80;industrial_complex;3201.00;11.28;1478.00;1.83;0
80;industrial_complex;3202.00;10.78;1480.00;2.17;0
80;industrial_complex;3207.00;10.57;1480.00;0.62;0
80;industrial_complex;3210.00;10.23;1483.00;0.12;0
80;industrial_complex;3213.00;10.03;1485.00;2.78;0
80;nuclear_reactor;3209.00;10.45;1481.00;5.35;0
80;radar_station;3208.00;10.50;1480.00;5.76;0
80;rocket_site;3208.00;10.45;1482.00;3.59;0
80;synthetic_refinery;3202.00;11.40;1476.00;4.54;0
81;air_base;3165.00;10.03;1403.00;1.87;0
81;anti_air_building;3161.00;13.35;1416.00;0.33;0
81;anti_air_building;3180.00;13.25;1420.00;5.65;0
81;anti_air_building;3184.00;10.03;1405.00;1.53;0
81;arms_factory;3162.00;12.10;1412.00;3.52;0
81;arms_factory;3166.00;9.78;1402.00;0.86;0
81;arms_factory;3166.00;11.70;1410.00;2.92;0
81;arms_factory;3177.00;9.65;1400.00;5.08;0
81;arms_factory;3183.00;9.65;1399.00;1.36;0
81;arms_factory;3188.00;9.70;1400.00;4.48;0
81;bunker;3162.00;15.03;1420.00;5.15;0
81;bunker;3164.00;12.40;1413.00;3.09;0
81;bunker;3171.00;12.80;1416.00;2.48;0
81;bunker;3173.00;9.70;1398.00;3.59;0
81;bunker;3177.00;10.45;1409.00;6.10;0
81;bunker;3183.00;11.23;1410.00;0.42;0
81;bunker;3185.00;13.65;1420.00;5.76;0
81;bunker;3189.00;9.70;1399.00;4.54;0
81;fuel_silo;3179.00;9.65;1399.00;4.70;0
81;industrial_complex;3159.00;12.00;1412.00;1.37;0
81;industrial_complex;3159.00;12.50;1414.00;5.59;0
81;industrial_complex;3167.00;9.88;1403.00;2.92;0
81;industrial_complex;3172.00;11.05;1410.00;6.09;0
81;industrial_complex;3183.00;9.80;1403.00;4.03;0
81;industrial_complex;3186.00;9.70;1400.00;1.97;0
81;nuclear_reactor;3159.00;13.13;1416.00;4.10;0
81;radar_station;3181.00;10.53;1408.00;5.06;0
81;rocket_site;3178.00;13.50;1421.00;6.26;0
81;synthetic_refinery;3167.00;13.55;1417.00;2.04;0
82;air_base;3151.00;13.82;1430.00;6.10;0
82;anti_air_building;3146.00;12.10;1416.00;5.65;0
82;anti_air_building;3151.00;14.05;1419.00;0.33;0
82;anti_air_building;3151.00;14.35;1427.00;1.53;0
82;arms_factory;3133.00;11.30;1426.00;2.92;0
82;arms_factory;3135.00;10.40;1436.00;4.48;0
82;arms_factory;3137.00;10.93;1428.00;0.86;0
82;arms_factory;3145.00;12.05;1416.00;1.36;0
82;arms_factory;3157.00;16.83;1422.00;5.59;0
82;arms_factory;3158.00;16.20;1424.00;3.52;0
82;bunker;3133.00;10.48;1434.00;5.76;0
82;bunker;3135.00;11.25;1429.00;5.15;0
82;bunker;3142.00;10.25;1437.00;4.54;0
82;bunker;3151.00;11.23;1411.00;0.42;0
82;bunker;3151.00;13.90;1429.00;3.59;0
82;bunker;3153.00;15.15;1420.00;2.48;0
82;fuel_silo;3134.00;10.20;1436.00;2.54;0
82;industrial_complex;3138.00;11.30;1433.00;1.37;0
82;industrial_complex;3144.00;12.53;1423.00;1.87;0
82;industrial_complex;3145.00;10.07;1437.00;3.09;0
82;industrial_complex;3145.00;12.43;1420.00;6.09;0
82;industrial_complex;3151.00;11.50;1434.00;4.03;0
82;industrial_complex;3155.00;11.55;1413.00;1.97;0
82;nuclear_reactor;3143.00;10.85;1433.00;4.10;0
82;radar_station;3137.00;10.65;1436.00;5.06;0
82;rocket_site;3144.00;11.53;1414.00;6.26;0
82;synthetic_refinery;3143.00;11.38;1429.00;2.04;0
83;air_base;3153.00;12.07;1450.00;3.15;0
83;anti_air_building;3148.00;10.00;1440.00;4.78;0
83;anti_air_building;3153.00;12.13;1447.00;0.06;0
83;anti_air_building;3157.00;11.65;1462.00;4.18;0
83;arms_factory;3141.00;10.07;1447.00;0.94;0
83;arms_factory;3145.00;10.70;1445.00;2.99;0
83;arms_factory;3168.00;10.38;1467.00;4.20;0
83;arms_factory;3173.00;10.95;1474.00;6.26;0
83;arms_factory;3181.00;14.45;1473.00;3.60;0
83;arms_factory;3188.00;17.08;1472.00;4.10;0
83;bunker;3141.00;9.93;1443.00;6.18;0
83;bunker;3143.00;10.63;1448.00;1.61;0
83;bunker;3148.00;10.20;1458.00;5.22;0
83;bunker;3150.00;10.38;1442.00;1.10;0
83;bunker;3152.00;10.60;1465.00;5.73;0
83;bunker;3155.00;11.32;1455.00;3.67;0
83;bunker;3164.00;12.93;1459.00;1.00;0
83;bunker;3168.00;10.45;1466.00;3.06;0
83;bunker;3169.00;10.23;1473.00;3.16;0
83;bunker;3177.00;12.23;1471.00;0.65;0
83;bunker;3186.00;17.48;1472.00;0.05;0
83;fuel_silo;3155.00;11.18;1462.00;2.12;0
83;industrial_complex;3151.00;10.07;1461.00;4.71;0
83;industrial_complex;3151.00;10.57;1442.00;0.49;0
83;industrial_complex;3152.00;10.82;1442.00;2.55;0
83;industrial_complex;3154.00;11.55;1442.00;2.05;0
83;industrial_complex;3154.00;12.07;1450.00;4.11;0
83;industrial_complex;3179.00;13.60;1473.00;5.66;0
83;nuclear_reactor;3158.00;11.57;1464.00;5.29;0
83;radar_station;3162.00;13.05;1459.00;5.25;0
83;rocket_site;3161.00;12.68;1460.00;1.17;0
83;synthetic_refinery;3152.00;11.98;1447.00;0.56;0
84;air_base;3175.00;13.28;1435.00;4.11;0
84;anti_air_building;3160.00;15.48;1427.00;1.61;0
84;anti_air_building;3175.00;16.50;1429.00;3.67;0
84;anti_air_building;3184.00;14.50;1429.00;0.05;0
84;arms_factory;3159.00;13.25;1435.00;2.49;0
84;arms_factory;3164.00;12.15;1438.00;3.60;0
84;arms_factory;3187.00;11.53;1445.00;2.99;0
84;arms_factory;3189.00;14.07;1432.00;0.94;0
84;arms_factory;3191.00;11.03;1437.00;5.15;0
84;arms_factory;3200.00;14.90;1433.00;4.20;0
84;bunker;3159.00;14.32;1430.00;5.22;0
84;bunker;3161.00;12.70;1439.00;6.18;0
84;bunker;3168.00;15.98;1425.00;1.00;0
84;bunker;3179.00;12.98;1435.00;0.49;0
84;bunker;3184.00;12.25;1437.00;1.10;0
84;bunker;3196.00;12.68;1428.00;3.15;0
84;bunker;3198.00;12.10;1438.00;3.16;0
84;bunker;3201.00;13.60;1428.00;3.06;0
84;fuel_silo;3178.00;12.20;1439.00;0.65;0
84;industrial_complex;3160.00;15.30;1428.00;2.05;0
84;industrial_complex;3168.00;12.15;1441.00;4.71;0
84;industrial_complex;3168.00;13.70;1430.00;4.10;0
84;industrial_complex;3185.00;14.23;1430.00;5.66;0
84;industrial_complex;3186.00;11.75;1439.00;2.55;0
84;industrial_complex;3190.00;11.50;1443.00;6.26;0
84;nuclear_reactor;3163.00;13.18;1433.00;4.18;0
84;radar_station;3182.00;13.35;1434.00;4.95;0
84;rocket_site;3184.00;13.80;1434.00;0.06;0
84;synthetic_refinery;3164.00;12.57;1441.00;5.73;0
85;air_base;3236.00;14.50;155.00;1.16;0
85;anti_air_building;3236.00;14.75;162.00;5.89;0
85;anti_air_building;3252.00;16.95;166.00;4.68;0
85;anti_air_building;3254.00;17.40;179.00;2.62;0
85;arms_factory;3234.00;14.48;165.00;2.10;0
85;arms_factory;3239.00;15.10;150.00;5.82;0
85;arms_factory;3239.00;15.48;160.00;5.72;0
85;arms_factory;3250.00;16.80;174.00;5.22;0
85;arms_factory;3255.00;16.25;162.00;1.60;0
85;arms_factory;3258.00;16.80;169.00;3.66;0
85;bunker;3237.00;14.73;166.00;0.55;0
85;bunker;3259.00;16.88;171.00;2.71;0
85;fuel_silo;3250.00;16.85;173.00;1.67;0
85;industrial_complex;3232.00;14.43;162.00;2.11;0
85;industrial_complex;3238.00;14.98;165.00;4.78;0
85;industrial_complex;3242.00;15.80;150.00;3.66;0
85;industrial_complex;3254.00;17.35;174.00;4.17;0
85;industrial_complex;3256.00;16.98;171.00;0.04;0
85;industrial_complex;3258.00;16.35;162.00;5.38;0
85;nuclear_reactor;3251.00;16.45;163.00;2.27;0
85;radar_station;3247.00;16.05;166.00;5.16;0
85;rocket_site;3255.00;16.55;166.00;1.07;0
85;synthetic_refinery;3240.00;15.10;155.00;5.28;0
86;air_base;3063.00;10.32;1572.00;6.04;0
86;anti_air_building;3056.00;10.25;1571.00;0.49;0
86;anti_air_building;3062.00;10.38;1572.00;5.82;0
86;anti_air_building;3084.00;9.80;1575.00;4.61;0
86;arms_factory;3057.00;10.35;1570.00;4.93;0
86;arms_factory;3058.00;10.40;1570.00;5.54;0
86;arms_factory;3079.00;9.80;1556.00;0.80;0
86;arms_factory;3081.00;9.90;1556.00;5.43;0
86;arms_factory;3090.00;9.80;1574.00;1.31;0
86;arms_factory;3092.00;9.80;1573.00;0.70;0
86;bunker;3059.34;10.40;1567.19;2.93;0
86;bunker;3066.30;10.30;1567.26;-1.02;0
86;bunker;3071.22;10.00;1559.32;4.94;0
86;bunker;3075.14;9.80;1574.74;2.04;0
86;bunker;3076.53;9.80;1566.28;0.48;0
86;bunker;3078.55;9.80;1557.65;0.35;0
86;bunker;3084.58;9.80;1570.75;5.65;0
86;bunker;3085.56;10.50;1549.61;-0.76;0
86;bunker;3092.57;9.80;1574.67;5.09;0
86;fuel_silo;3086.00;9.80;1572.00;5.81;0
86;industrial_complex;3056.00;10.25;1571.00;4.49;0
86;industrial_complex;3060.00;10.40;1570.00;2.42;0
86;industrial_complex;3085.00;9.80;1573.00;6.04;0
86;industrial_complex;3087.00;9.80;1573.00;1.82;0
86;industrial_complex;3092.00;9.80;1574.00;3.37;0
86;industrial_complex;3093.00;9.80;1574.00;3.98;0
86;nuclear_reactor;3094.00;9.80;1578.00;4.27;0
86;radar_station;3080.00;9.80;1562.00;5.22;0
86;rocket_site;3082.00;9.98;1556.00;1.60;0
86;synthetic_refinery;3079.00;9.80;1574.00;4.49;0
87;air_base;3091.00;9.80;1558.00;0.49;0
87;anti_air_building;3090.00;9.80;1561.00;0.04;0
87;anti_air_building;3093.00;9.78;1564.00;4.17;0
87;anti_air_building;3108.00;9.88;1565.00;5.38;0
87;arms_factory;3092.00;9.88;1556.00;6.26;0
87;arms_factory;3100.00;9.78;1564.00;1.43;0
87;arms_factory;3104.00;9.98;1551.00;1.53;0
87;arms_factory;3107.00;9.90;1564.00;5.65;0
87;arms_factory;3112.00;9.90;1543.00;4.70;0
87;arms_factory;3114.00;9.95;1544.00;2.04;0
87;bunker;3091.00;9.80;1563.00;3.66;0
87;bunker;3091.00;9.80;1566.00;1.36;0
87;bunker;3094.00;10.07;1552.00;3.66;0
87;bunker;3099.00;9.90;1558.00;5.82;0
87;bunker;3100.00;10.70;1538.00;5.22;0
87;bunker;3102.00;9.80;1568.00;5.72;0
87;bunker;3108.00;10.00;1546.00;4.61;0
87;bunker;3112.00;9.80;1566.00;2.10;0
87;fuel_silo;3107.00;9.95;1544.00;4.78;0
87;industrial_complex;3089.00;10.15;1552.00;4.10;0
87;industrial_complex;3094.00;10.40;1550.00;0.48;0
87;industrial_complex;3095.00;9.80;1563.00;6.16;0
87;industrial_complex;3096.00;9.80;1566.00;1.09;0
87;industrial_complex;3099.00;10.48;1542.00;3.15;0
87;industrial_complex;3110.00;9.85;1568.00;5.22;0
87;nuclear_reactor;3093.00;10.23;1551.00;0.55;0
87;radar_station;3100.00;9.93;1555.00;2.68;0
87;rocket_site;3099.00;9.95;1552.00;2.71;0
87;synthetic_refinery;3089.00;9.95;1554.00;2.11;0
88;air_base;3127.00;13.68;1506.00;2.93;0
88;anti_air_building;3126.00;13.25;1514.00;4.64;0
88;anti_air_building;3128.00;13.05;1515.00;2.48;0
88;anti_air_building;3144.00;10.35;1520.00;3.44;0
88;arms_factory;3111.00;13.05;1512.00;3.52;0
88;arms_factory;3116.00;14.30;1509.00;1.36;0
88;arms_factory;3134.00;12.78;1508.00;0.86;0
88;arms_factory;3147.00;9.95;1529.00;5.08;0
88;arms_factory;3147.00;10.00;1531.00;4.48;0
88;arms_factory;3150.00;10.50;1517.00;2.92;0
88;bunker;3105.00;13.85;1510.00;5.59;0
88;bunker;3110.00;11.35;1519.00;3.98;0
88;bunker;3116.92;13.00;1507.09;2.92;0
88;bunker;3124.14;12.50;1515.67;1.83;0
88;bunker;3128.91;12.90;1509.84;5.59;0
88;bunker;3133.73;11.50;1519.29;1.97;0
88;bunker;3138.62;11.50;1509.49;1.38;0
88;bunker;3142.24;10.30;1523.40;2.42;0
88;bunker;3149.32;9.90;1528.13;3.37;0
88;bunker;3151.06;11.20;1505.54;6.04;0
88;bunker;3153.66;10.50;1516.46;4.50;0
88;fuel_silo;3143.00;11.13;1510.00;5.21;0
88;industrial_complex;3125.00;12.95;1509.00;0.35;0
88;industrial_complex;3125.00;12.95;1509.00;3.37;0
88;industrial_complex;3131.00;13.53;1508.00;6.04;0
88;industrial_complex;3136.00;11.88;1518.00;1.31;0
88;industrial_complex;3136.00;11.88;1518.00;3.97;0
88;industrial_complex;3151.00;10.07;1524.00;2.42;0
88;nuclear_reactor;3152.00;10.40;1519.00;4.05;0
88;radar_station;3126.00;13.25;1514.00;0.05;0
88;rocket_site;3137.00;11.68;1514.00;2.71;0
88;synthetic_refinery;3124.00;12.82;1508.00;3.66;0
89;air_base;3198.00;9.63;1497.00;1.59;0
89;anti_air_building;3180.00;12.50;1494.00;1.60;0
89;anti_air_building;3194.00;10.90;1489.00;4.27;0
89;anti_air_building;3201.00;10.20;1489.00;5.22;0
89;arms_factory;3172.00;12.20;1493.00;0.86;0
89;arms_factory;3180.00;12.55;1495.00;4.48;0
89;arms_factory;3183.00;12.18;1490.00;2.93;0
89;arms_factory;3188.00;11.07;1492.00;5.09;0
89;arms_factory;3193.00;13.23;1477.00;5.59;0
89;arms_factory;3198.00;9.63;1497.00;1.59;0
89;bunker;3182.00;11.73;1492.00;1.59;0
89;bunker;3183.00;11.60;1495.00;1.59;0
89;bunker;3185.00;11.05;1496.00;1.59;0
89;bunker;3189.00;10.55;1524.00;1.59;0
89;bunker;3194.00;9.50;1501.00;1.59;0
89;bunker;3194.00;12.30;1478.00;1.59;0
89;bunker;3195.00;10.03;1508.00;1.59;0
89;bunker;3198.00;9.63;1497.00;1.59;0
89;bunker;3200.00;10.43;1511.00;1.59;0
89;bunker;3204.00;10.60;1510.00;1.59;0
89;bunker;3206.00;9.60;1492.00;1.59;0
89;bunker;3212.00;10.00;1501.00;1.59;0
89;fuel_silo;3198.00;9.63;1497.00;1.59;0
89;industrial_complex;3181.00;11.88;1489.00;5.65;0
89;industrial_complex;3183.00;12.43;1489.00;4.10;0
89;industrial_complex;3187.00;11.13;1493.00;5.06;0
89;industrial_complex;3191.00;11.95;1484.00;2.04;0
89;industrial_complex;3198.00;9.63;1497.00;1.59;0
89;industrial_complex;3198.00;10.80;1484.00;1.53;0
89;nuclear_reactor;3198.00;9.63;1497.00;1.59;0
89;radar_station;3182.00;12.07;1493.00;4.04;0
89;rocket_site;3182.00;12.15;1494.00;0.05;0
89;synthetic_refinery;3181.00;11.88;1498.00;1.00;0
90;air_base;3134.00;10.60;1538.00;4.47;0
90;anti_air_building;3104.00;10.50;1525.00;5.59;0
90;anti_air_building;3108.00;10.48;1533.00;4.03;0
90;anti_air_building;3142.00;10.28;1541.00;3.42;0
90;arms_factory;3112.00;10.03;1526.00;1.29;0
90;arms_factory;3113.00;10.32;1534.00;4.91;0
90;arms_factory;3118.00;10.15;1533.00;0.69;0
90;arms_factory;3132.00;10.93;1538.00;2.85;0
90;arms_factory;3136.00;10.18;1543.00;3.96;0
90;arms_factory;3146.00;10.45;1545.00;1.90;0
90;bunker;3107.00;10.20;1525.00;2.92;0
90;bunker;3109.00;10.53;1532.00;0.86;0
90;bunker;3115.00;10.15;1537.00;0.85;0
90;bunker;3122.00;10.60;1531.00;5.58;0
90;bunker;3129.00;11.55;1533.00;1.36;0
90;bunker;3135.00;10.40;1539.00;3.87;0
90;bunker;3140.00;9.90;1535.00;3.52;0
90;bunker;3140.00;10.07;1543.00;5.08;0
90;fuel_silo;3124.00;10.00;1541.00;2.48;0
90;industrial_complex;3105.00;10.68;1524.00;3.36;0
90;industrial_complex;3110.00;10.55;1532.00;0.34;0
90;industrial_complex;3119.00;9.98;1540.00;0.25;0
90;industrial_complex;3130.00;10.48;1541.00;2.41;0
90;industrial_complex;3141.00;9.90;1536.00;0.35;0
90;industrial_complex;3145.00;10.30;1540.00;4.57;0
90;nuclear_reactor;3117.00;10.00;1538.00;3.08;0
90;radar_station;3125.00;11.48;1534.00;6.11;0
90;rocket_site;3134.00;10.50;1539.00;0.41;0
90;synthetic_refinery;3127.00;10.23;1543.00;4.64;0
91;air_base;3177.00;10.00;1514.00;0.99;0
91;anti_air_building;3177.00;10.00;1514.00;0.99;0
91;anti_air_building;3177.00;10.00;1514.00;0.99;0
91;anti_air_building;3177.00;10.00;1514.00;0.99;0
91;arms_factory;3163.00;9.82;1522.00;0.42;0
91;arms_factory;3167.00;9.90;1519.00;5.15;0
91;arms_factory;3170.00;9.90;1520.00;6.10;0
91;arms_factory;3171.00;10.00;1518.00;2.48;0
91;arms_factory;3177.00;10.00;1514.00;0.99;0
91;arms_factory;3186.00;10.13;1519.00;1.87;0
91;bunker;3157.00;11.53;1508.00;6.03;0
91;bunker;3162.00;12.43;1502.00;0.99;0
91;bunker;3163.00;11.18;1512.00;6.26;0
91;bunker;3165.00;9.80;1522.00;0.28;0
91;bunker;3183.00;9.85;1504.00;0.99;0
91;bunker;3183.00;10.10;1522.00;5.06;0
91;bunker;3185.00;9.82;1510.00;0.49;0
91;fuel_silo;3177.00;10.00;1514.00;0.99;0
91;industrial_complex;3177.00;10.00;1514.00;0.99;0
91;industrial_complex;3177.00;10.00;1514.00;0.99;0
91;industrial_complex;3177.00;10.00;1514.00;0.99;0
91;industrial_complex;3179.00;10.07;1516.00;5.09;0
91;industrial_complex;3181.00;10.00;1526.00;0.87;0
91;industrial_complex;3191.00;10.23;1513.00;2.93;0
91;nuclear_reactor;3177.00;10.00;1514.00;0.99;0
91;radar_station;3174.00;10.28;1511.00;2.81;0
91;rocket_site;3185.00;10.25;1516.00;0.56;0
91;synthetic_refinery;3185.00;9.82;1510.00;2.34;0
92;air_base;3158.00;10.13;1541.00;2.62;0
92;anti_air_building;3144.00;9.85;1567.00;2.78;0
92;anti_air_building;3158.00;10.10;1540.00;4.84;0
92;anti_air_building;3164.00;10.00;1537.00;0.12;0
92;arms_factory;3143.00;9.80;1555.00;5.38;0
92;arms_factory;3145.00;9.85;1566.00;0.04;0
92;arms_factory;3153.00;10.13;1542.00;2.11;0
92;arms_factory;3153.00;10.35;1534.00;4.17;0
92;arms_factory;3164.00;10.00;1538.00;2.10;0
92;arms_factory;3165.00;9.98;1535.00;3.66;0
92;bunker;3140.00;9.80;1564.00;5.28;0
92;bunker;3141.00;9.80;1558.00;0.11;0
92;bunker;3151.00;10.28;1542.00;2.27;0
92;bunker;3153.00;9.93;1555.00;1.67;0
92;bunker;3154.00;10.28;1569.00;2.78;0
92;bunker;3155.00;10.43;1538.00;4.33;0
92;bunker;3157.00;9.93;1552.00;2.17;0
92;bunker;3158.00;10.32;1560.00;4.34;0
92;bunker;3163.00;10.00;1534.00;1.07;0
92;fuel_silo;3147.00;9.80;1556.00;1.83;0
92;industrial_complex;3141.00;9.80;1566.00;1.16;0
92;industrial_complex;3143.00;9.78;1564.00;2.71;0
92;industrial_complex;3145.00;9.82;1554.00;0.55;0
92;industrial_complex;3150.00;10.48;1542.00;4.68;0
92;industrial_complex;3151.00;10.45;1539.00;5.89;0
92;industrial_complex;3164.00;9.98;1534.00;4.78;0
92;nuclear_reactor;3141.00;9.80;1567.00;5.35;0
92;radar_station;3150.00;9.90;1549.00;6.11;0
92;rocket_site;3161.00;10.05;1537.00;1.23;0
92;synthetic_refinery;3140.00;9.80;1559.00;0.62;0
93;air_base;3179.00;9.80;1560.00;4.54;0
93;anti_air_building;3177.00;9.80;1557.00;0.14;0
93;anti_air_building;3179.00;9.88;1555.00;4.86;0
93;anti_air_building;3182.00;9.85;1556.00;2.20;0
93;arms_factory;3176.00;9.90;1554.00;5.08;0
93;arms_factory;3177.00;9.80;1561.00;0.86;0
93;arms_factory;3178.00;9.80;1557.00;3.87;0
93;arms_factory;3178.00;9.80;1559.00;2.92;0
93;arms_factory;3178.00;9.90;1551.00;4.48;0
93;arms_factory;3178.00;9.90;1552.00;0.85;0
93;bunker;3179.00;9.82;1556.00;3.59;0
93;bunker;3179.00;9.90;1553.00;4.36;0
93;fuel_silo;3178.00;9.80;1557.00;6.26;0
93;industrial_complex;3176.00;9.80;1560.00;0.13;0
93;industrial_complex;3177.00;9.80;1559.00;3.75;0
93;industrial_complex;3179.00;9.88;1555.00;1.09;0
93;industrial_complex;3181.00;9.90;1552.00;3.15;0
93;industrial_complex;3181.00;9.90;1555.00;1.69;0
93;industrial_complex;3182.00;9.85;1556.00;4.35;0
93;nuclear_reactor;3179.00;9.80;1560.00;3.15;0
93;radar_station;3179.00;9.90;1551.00;4.44;0
93;rocket_site;3179.00;9.82;1556.00;0.48;0
93;synthetic_refinery;3179.00;9.82;1556.00;3.09;0
94;air_base;3204.00;10.20;1584.00;1.53;0
94;anti_air_building;3193.00;9.85;1579.00;0.48;0
94;anti_air_building;3196.00;9.90;1579.00;6.16;0
94;anti_air_building;3203.00;9.90;1589.00;3.15;0
94;arms_factory;3188.00;10.00;1583.00;0.41;0
94;arms_factory;3188.00;10.18;1581.00;0.92;0
94;arms_factory;3190.00;9.90;1587.00;3.08;0
94;arms_factory;3192.00;9.90;1582.00;2.48;0
94;arms_factory;3193.00;9.90;1587.00;1.02;0
94;arms_factory;3203.00;9.93;1586.00;4.03;0
94;bunker;3181.00;9.82;1572.00;6.26;0
94;bunker;3192.00;9.90;1587.00;2.04;0
94;bunker;3194.00;9.95;1576.00;5.65;0
94;bunker;3200.00;10.00;1584.00;4.70;0
94;bunker;3204.00;9.93;1588.00;4.10;0
94;fuel_silo;3195.00;9.82;1577.00;5.22;0
94;industrial_complex;3186.00;10.28;1579.00;5.15;0
94;industrial_complex;3187.00;10.07;1584.00;1.43;0
94;industrial_complex;3191.00;9.90;1583.00;0.92;0
94;industrial_complex;3192.00;9.90;1585.00;2.98;0
94;industrial_complex;3205.00;9.90;1593.00;4.54;0
94;industrial_complex;3207.00;10.03;1587.00;3.59;0
94;nuclear_reactor;3194.00;9.90;1583.00;5.82;0
94;radar_station;3195.00;9.90;1581.00;2.49;0
94;rocket_site;3190.00;9.80;1575.00;4.61;0
94;synthetic_refinery;3203.00;9.93;1586.00;1.09;0
95;air_base;3211.00;10.40;1561.00;1.07;0
95;anti_air_building;3205.00;10.50;1550.00;2.78;0
95;anti_air_building;3220.00;9.85;1567.00;0.62;0
95;anti_air_building;3224.00;9.80;1559.00;0.12;0
95;arms_factory;3203.00;10.50;1553.00;2.11;0
95;arms_factory;3209.00;10.45;1555.00;1.16;0
95;arms_factory;3214.00;10.40;1556.00;4.78;0
95;arms_factory;3217.00;10.20;1561.00;2.71;0
95;arms_factory;3217.00;10.23;1553.00;5.38;0
95;arms_factory;3220.00;9.82;1563.00;0.55;0
95;bunker;3208.00;10.50;1552.00;4.84;0
95;bunker;3214.00;10.40;1569.00;4.34;0
95;bunker;3217.00;10.18;1552.00;2.17;0
95;bunker;3217.00;10.20;1561.00;2.78;0
95;bunker;3222.00;9.80;1568.00;2.27;0
95;bunker;3225.00;9.80;1561.00;0.11;0
95;fuel_silo;3219.00;9.85;1569.00;4.85;0
95;industrial_complex;3205.00;10.40;1567.00;5.89;0
95;industrial_complex;3209.00;10.40;1558.00;2.62;0
95;industrial_complex;3210.00;10.40;1568.00;5.28;0
95;industrial_complex;3217.00;10.30;1559.00;1.67;0
95;industrial_complex;3225.00;9.80;1560.00;4.68;0
95;industrial_complex;3229.00;9.80;1565.00;4.33;0
95;nuclear_reactor;3214.00;10.40;1563.00;0.28;0
95;radar_station;3217.00;10.30;1559.00;2.41;0
95;rocket_site;3226.00;9.80;1556.00;5.35;0
95;synthetic_refinery;3203.00;10.50;1552.00;1.83;0
96;air_base;3193.00;9.80;1603.00;0.92;0
96;anti_air_building;3180.00;10.05;1597.00;5.65;0
96;anti_air_building;3187.00;9.80;1593.00;1.53;0
96;anti_air_building;3203.00;10.48;1608.00;2.04;0
96;arms_factory;3184.00;9.82;1593.00;1.36;0
96;arms_factory;3186.00;9.80;1596.00;4.03;0
96;arms_factory;3197.00;9.95;1606.00;5.58;0
96;arms_factory;3197.00;10.45;1619.00;0.86;0
96;arms_factory;3199.00;10.40;1615.00;3.52;0
96;arms_factory;3205.00;10.20;1619.00;5.59;0
96;bunker;3182.00;10.07;1594.00;3.59;0
96;bunker;3192.00;9.80;1606.00;1.02;0
96;bunker;3195.00;10.00;1610.00;2.98;0
96;bunker;3198.00;9.80;1597.00;5.15;0
96;bunker;3202.00;9.85;1599.00;1.43;0
96;bunker;3203.00;10.40;1622.00;0.92;0
96;bunker;3211.00;10.48;1620.00;4.54;0
96;fuel_silo;3186.00;9.80;1601.00;6.26;0
96;industrial_complex;3183.00;9.80;1602.00;4.03;0
96;industrial_complex;3184.00;9.80;1597.00;2.48;0
96;industrial_complex;3197.00;9.80;1600.00;4.64;0
96;industrial_complex;3205.00;10.03;1611.00;0.41;0
96;industrial_complex;3208.00;10.00;1612.00;3.42;0
96;industrial_complex;3211.00;10.48;1621.00;3.08;0
96;nuclear_reactor;3194.00;10.32;1612.00;3.15;0
96;radar_station;3196.00;9.90;1608.00;4.44;0
96;rocket_site;3201.00;9.80;1596.00;0.48;0
96;synthetic_refinery;3207.00;10.00;1613.00;4.70;0
97;air_base;3173.00;10.40;1583.00;0.49;0
97;anti_air_building;3165.00;9.85;1569.00;1.61;0
97;anti_air_building;3165.00;10.40;1590.00;5.73;0
97;anti_air_building;3169.00;9.90;1572.00;0.65;0
97;arms_factory;3166.00;10.40;1593.00;0.94;0
97;arms_factory;3171.00;9.82;1570.00;5.15;0
97;arms_factory;3173.00;9.80;1565.00;2.99;0
97;arms_factory;3174.00;10.40;1597.00;6.26;0
97;arms_factory;3175.00;10.50;1587.00;3.60;0
97;arms_factory;3179.00;10.43;1583.00;4.20;0
97;bunker;3162.00;9.82;1602.00;0.05;0
97;bunker;3165.00;9.82;1572.00;1.10;0
97;bunker;3165.00;10.20;1576.00;3.16;0
97;bunker;3167.00;10.40;1593.00;5.22;0
97;bunker;3168.00;10.00;1600.00;6.18;0
97;bunker;3169.00;10.40;1593.00;3.06;0
97;bunker;3170.00;9.80;1565.00;3.67;0
97;bunker;3177.00;10.50;1592.00;3.15;0
97;bunker;3181.00;10.43;1589.00;1.00;0
97;fuel_silo;3180.00;10.50;1587.00;0.06;0
97;industrial_complex;3166.00;9.90;1603.00;4.11;0
97;industrial_complex;3167.00;10.40;1589.00;4.10;0
97;industrial_complex;3170.00;10.40;1581.00;5.66;0
97;industrial_complex;3171.00;9.80;1576.00;2.05;0
97;industrial_complex;3178.00;10.50;1587.00;4.71;0
97;industrial_complex;3181.00;10.45;1579.00;2.55;0
97;nuclear_reactor;3175.00;10.40;1583.00;2.12;0
97;radar_station;3171.00;10.40;1586.00;3.09;0
97;rocket_site;3172.00;10.50;1589.00;0.56;0
97;synthetic_refinery;3173.00;9.80;1567.00;4.78;0
98;air_base;3133.00;10.00;1574.00;1.07;0
98;anti_air_building;3107.00;10.05;1576.00;1.23;0
98;anti_air_building;3117.00;9.80;1576.00;5.35;0
98;anti_air_building;3139.00;10.38;1584.00;4.85;0
98;arms_factory;3112.00;10.00;1576.00;2.71;0
98;arms_factory;3123.00;9.82;1576.00;0.55;0
98;arms_factory;3130.00;10.18;1575.00;4.78;0
98;arms_factory;3143.00;10.40;1579.00;2.11;0
98;arms_factory;3146.00;10.32;1584.00;1.16;0
98;arms_factory;3150.00;10.30;1586.00;5.38;0
98;bunker;3101.00;10.23;1578.00;0.62;0
98;bunker;3121.00;9.80;1578.00;2.78;0
98;bunker;3122.00;9.68;1570.00;4.34;0
98;bunker;3131.00;10.32;1577.00;0.11;0
98;bunker;3134.00;9.82;1572.00;4.84;0
98;bunker;3139.00;10.07;1575.00;2.17;0
98;bunker;3143.00;10.43;1584.00;2.27;0
98;bunker;3148.00;10.38;1578.00;0.12;0
98;bunker;3158.00;10.30;1578.00;1.83;0
98;bunker;3161.00;10.38;1592.00;2.78;0
98;fuel_silo;3141.00;10.38;1578.00;3.29;0
98;industrial_complex;3104.00;10.18;1577.00;2.62;0
98;industrial_complex;3130.00;10.38;1576.00;4.68;0
98;industrial_complex;3136.00;10.30;1579.00;5.89;0
98;industrial_complex;3139.00;10.38;1584.00;5.28;0
98;industrial_complex;3140.00;10.38;1579.00;4.33;0
98;industrial_complex;3154.00;10.32;1585.00;1.67;0
98;nuclear_reactor;3155.00;10.32;1584.00;0.18;0
98;radar_station;3132.00;10.30;1581.00;1.24;0
98;rocket_site;3147.00;10.40;1583.00;2.34;0
98;synthetic_refinery;3127.00;10.20;1575.00;0.28;0
99;air_base;2962.00;9.70;1648.00;2.72;0
99;bunker;2938.65;9.70;1652.78;3.73;0
99;bunker;2940.15;9.70;1664.36;0.12;0
99;bunker;2956.42;10.20;1654.41;0.72;0
99;bunker;2961.34;9.80;1660.65;0.11;0
99;bunker;2963.00;9.70;1672.00;5.80;0
99;bunker;2965.00;9.70;1651.00;1.07;0
99;coastal_bunker;2939.00;9.50;1658.00;-0.79;0
99;coastal_bunker;2946.00;9.60;1662.00;-2.68;0
99;coastal_bunker;2966.00;9.50;1658.00;1.57;0
99;coastal_bunker;2968.00;9.50;1651.00;0.93;0
99;coastal_bunker;2978.00;9.50;1673.00;1.19;0
99;dockyard;2965.00;9.50;1661.00;1.57;0
99;fuel_silo;2965.00;9.70;1651.00;2.71;0
99;naval_base;2943.00;9.63;1656.00;-2.68;13802
99;naval_base;2951.00;9.50;1661.00;-2.25;13802
99;naval_base;2955.00;9.68;1670.00;-4.04;2455
99;naval_base;2957.00;9.57;1672.00;-3.14;2455
99;naval_base;2969.00;9.50;1651.00;0.93;2408
99;nuclear_reactor;2938.00;9.70;1652.00;3.81;0
99;radar_station;2956.00;9.70;1670.00;4.40;0
99;synthetic_refinery;2947.00;10.15;1647.00;1.74;0
100;air_base;2524.00;9.70;1868.00;3.22;0
100;anti_air_building;2479.00;10.65;1883.00;4.84;0
100;anti_air_building;2534.00;11.13;1912.00;0.72;0
100;anti_air_building;2542.00;13.03;1898.00;0.12;0
100;arms_factory;2455.00;9.60;1929.00;1.00;0
100;arms_factory;2492.00;12.85;1893.00;0.05;0
100;arms_factory;2507.00;11.38;1914.00;4.27;0
100;arms_factory;2529.00;13.98;1888.00;2.71;0
100;arms_factory;2540.00;14.18;1894.00;1.60;0
100;arms_factory;2571.00;10.18;1919.00;3.66;0
100;bunker;2449.00;10.45;1923.00;0.19;0
100;bunker;2454.00;9.55;1871.00;1.07;0
100;bunker;2460.00;9.78;1897.00;2.26;0
100;bunker;2469.00;9.73;1922.00;0.70;0
100;bunker;2483.00;10.68;1894.00;1.23;0
100;bunker;2486.00;10.28;1909.00;0.21;0
100;bunker;2486.00;10.78;1903.00;4.92;0
100;bunker;2489.00;12.32;1894.00;2.86;0
100;bunker;2490.00;9.90;1875.00;1.39;0
100;bunker;2495.00;9.98;1869.00;4.42;0
100;bunker;2509.00;11.82;1886.00;1.91;0
100;bunker;2515.00;12.28;1918.00;2.79;0
100;bunker;2519.00;12.18;1892.00;3.90;0
100;bunker;2525.00;11.95;1878.00;4.41;0
100;bunker;2525.00;11.95;1912.00;0.19;0
100;bunker;2531.00;10.00;1923.00;5.96;0
100;bunker;2539.00;11.95;1879.00;0.63;0
100;bunker;2545.00;12.90;1896.00;4.85;0
100;bunker;2552.00;12.13;1899.00;2.70;0
100;bunker;2559.00;11.75;1910.00;5.97;0
100;bunker;2561.00;12.13;1897.00;2.35;0
100;bunker;2569.00;10.75;1921.00;3.23;0
100;bunker;2578.00;11.05;1899.00;3.30;0
100;coastal_bunker;2448.00;9.50;1895.00;-0.40;0
100;coastal_bunker;2451.00;9.63;1925.00;-1.57;0
100;coastal_bunker;2462.00;9.50;1883.00;-1.33;0
100;coastal_bunker;2472.00;9.50;1918.00;1.33;0
100;coastal_bunker;2477.00;9.63;1904.00;-3.27;0
100;coastal_bunker;2488.00;9.50;1866.00;-0.79;0
100;coastal_bunker;2494.00;9.73;1924.00;-2.74;0
100;coastal_bunker;2502.00;9.50;1861.00;0.11;0
100;coastal_bunker;2515.00;9.60;1928.00;-3.00;0
100;coastal_bunker;2521.00;9.50;1861.00;-0.24;0
100;coastal_bunker;2522.00;9.80;1918.00;-2.85;0
100;coastal_bunker;2536.00;9.50;1929.00;-2.28;0
100;coastal_bunker;2553.00;9.50;1875.00;0.67;0
100;coastal_bunker;2574.00;9.57;1884.00;0.52;0
100;coastal_bunker;2575.00;9.50;1921.00;-4.53;0
100;coastal_bunker;2579.00;9.50;1916.00;-4.08;0
100;coastal_bunker;2594.00;9.50;1902.00;1.41;0
100;dockyard;2521.00;9.50;1928.00;-2.74;0
100;fuel_silo;2513.00;11.35;1876.00;0.55;0
100;industrial_complex;2495.00;10.50;1884.00;2.61;0
100;industrial_complex;2503.00;11.28;1904.00;5.73;0
100;industrial_complex;2512.00;13.82;1897.00;0.56;0
100;industrial_complex;2527.00;10.80;1874.00;2.11;0
100;industrial_complex;2533.00;11.20;1913.00;4.78;0
100;industrial_complex;2544.00;13.00;1899.00;2.72;0
100;naval_base;2429.00;9.50;1912.00;-1.57;8436
100;naval_base;2442.00;9.50;1895.00;-0.79;8534
100;naval_base;2460.00;9.50;1871.00;-0.40;8534
100;naval_base;2465.00;9.50;1911.00;-0.79;8436
100;naval_base;2475.00;9.95;1904.00;-3.27;8490
100;naval_base;2477.00;9.50;1873.00;-0.79;8534
100;naval_base;2480.00;9.50;1915.00;-2.47;8490
100;naval_base;2502.00;9.50;1861.00;0.11;8509
100;naval_base;2521.00;10.05;1919.00;-2.74;8490
100;naval_base;2525.00;9.60;1865.00;0.22;8509
100;naval_base;2529.00;9.68;1926.00;-2.85;8490
100;naval_base;2535.00;9.57;1925.00;-2.28;8490
100;naval_base;2542.00;9.50;1872.00;0.67;8509
100;naval_base;2549.00;9.50;1931.00;-3.22;8557
100;naval_base;2572.00;9.50;1882.00;0.52;8509
100;naval_base;2576.00;9.60;1918.00;-4.08;8413
100;naval_base;2591.00;9.50;1900.00;1.41;8413
100;nuclear_reactor;2471.00;9.55;1872.00;4.85;0
100;radar_station;2507.00;12.90;1867.00;5.45;0
100;rocket_site;2571.00;10.03;1924.00;2.19;0
100;synthetic_refinery;2499.00;12.55;1896.00;2.78;0
101;air_base;2033.00;11.55;1932.00;5.01;0
101;anti_air_building;2017.00;10.65;1930.00;4.91;0
101;anti_air_building;2036.00;12.98;1936.00;5.52;0
101;anti_air_building;2041.00;12.32;1929.00;0.79;0
101;arms_factory;2003.00;9.60;1945.00;3.29;0
101;arms_factory;2018.00;11.32;1940.00;1.13;0
101;arms_factory;2020.00;11.07;1942.00;5.35;0
101;arms_factory;2021.00;11.80;1940.00;4.85;0
101;arms_factory;2024.00;10.88;1949.00;1.23;0
101;arms_factory;2033.00;13.30;1938.00;0.28;0
101;bunker;2027.00;11.43;1942.00;4.04;0
101;bunker;2032.00;10.20;1916.00;1.38;0
101;coastal_bunker;2011.00;9.50;1926.00;-1.93;0
101;coastal_bunker;2018.00;9.50;1916.00;-0.91;0
101;dockyard;2006.00;9.50;1941.00;-1.93;0
101;fuel_silo;2030.00;11.35;1932.00;1.29;0
101;industrial_complex;2009.00;10.20;1931.00;2.34;0
101;industrial_complex;2011.00;10.43;1933.00;1.74;0
101;industrial_complex;2013.00;9.80;1927.00;4.40;0
101;industrial_complex;2014.00;10.48;1940.00;0.79;0
101;industrial_complex;2016.00;10.25;1942.00;0.18;0
101;industrial_complex;2021.00;10.65;1930.00;4.91;0
101;naval_base;2003.00;9.50;1934.00;-1.93;600
101;naval_base;2026.00;9.78;1921.00;-0.06;7952
101;nuclear_reactor;2038.00;12.12;1929.00;3.36;0
101;radar_station;2023.00;11.20;1932.00;3.66;0
101;rocket_site;2037.00;12.68;1935.00;5.52;0
101;synthetic_refinery;2016.00;9.80;1927.00;5.45;0
102;air_base;3040.00;11.73;1443.00;0.21;0
102;anti_air_building;3036.00;11.20;1443.00;2.05;0
102;anti_air_building;3041.00;11.73;1440.00;6.28;0
102;anti_air_building;3048.00;11.25;1438.00;5.06;0
102;arms_factory;3033.00;11.45;1438.00;2.71;0
102;arms_factory;3037.00;12.05;1437.00;5.73;0
102;arms_factory;3039.00;12.75;1434.00;4.78;0
102;arms_factory;3040.00;12.35;1445.00;2.11;0
102;arms_factory;3042.00;12.60;1433.00;2.61;0
102;arms_factory;3043.98;12.00;1438.55;0.05;0
102;bunker;3028.08;12.50;1440.97;5.80;0
102;bunker;3033.63;11.80;1434.30;1.07;0
102;bunker;3040.12;11.90;1441.73;0.11;0
102;bunker;3041.64;12.10;1431.61;3.23;0
102;bunker;3047.92;11.20;1438.54;0.72;0
102;fuel_silo;3036.00;11.28;1439.00;4.77;0
102;industrial_complex;3031.00;11.57;1440.00;4.71;0
102;industrial_complex;3032.00;11.57;1436.00;2.65;0
102;industrial_complex;3038.00;11.78;1438.00;0.49;0
102;industrial_complex;3038.00;12.60;1435.00;2.04;0
102;industrial_complex;3039.00;12.68;1433.00;2.55;0
102;industrial_complex;3046.75;11.50;1442.75;0.48;0
102;nuclear_reactor;3040.00;11.55;1440.00;5.45;0
102;radar_station;3036.00;11.43;1439.00;1.23;0
102;rocket_site;3033.00;11.35;1439.00;5.35;0
102;synthetic_refinery;3044.00;11.73;1444.00;4.85;0
103;dockyard;3033.00;9.50;1424.00;-0.79;0
104;bunker;3087.00;12.63;1405.00;4.96;0
104;bunker;3095.00;14.05;1400.00;0.74;0
104;bunker;3105.00;13.63;1396.00;4.44;0
105;air_base;3106.00;14.00;1386.00;5.80;0
105;bunker;3098.88;12.20;1378.44;2.19;0
105;bunker;3106.92;12.70;1378.70;5.45;0
105;bunker;3116.10;12.90;1375.64;4.85;0
105;nuclear_reactor;3103.00;13.93;1373.00;3.81;0
105;radar_station;3110.00;13.88;1373.00;4.40;0
105;rocket_site;3102.00;13.95;1384.00;0.79;0
106;air_base;3143.00;12.68;1357.00;1.48;0
106;anti_air_building;3143.00;10.78;1366.00;0.94;0
106;anti_air_building;3144.00;12.45;1359.00;2.15;0
106;anti_air_building;3159.00;11.82;1353.00;3.10;0
106;arms_factory;3137.00;13.28;1348.00;0.97;0
106;arms_factory;3138.00;14.05;1345.00;2.53;0
106;arms_factory;3139.00;13.03;1350.00;0.36;0
106;arms_factory;3143.00;12.65;1356.00;2.43;0
106;arms_factory;3144.00;12.70;1355.00;3.03;0
106;arms_factory;3153.00;13.18;1349.00;4.59;0
106;bunker;3134.00;14.15;1358.00;4.66;0
106;bunker;3136.00;13.63;1342.00;0.43;0
106;bunker;3144.00;12.00;1342.00;5.27;0
106;bunker;3147.00;11.98;1356.00;4.66;0
106;bunker;3148.00;11.95;1361.00;6.21;0
106;bunker;3150.00;11.98;1366.00;1.99;0
106;bunker;3151.00;13.38;1352.00;4.15;0
106;bunker;3152.00;12.57;1365.00;1.04;0
106;bunker;3158.00;11.40;1350.00;3.71;0
106;bunker;3159.00;13.45;1359.00;2.59;0
106;fuel_silo;3144.00;12.35;1360.00;1.55;0
106;industrial_complex;3139.00;13.03;1350.00;1.48;0
106;industrial_complex;3141.00;12.82;1352.00;6.21;0
106;industrial_complex;3141.00;13.15;1351.00;0.87;0
106;industrial_complex;3143.00;12.65;1356.00;2.09;0
106;industrial_complex;3147.00;11.90;1362.00;3.03;0
106;industrial_complex;3154.00;12.82;1350.00;5.10;0
106;nuclear_reactor;3159.00;12.05;1355.00;3.61;0
106;radar_station;3146.00;12.28;1356.00;1.61;0
106;rocket_site;3157.00;11.40;1349.00;0.60;0
106;synthetic_refinery;3144.00;10.78;1367.00;5.17;0
107;bunker;3122.00;10.90;1408.00;3.29;0
107;bunker;3132.00;10.95;1403.00;2.19;0
107;rocket_site;3125.00;10.53;1408.00;0.79;0
107;synthetic_refinery;3126.00;10.50;1406.00;1.74;0
108;air_base;3121.00;12.32;1389.00;2.19;0
108;anti_air_building;3121.00;12.50;1390.00;2.34;0
108;anti_air_building;3128.00;12.10;1384.00;5.96;0
108;anti_air_building;3135.00;13.05;1387.00;3.90;0
108;bunker;3123.39;11.60;1387.44;5.45;0
108;bunker;3129.09;11.80;1383.23;2.78;0
108;bunker;3129.84;12.10;1390.27;5.35;0
108;bunker;3135.90;10.50;1395.47;0.12;0
108;fuel_silo;3129.00;11.78;1383.00;2.26;0
108;nuclear_reactor;3132.00;13.03;1389.00;3.81;0
108;radar_station;3133.00;13.60;1385.00;4.40;0
108;rocket_site;3126.00;11.85;1387.00;0.79;0
108;synthetic_refinery;3121.00;12.68;1391.00;1.74;0
109;bunker;3055.21;10.00;1435.44;0.19;0
109;bunker;3064.08;9.80;1439.16;3.90;0
109;rocket_site;3063.00;9.90;1440.00;2.86;0
110;bunker;2961.00;9.93;1720.00;2.85;0
110;bunker;2965.00;9.70;1716.00;0.93;0
110;bunker;2972.00;10.10;1738.00;6.03;0
110;bunker;2973.00;9.55;1727.00;2.99;0
110;bunker;2976.00;9.70;1728.00;0.32;0
110;bunker;2986.00;10.40;1724.00;2.93;0
110;bunker;2986.00;10.50;1726.00;3.44;0
110;coastal_bunker;2959.00;9.50;1715.00;0.00;0
110;coastal_bunker;2965.00;9.50;1713.00;0.79;0
110;coastal_bunker;2970.00;9.50;1734.00;-0.59;0
110;coastal_bunker;2974.00;9.50;1717.00;-1.57;0
110;coastal_bunker;2982.00;9.50;1715.00;-1.11;0
110;dockyard;2974.00;9.50;1719.00;-1.57;0
110;fuel_silo;2957.00;9.70;1718.00;1.67;0
110;naval_base;2960.00;9.50;1713.00;0.00;2455
110;naval_base;2966.00;9.50;1714.00;0.79;2455
110;naval_base;2966.00;9.50;1729.00;-0.59;2455
110;naval_base;2973.00;9.50;1719.00;-1.57;2455
110;naval_base;2981.00;9.50;1715.00;-1.11;2455
110;rocket_site;2986.00;9.88;1719.00;6.18;0
111;air_base;3171.00;9.75;1771.00;2.34;0
111;anti_air_building;3193.00;9.78;1786.00;4.06;0
111;anti_air_building;3202.00;10.50;1797.00;0.79;0
111;anti_air_building;3204.00;10.55;1793.00;6.22;0
111;arms_factory;3187.00;10.35;1802.00;1.83;0
111;arms_factory;3189.00;10.43;1798.00;1.33;0
111;arms_factory;3192.00;10.25;1770.00;5.55;0
111;arms_factory;3193.00;10.35;1761.00;3.99;0
111;arms_factory;3197.00;10.30;1772.00;6.05;0
111;arms_factory;3203.00;10.28;1783.00;3.39;0
111;bunker;3169.00;9.57;1768.00;0.42;0
111;bunker;3180.00;9.60;1768.00;3.97;0
111;bunker;3181.00;10.50;1797.00;1.30;0
111;bunker;3186.00;9.75;1782.00;0.36;0
111;bunker;3188.00;10.48;1802.00;1.99;0
111;bunker;3191.00;10.13;1761.00;2.41;0
111;bunker;3192.00;9.73;1785.00;5.01;0
111;bunker;3193.00;9.53;1774.00;4.04;0
111;bunker;3193.00;10.50;1793.00;5.61;0
111;bunker;3195.00;10.30;1770.00;2.48;0
111;bunker;3196.00;10.50;1814.00;3.55;0
111;bunker;3201.00;10.50;1816.00;0.28;0
111;bunker;3211.00;9.93;1801.00;2.95;0
111;bunker;3211.00;10.28;1787.00;6.03;0
111;bunker;3217.00;10.12;1786.00;5.52;0
111;bunker;3218.00;9.53;1804.00;1.30;0
111;bunker;3221.00;10.18;1771.00;3.46;0
111;bunker;3227.00;10.28;1813.00;1.90;0
111;bunker;3228.00;10.03;1791.00;2.86;0
111;fuel_silo;3185.00;9.85;1783.00;5.79;0
111;industrial_complex;3185.00;9.57;1764.00;3.39;0
111;industrial_complex;3192.00;10.57;1796.00;4.50;0
111;industrial_complex;3195.00;10.55;1793.00;0.28;0
111;industrial_complex;3200.00;10.50;1814.00;1.83;0
111;industrial_complex;3200.00;10.53;1790.00;6.06;0
111;industrial_complex;3206.00;9.98;1810.00;2.44;0
111;nuclear_reactor;3196.00;10.20;1775.00;2.51;0
111;radar_station;3200.00;10.50;1800.00;6.12;0
111;rocket_site;3191.00;10.25;1770.00;1.61;0
111;synthetic_refinery;3202.00;9.90;1771.00;3.46;0
112;bunker;2664.45;9.70;1305.55;4.41;0
112;bunker;2665.43;9.70;1313.84;6.03;0
112;bunker;2670.00;9.75;1325.00;2.25;0
112;bunker;2675.00;10.25;1341.00;2.86;0
112;bunker;2677.09;11.10;1326.01;1.30;0
112;coastal_bunker;2661.00;9.50;1300.00;-0.24;0
112;coastal_bunker;2665.00;9.50;1318.00;-1.57;0
112;coastal_bunker;2669.00;9.50;1331.00;-2.55;0
112;coastal_bunker;2671.00;9.50;1339.00;-1.89;0
112;naval_base;2660.63;9.30;1299.23;-0.24;5336
112;naval_base;2665.00;9.50;1319.00;-1.57;5311
112;naval_base;2669.00;9.53;1330.00;-2.55;8749
112;naval_base;2670.00;9.55;1334.00;-1.89;8749
112;radar_station;2671.00;9.80;1321.00;3.52;0
113;air_base;2682.17;10.30;1597.43;2.30;0
113;anti_air_building;2675.00;10.30;1605.00;0.26;0
113;anti_air_building;2695.00;9.73;1580.00;2.41;0
113;anti_air_building;2696.00;9.95;1586.00;0.36;0
113;arms_factory;2682.00;9.95;1585.00;1.23;0
113;arms_factory;2684.00;9.85;1609.00;4.85;0
113;arms_factory;2692.00;11.00;1592.00;5.35;0
113;arms_factory;2692.30;11.50;1600.93;5.45;0
113;arms_factory;2694.00;11.55;1594.00;2.78;0
113;arms_factory;2697.64;11.40;1595.52;2.19;0
113;bunker;2676.00;10.45;1597.00;4.41;0
113;bunker;2678.00;9.82;1611.00;6.03;0
113;bunker;2678.00;10.30;1602.00;2.25;0
113;bunker;2688.00;9.80;1607.00;5.52;0
113;bunker;2692.00;11.13;1593.00;2.86;0
113;bunker;2694.00;9.85;1580.00;1.30;0
113;bunker;2695.00;10.45;1606.00;1.90;0
113;bunker;2698.00;10.00;1588.00;3.46;0
113;coastal_bunker;2696.00;9.88;1610.00;-4.19;0
113;coastal_bunker;2697.00;9.50;1580.00;0.46;0
113;coastal_bunker;2699.00;10.20;1601.00;1.57;0
113;coastal_bunker;2701.00;9.95;1592.00;-4.51;0
113;dockyard;2698.00;9.65;1583.00;-4.51;0
113;fuel_silo;2691.00;11.07;1597.00;4.83;0
113;industrial_complex;2677.00;10.13;1594.00;2.34;0
113;industrial_complex;2685.00;10.05;1617.00;1.74;0
113;industrial_complex;2689.69;10.00;1579.28;3.29;0
113;industrial_complex;2690.00;10.65;1600.00;3.90;0
113;industrial_complex;2694.00;10.88;1604.00;5.96;0
113;industrial_complex;2697.48;11.80;1601.34;5.45;0
113;naval_base;2695.00;9.50;1577.00;0.46;4212
113;naval_base;2698.00;9.60;1609.00;-4.19;8340
113;naval_base;2698.00;9.65;1583.00;-4.51;3990
113;naval_base;2700.03;10.50;1603.46;-5.13;3990
113;nuclear_reactor;2681.00;9.82;1603.00;0.26;0
113;radar_station;2685.00;10.03;1590.00;0.86;0
113;rocket_site;2696.00;11.60;1597.00;3.52;0
113;synthetic_refinery;2677.00;10.28;1596.00;4.48;0
114;air_base;2945.00;9.85;1312.00;2.12;0
114;anti_air_building;2941.00;9.70;1317.00;4.35;0
114;anti_air_building;2945.00;9.82;1308.00;4.25;0
114;anti_air_building;2954.00;10.40;1315.00;2.19;0
114;arms_factory;2940.00;9.70;1311.00;4.62;0
114;arms_factory;2940.00;9.70;1324.00;1.61;0
114;arms_factory;2941.00;9.57;1306.00;5.83;0
114;arms_factory;2946.00;9.68;1311.00;0.50;0
114;arms_factory;2949.00;9.53;1310.00;3.67;0
114;arms_factory;2953.00;10.05;1312.00;0.40;0
114;bunker;2943.00;10.07;1314.00;2.63;0
114;bunker;2946.00;9.73;1312.00;5.30;0
114;bunker;2953.00;9.80;1311.00;5.90;0
114;coastal_bunker;2938.00;9.50;1316.00;-1.37;0
114;coastal_bunker;2938.00;9.50;1323.00;-1.77;0
114;coastal_bunker;2946.00;9.55;1308.00;0.59;0
114;coastal_bunker;2956.00;9.57;1314.00;1.57;0
114;dockyard;2939.00;9.50;1322.00;-0.64;0
114;fuel_silo;2946.00;9.82;1314.00;0.11;0
114;industrial_complex;2939.00;9.60;1315.00;4.18;0
114;industrial_complex;2942.00;9.95;1314.00;5.73;0
114;industrial_complex;2943.00;10.00;1311.00;2.12;0
114;industrial_complex;2944.00;9.95;1322.00;3.68;0
114;industrial_complex;2945.00;10.05;1318.00;4.28;0
114;industrial_complex;2955.00;9.93;1314.00;0.06;0
114;naval_base;2938.00;9.50;1312.00;-1.37;8941
114;naval_base;2938.00;9.50;1322.00;-0.64;8941
114;naval_base;2946.00;9.55;1308.00;0.59;5605
114;naval_base;2955.00;9.73;1313.00;0.54;5605
114;nuclear_reactor;2951.00;9.88;1312.00;0.63;0
114;radar_station;2947.00;10.18;1317.00;1.52;0
114;rocket_site;2943.00;10.07;1313.00;2.80;0
114;synthetic_refinery;2939.00;9.55;1328.00;4.85;0
115;air_base;3011.00;9.60;1288.00;2.85;0
115;anti_air_building;3014.00;10.15;1277.00;4.64;0
115;anti_air_building;3020.00;9.63;1273.00;3.44;0
115;anti_air_building;3040.00;10.35;1270.00;0.42;0
115;arms_factory;3004.00;9.70;1283.00;3.29;0
115;arms_factory;3007.00;9.55;1280.00;5.45;0
115;arms_factory;3013.00;10.23;1286.00;5.96;0
115;arms_factory;3019.00;12.45;1280.00;1.23;0
115;arms_factory;3026.00;10.88;1276.00;2.34;0
115;arms_factory;3042.00;10.50;1281.00;5.35;0
115;bunker;3004.00;9.70;1283.00;0.26;0
115;bunker;3017.00;10.68;1276.00;1.81;0
115;bunker;3019.00;10.25;1284.00;4.47;0
115;bunker;3024.00;9.73;1273.00;1.31;0
115;bunker;3026.00;12.43;1283.00;2.41;0
115;bunker;3032.00;10.40;1273.00;6.03;0
115;bunker;3037.00;10.35;1287.00;4.48;0
115;bunker;3040.00;9.95;1273.00;0.36;0
115;bunker;3041.00;11.63;1286.00;3.97;0
115;coastal_bunker;3001.00;9.50;1283.00;-2.16;0
115;coastal_bunker;3010.00;9.50;1288.00;-2.25;0
115;coastal_bunker;3022.00;9.50;1270.00;-0.46;0
115;coastal_bunker;3024.00;10.28;1286.00;-2.90;0
115;coastal_bunker;3033.00;9.50;1265.00;-0.46;0
115;coastal_bunker;3036.00;10.18;1287.00;-3.46;0
115;coastal_bunker;3041.00;9.63;1266.00;0.20;0
115;coastal_bunker;3043.00;9.78;1281.00;-4.25;0
115;dockyard;3039.00;9.50;1263.00;0.20;0
115;fuel_silo;3024.00;9.85;1274.00;2.78;0
115;industrial_complex;3012.00;10.25;1279.00;3.81;0
115;industrial_complex;3014.00;11.30;1284.00;0.19;0
115;industrial_complex;3031.00;11.82;1282.00;3.90;0
115;industrial_complex;3038.00;10.35;1275.00;4.40;0
115;industrial_complex;3039.00;12.53;1284.00;1.74;0
115;industrial_complex;3042.00;11.25;1283.00;0.79;0
115;naval_base;3010.00;9.50;1278.00;0.24;9013
115;naval_base;3014.00;9.50;1275.00;-0.46;9013
115;naval_base;3015.00;9.88;1287.00;-3.61;5681
115;naval_base;3025.00;9.50;1287.00;-2.90;5681
115;naval_base;3031.00;9.50;1267.00;-0.46;9013
115;naval_base;3035.00;9.50;1264.00;-0.67;9013
115;naval_base;3036.00;10.18;1287.00;-3.46;5681
115;naval_base;3043.00;10.00;1282.00;-4.25;13658
115;nuclear_reactor;3022.00;11.95;1283.00;4.55;0
115;radar_station;3036.00;11.18;1279.00;0.32;0
115;rocket_site;3030.00;9.57;1270.00;0.43;0
115;synthetic_refinery;3013.00;11.15;1282.00;2.48;0
116;air_base;3031.00;9.57;1248.00;1.68;0
116;anti_air_building;3031.00;9.57;1248.00;4.25;0
116;anti_air_building;3032.00;9.57;1247.00;2.19;0
116;anti_air_building;3032.00;9.57;1247.00;4.35;0
116;arms_factory;3031.00;9.57;1248.00;4.18;0
116;arms_factory;3031.00;9.60;1249.00;2.12;0
116;arms_factory;3031.00;9.60;1249.00;4.79;0
116;arms_factory;3032.00;9.57;1247.00;4.28;0
116;arms_factory;3032.00;9.68;1248.00;0.06;0
116;arms_factory;3032.00;9.68;1248.00;1.17;0
116;bunker;3031.00;9.60;1249.00;1.07;0
116;coastal_bunker;3033.00;9.53;1247.00;0.79;0
116;dockyard;3032.00;9.50;1245.00;0.79;0
116;fuel_silo;3031.00;9.57;1248.00;5.44;0
116;industrial_complex;3031.00;9.57;1248.00;4.18;0
116;industrial_complex;3031.00;9.60;1249.00;5.90;0
116;industrial_complex;3032.00;9.57;1247.00;0.57;0
116;industrial_complex;3032.00;9.57;1247.00;4.69;0
116;industrial_complex;3032.00;9.68;1248.00;2.63;0
116;industrial_complex;3032.00;9.68;1248.00;5.30;0
116;naval_base;3026.00;9.50;1250.00;-2.36;9013
116;nuclear_reactor;3031.00;9.57;1248.00;0.63;0
116;radar_station;3029.00;9.50;1248.00;1.52;0
116;rocket_site;3031.00;9.57;1248.00;2.80;0
116;synthetic_refinery;3031.00;9.60;1249.00;4.85;0
117;air_base;3034.00;10.32;1345.00;2.12;0
117;anti_air_building;3029.00;9.70;1343.00;2.19;0
117;anti_air_building;3031.00;9.70;1342.00;4.85;0
117;anti_air_building;3032.00;9.70;1341.00;0.13;0
117;arms_factory;3027.00;9.70;1342.00;1.10;0
117;arms_factory;3031.00;9.70;1343.00;2.05;0
117;arms_factory;3033.00;9.80;1342.00;6.18;0
117;arms_factory;3041.00;10.85;1343.00;5.22;0
117;arms_factory;3043.00;9.70;1332.00;0.50;0
117;arms_factory;3044.00;11.50;1341.00;0.50;0
117;bunker;3016.00;10.00;1350.00;4.69;0
117;bunker;3022.00;11.03;1354.00;2.63;0
117;bunker;3026.83;10.60;1349.51;5.90;0
117;bunker;3030.00;9.70;1343.00;5.30;0
117;bunker;3041.00;9.75;1335.00;1.17;0
117;bunker;3042.00;10.65;1345.00;0.57;0
117;bunker;3050.00;10.60;1328.00;4.18;0
117;coastal_bunker;3018.00;9.50;1348.00;0.32;0
117;coastal_bunker;3021.00;9.50;1347.00;0.20;0
117;coastal_bunker;3023.00;9.50;1345.00;-0.90;0
117;coastal_bunker;3026.00;9.50;1340.00;-0.32;0
117;coastal_bunker;3034.00;9.50;1336.00;-0.79;0
117;coastal_bunker;3047.00;9.50;1324.00;0.00;0
117;dockyard;3031.00;9.50;1338.00;-0.32;0
117;fuel_silo;3044.00;9.73;1329.00;2.17;0
117;industrial_complex;3017.00;10.65;1353.00;3.67;0
117;industrial_complex;3018.00;10.55;1352.00;0.40;0
117;industrial_complex;3022.00;9.95;1350.00;1.61;0
117;industrial_complex;3038.00;10.68;1341.00;5.83;0
117;industrial_complex;3038.00;10.88;1342.00;4.62;0
117;industrial_complex;3044.00;9.57;1327.00;5.73;0
117;naval_base;3020.00;9.50;1347.00;0.32;1452
117;naval_base;3021.00;9.50;1347.00;0.20;1452
117;naval_base;3022.00;9.50;1347.00;-0.90;1452
117;naval_base;3027.00;9.50;1339.00;-0.32;1452
117;naval_base;3037.00;9.50;1337.00;-0.79;1452
117;naval_base;3047.00;9.50;1324.00;0.00;5681
117;nuclear_reactor;3035.00;10.10;1341.00;4.86;0
117;radar_station;3033.00;9.73;1341.00;0.76;0
117;rocket_site;3042.00;11.28;1341.00;3.30;0
117;synthetic_refinery;3043.00;11.23;1342.00;2.80;0
118;air_base;2720.00;10.43;1254.00;1.55;0
118;anti_air_building;2722.00;9.53;1253.00;2.05;0
118;anti_air_building;2722.00;9.53;1253.00;5.06;0
118;anti_air_building;2722.00;9.53;1253.00;5.67;0
118;arms_factory;2722.00;9.53;1253.00;1.38;0
118;arms_factory;2722.00;9.53;1253.00;2.93;0
118;arms_factory;2722.00;9.53;1253.00;3.44;0
118;arms_factory;2722.00;9.53;1253.00;4.05;0
118;arms_factory;2722.00;9.53;1253.00;5.60;0
118;arms_factory;2722.00;9.53;1253.00;6.11;0
118;bunker;2722.00;9.53;1253.00;3.60;0
118;coastal_bunker;2723.00;9.53;1255.00;0.79;0
118;dockyard;2723.00;9.82;1256.00;0.79;0
118;fuel_silo;2722.00;10.28;1256.00;3.38;0
118;industrial_complex;2722.00;9.53;1253.00;0.43;0
118;industrial_complex;2722.00;9.53;1253.00;1.88;0
118;industrial_complex;2722.00;9.53;1253.00;1.99;0
118;industrial_complex;2722.00;9.53;1253.00;2.49;0
118;industrial_complex;2722.00;9.53;1253.00;5.16;0
118;industrial_complex;2722.00;9.53;1253.00;6.11;0
118;naval_base;2722.00;10.18;1255.00;0.79;5407
118;nuclear_reactor;2722.00;9.53;1253.00;2.05;0
118;radar_station;2723.00;9.50;1253.00;4.79;0
118;rocket_site;2722.00;9.53;1253.00;0.50;0
118;synthetic_refinery;2722.00;9.53;1253.00;6.28;0
119;air_base;2685.00;10.70;1631.00;5.35;0
119;anti_air_building;2678.00;11.00;1626.00;2.86;0
119;anti_air_building;2698.00;9.78;1626.00;5.52;0
119;anti_air_building;2707.00;9.55;1620.00;1.90;0
119;arms_factory;2677.00;10.95;1627.00;1.67;0
119;arms_factory;2679.00;10.20;1621.00;5.80;0
119;arms_factory;2682.00;10.63;1627.00;3.73;0
119;arms_factory;2690.00;11.57;1635.00;0.72;0
119;arms_factory;2691.00;10.20;1623.00;0.11;0
119;arms_factory;2699.00;10.38;1633.00;4.84;0
119;bunker;2680.00;10.18;1621.00;0.79;0
119;bunker;2683.00;10.40;1624.00;3.81;0
119;bunker;2691.00;11.85;1633.00;4.40;0
119;bunker;2692.00;10.20;1622.00;1.74;0
119;bunker;2696.00;10.68;1631.00;0.19;0
119;bunker;2701.00;10.43;1621.00;3.90;0
119;coastal_bunker;2693.00;9.55;1639.00;-2.68;0
119;coastal_bunker;2701.00;9.95;1636.00;-3.73;0
119;coastal_bunker;2702.00;9.50;1614.00;1.17;0
119;coastal_bunker;2710.00;9.50;1623.00;1.37;0
119;dockyard;2689.00;10.20;1638.00;-2.68;0
119;fuel_silo;2703.00;9.95;1618.00;1.31;0
119;industrial_complex;2676.00;10.48;1625.00;4.85;0
119;industrial_complex;2680.00;9.98;1620.00;1.23;0
119;industrial_complex;2684.00;10.60;1630.00;2.78;0
119;industrial_complex;2685.00;10.07;1626.00;5.45;0
119;industrial_complex;2691.00;10.10;1624.00;0.12;0
119;industrial_complex;2691.00;11.43;1636.00;2.19;0
119;naval_base;2687.00;9.50;1637.00;-2.68;3785
119;naval_base;2703.00;9.80;1617.00;1.17;8340
119;naval_base;2703.00;9.80;1632.00;-3.73;3590
119;naval_base;2708.42;9.50;1626.26;1.97;8340
119;nuclear_reactor;2688.00;10.93;1631.00;4.47;0
119;radar_station;2690.00;10.05;1627.00;5.27;0
119;rocket_site;2702.00;9.93;1627.00;1.81;0
119;synthetic_refinery;2696.00;11.07;1633.00;6.03;0
120;air_base;2711.00;11.03;1677.00;3.97;0
120;anti_air_building;2709.00;10.30;1673.00;5.73;0
120;anti_air_building;2718.00;12.88;1691.00;0.05;0
120;anti_air_building;2726.00;13.00;1677.00;1.61;0
120;arms_factory;2711.00;11.07;1684.00;3.46;0
120;arms_factory;2714.00;10.68;1677.00;2.85;0
120;arms_factory;2717.00;12.68;1695.00;4.41;0
120;arms_factory;2719.00;11.30;1674.00;0.19;0
120;arms_factory;2720.00;12.43;1702.00;3.81;0
120;arms_factory;2736.00;10.25;1710.00;2.25;0
120;bunker;2689.00;10.13;1700.00;3.44;0
120;bunker;2692.00;9.70;1689.00;4.20;0
120;bunker;2708.00;9.60;1643.00;3.60;0
120;bunker;2709.00;10.55;1674.00;0.94;0
120;bunker;2714.00;11.43;1694.00;4.55;0
120;bunker;2716.00;10.90;1675.00;2.99;0
120;bunker;2718.00;10.78;1708.00;0.43;0
120;bunker;2718.00;11.30;1665.00;5.15;0
120;bunker;2719.00;11.32;1673.00;2.48;0
120;bunker;2723.00;12.63;1703.00;4.04;0
120;bunker;2723.00;13.82;1694.00;2.49;0
120;bunker;2727.00;11.30;1692.00;0.93;0
120;bunker;2730.00;12.15;1683.00;0.42;0
120;bunker;2735.00;10.35;1710.00;4.64;0
120;coastal_bunker;2690.00;9.50;1697.00;-0.32;0
120;coastal_bunker;2702.00;9.50;1680.00;-2.68;0
120;coastal_bunker;2705.00;9.63;1667.00;0.46;0
120;coastal_bunker;2706.00;9.50;1642.00;1.57;0
120;coastal_bunker;2712.00;10.23;1698.00;-1.57;0
120;coastal_bunker;2713.00;9.82;1672.00;-1.11;0
120;coastal_bunker;2719.00;10.03;1659.00;0.24;0
120;coastal_bunker;2721.00;11.13;1684.00;-4.12;0
120;coastal_bunker;2722.00;10.30;1685.00;0.40;0
120;coastal_bunker;2722.00;10.53;1714.00;-2.98;0
120;coastal_bunker;2727.00;11.78;1713.00;-3.14;0
120;coastal_bunker;2728.00;11.70;1684.00;-2.94;0
120;coastal_bunker;2729.00;10.68;1694.00;1.11;0
120;coastal_bunker;2747.00;9.70;1712.00;-4.47;0
120;dockyard;2711.00;10.00;1672.00;0.46;0
120;fuel_silo;2731.00;11.88;1683.00;5.34;0
120;industrial_complex;2715.00;10.73;1674.00;1.31;0
120;industrial_complex;2717.00;11.13;1702.00;6.03;0
120;industrial_complex;2717.00;11.60;1684.00;1.90;0
120;industrial_complex;2717.00;12.18;1687.00;1.30;0
120;industrial_complex;2722.00;11.80;1711.00;2.86;0
120;industrial_complex;2724.00;13.10;1704.00;5.52;0
120;naval_base;2679.00;9.50;1684.00;-0.32;3590
120;naval_base;2701.00;9.75;1685.00;-2.68;3590
120;naval_base;2704.00;9.50;1657.00;1.57;3590
120;naval_base;2707.00;9.50;1665.00;0.46;3590
120;naval_base;2710.00;9.78;1698.00;-1.57;3590
120;naval_base;2713.00;9.60;1669.00;-1.11;3590
120;naval_base;2714.00;9.68;1702.00;-1.11;3590
120;naval_base;2715.00;9.50;1660.00;0.24;3590
120;naval_base;2722.00;10.80;1686.00;0.40;3195
120;naval_base;2722.00;11.45;1681.00;-4.12;3195
120;naval_base;2723.00;12.18;1712.00;-3.14;8367
120;naval_base;2725.00;10.07;1688.00;1.11;3195
120;naval_base;2725.00;11.45;1682.00;-2.94;3195
120;naval_base;2734.00;9.90;1702.00;-4.47;3195
120;nuclear_reactor;2714.00;10.50;1662.00;4.18;0
120;radar_station;2714.00;11.82;1691.00;4.78;0
120;rocket_site;2723.00;12.23;1671.00;0.06;0
120;synthetic_refinery;2697.00;9.63;1685.00;0.65;0
121;air_base;2739.00;11.90;1662.00;4.47;0
121;anti_air_building;2735.00;12.68;1664.00;3.44;0
121;anti_air_building;2746.00;12.20;1644.00;4.64;0
121;anti_air_building;2756.00;10.73;1654.00;2.48;0
121;arms_factory;2737.00;12.07;1662.00;2.85;0
121;arms_factory;2745.00;11.73;1650.00;1.30;0
121;arms_factory;2746.00;11.82;1651.00;2.25;0
121;arms_factory;2750.00;12.03;1644.00;4.41;0
121;arms_factory;2751.00;11.23;1642.00;3.46;0
121;arms_factory;2754.00;10.90;1654.00;2.86;0
121;bunker;2735.00;12.75;1666.00;0.86;0
121;bunker;2736.00;11.85;1658.00;0.26;0
121;bunker;2744.00;10.45;1659.00;4.48;0
121;bunker;2745.00;11.55;1651.00;2.93;0
121;bunker;2745.00;12.03;1646.00;5.59;0
121;bunker;2753.00;12.23;1648.00;3.52;0
121;coastal_bunker;2738.00;10.07;1658.00;1.57;0
121;coastal_bunker;2746.00;10.20;1660.00;1.57;0
121;coastal_bunker;2751.00;10.40;1655.00;-3.14;0
121;coastal_bunker;2763.00;10.43;1652.00;-3.34;0
121;dockyard;2738.00;10.07;1658.00;1.57;0
121;fuel_silo;2748.00;12.03;1649.00;5.45;0
121;industrial_complex;2739.00;10.73;1659.00;1.81;0
121;industrial_complex;2748.00;10.85;1663.00;6.03;0
121;industrial_complex;2749.00;10.32;1662.00;3.97;0
121;industrial_complex;2750.00;12.55;1648.00;5.52;0
121;industrial_complex;2753.00;11.60;1652.00;1.31;0
121;industrial_complex;2754.00;11.18;1653.00;1.90;0
121;naval_base;2738.00;11.15;1656.00;1.57;2942
121;naval_base;2741.00;10.63;1656.00;-3.14;2942
121;naval_base;2749.00;9.53;1661.00;1.57;2942
121;naval_base;2753.00;9.82;1657.00;-3.34;2942
121;nuclear_reactor;2737.00;11.90;1661.00;0.93;0
121;radar_station;2747.00;12.32;1649.00;0.43;0
121;rocket_site;2753.00;10.70;1642.00;4.55;0
121;synthetic_refinery;2750.00;11.75;1643.00;0.32;0
122;air_base;2720.00;9.78;1568.00;2.05;0
122;anti_air_building;2732.00;10.07;1568.00;2.56;0
122;anti_air_building;2739.00;10.10;1564.00;5.83;0
122;anti_air_building;2751.00;11.28;1565.00;5.23;0
122;arms_factory;2717.00;9.68;1569.00;6.11;0
122;arms_factory;2724.00;9.60;1566.00;1.99;0
122;arms_factory;2725.00;9.80;1567.00;5.16;0
122;arms_factory;2728.00;9.93;1571.00;1.88;0
122;arms_factory;2729.00;9.98;1569.00;0.43;0
122;arms_factory;2734.00;10.45;1568.00;2.49;0
122;bunker;2728.00;9.85;1568.00;6.18;0
122;bunker;2735.00;10.25;1567.00;0.50;0
122;bunker;2743.00;11.48;1563.00;2.05;0
122;coastal_bunker;2720.00;9.50;1564.00;-0.38;0
122;coastal_bunker;2732.00;9.50;1564.00;-0.59;0
122;coastal_bunker;2739.00;9.50;1559.00;0.00;0
122;dockyard;2737.00;9.50;1563.00;-0.59;0
122;fuel_silo;2718.00;9.63;1566.00;4.28;0
122;industrial_complex;2719.00;9.70;1566.00;4.56;0
122;industrial_complex;2720.00;9.78;1567.00;0.34;0
122;industrial_complex;2725.00;9.82;1568.00;0.94;0
122;industrial_complex;2725.00;9.85;1569.00;3.00;0
122;industrial_complex;2730.00;9.98;1568.00;5.67;0
122;industrial_complex;2739.00;10.43;1566.00;3.60;0
122;naval_base;2719.00;9.50;1564.00;-0.38;8314
122;naval_base;2737.00;9.50;1563.00;-0.59;8314
122;naval_base;2746.00;9.50;1558.00;0.00;8314
122;nuclear_reactor;2745.00;12.07;1564.00;0.06;0
122;radar_station;2734.00;9.98;1566.00;0.94;0
122;rocket_site;2738.00;10.32;1566.00;5.13;0
122;synthetic_refinery;2740.00;10.55;1565.00;1.61;0
123;air_base;2728.00;10.48;1547.00;0.36;0
123;anti_air_building;2721.00;9.90;1538.00;5.15;0
123;anti_air_building;2727.00;9.95;1539.00;4.20;0
123;anti_air_building;2731.00;10.18;1552.00;2.99;0
123;arms_factory;2715.00;9.73;1532.00;2.86;0
123;arms_factory;2729.00;9.95;1540.00;5.52;0
123;arms_factory;2736.00;10.68;1547.00;6.03;0
123;arms_factory;2736.00;11.60;1540.00;1.30;0
123;arms_factory;2747.00;10.25;1550.00;1.31;0
123;arms_factory;2749.00;10.18;1551.00;1.90;0
123;bunker;2720.00;9.90;1540.00;6.20;0
123;bunker;2729.00;10.20;1544.00;3.44;0
123;bunker;2735.00;11.65;1544.00;1.97;0
123;bunker;2740.00;10.45;1549.00;4.99;0
123;bunker;2753.00;10.00;1548.00;0.42;0
123;bunker;2760.00;10.00;1547.00;4.04;0
123;coastal_bunker;2714.00;9.50;1530.00;-0.59;0
123;coastal_bunker;2730.00;9.95;1550.00;-2.36;0
123;coastal_bunker;2737.00;9.50;1535.00;-0.64;0
123;coastal_bunker;2741.00;11.38;1554.00;-2.90;0
123;coastal_bunker;2744.00;9.50;1543.00;0.00;0
123;coastal_bunker;2761.00;9.50;1543.00;0.79;0
123;dockyard;2762.00;9.78;1547.00;0.79;0
123;fuel_silo;2735.00;11.50;1541.00;5.95;0
123;industrial_complex;2715.00;9.73;1532.00;1.81;0
123;industrial_complex;2729.00;10.53;1547.00;3.97;0
123;industrial_complex;2731.00;10.63;1546.00;4.47;0
123;industrial_complex;2736.00;10.68;1547.00;2.41;0
123;industrial_complex;2758.00;10.10;1548.00;0.26;0
123;industrial_complex;2758.00;10.10;1549.00;6.03;0
123;naval_base;2713.00;9.53;1533.00;-2.03;8314
123;naval_base;2725.00;9.50;1548.00;-2.36;8314
123;naval_base;2731.00;9.50;1538.00;-0.64;13006
123;naval_base;2739.00;11.68;1554.00;-2.90;8314
123;naval_base;2752.00;9.50;1544.00;0.00;4370
123;naval_base;2757.00;9.50;1543.00;0.79;4370
123;nuclear_reactor;2752.00;9.68;1546.00;4.10;0
123;radar_station;2748.00;10.07;1547.00;3.60;0
123;rocket_site;2738.00;10.15;1537.00;6.26;0
123;synthetic_refinery;2734.00;10.73;1549.00;0.94;0
124;air_base;3096.00;9.75;1682.00;0.86;0
124;anti_air_building;3092.00;9.75;1671.00;4.04;0
124;anti_air_building;3094.00;9.95;1677.00;3.44;0
124;anti_air_building;3096.00;9.80;1677.00;0.42;0
124;arms_factory;3092.00;9.75;1660.00;3.97;0
124;arms_factory;3093.00;10.03;1670.00;1.31;0
124;arms_factory;3096.00;9.75;1682.00;1.90;0
124;arms_factory;3097.00;9.70;1678.00;6.03;0
124;arms_factory;3099.00;9.95;1686.00;5.52;0
124;arms_factory;3105.00;9.53;1691.00;1.81;0
124;bunker;3092.00;9.73;1670.00;2.93;0
124;bunker;3095.00;9.73;1684.00;5.59;0
124;coastal_bunker;3089.00;9.55;1679.00;-2.47;0
124;coastal_bunker;3103.00;9.50;1685.00;1.57;0
124;dockyard;3108.00;9.50;1692.00;1.57;0
124;fuel_silo;3099.00;9.78;1684.00;2.33;0
124;industrial_complex;3089.00;9.57;1678.00;0.26;0
124;industrial_complex;3093.00;9.70;1675.00;4.48;0
124;industrial_complex;3094.00;10.35;1671.00;2.41;0
124;industrial_complex;3095.00;10.05;1671.00;6.03;0
124;industrial_complex;3096.00;9.80;1677.00;0.36;0
124;industrial_complex;3096.00;10.10;1674.00;4.47;0
124;naval_base;3088.00;9.50;1676.00;-2.47;2230
124;naval_base;3096.00;9.60;1686.00;-3.14;2230
124;nuclear_reactor;3093.00;10.23;1678.00;0.43;0
124;radar_station;3094.00;10.10;1682.00;2.48;0
124;rocket_site;3096.00;9.73;1681.00;0.32;0
124;synthetic_refinery;3092.00;9.70;1675.00;4.64;0
125;air_base;2792.00;10.07;1574.00;0.26;0
125;anti_air_building;2798.00;10.03;1574.00;2.99;0
125;anti_air_building;2816.00;9.88;1575.00;4.20;0
125;anti_air_building;2817.00;9.90;1581.00;0.94;0
125;arms_factory;2798.00;9.90;1582.00;4.47;0
125;arms_factory;2800.00;9.93;1572.00;1.31;0
125;arms_factory;2803.00;9.80;1584.00;6.03;0
125;arms_factory;2806.00;10.50;1578.00;3.97;0
125;arms_factory;2811.00;9.80;1589.00;6.03;0
125;arms_factory;2818.00;9.90;1580.00;1.81;0
125;bunker;2791.00;10.10;1570.00;0.42;0
125;bunker;2793.00;9.93;1577.00;3.44;0
125;bunker;2802.00;10.00;1580.00;4.04;0
125;bunker;2808.00;9.80;1589.00;6.20;0
125;bunker;2814.00;9.78;1568.00;2.48;0
125;bunker;2814.00;9.90;1584.00;0.32;0
125;bunker;2818.00;9.88;1576.00;4.64;0
125;coastal_bunker;2802.00;9.65;1586.00;-2.76;0
125;coastal_bunker;2819.00;9.55;1572.00;0.59;0
125;coastal_bunker;2819.00;9.70;1587.00;1.37;0
125;coastal_bunker;2821.00;9.50;1574.00;1.37;0
125;dockyard;2815.00;9.50;1567.00;0.59;0
125;fuel_silo;2804.00;10.15;1581.00;3.89;0
125;industrial_complex;2793.00;9.93;1577.00;4.48;0
125;industrial_complex;2796.00;10.00;1571.00;2.41;0
125;industrial_complex;2798.00;10.03;1574.00;0.26;0
125;industrial_complex;2804.00;9.75;1587.00;3.52;0
125;industrial_complex;2816.00;9.88;1575.00;0.36;0
125;industrial_complex;2822.00;9.82;1582.00;0.86;0
125;naval_base;2806.00;9.65;1590.00;-2.76;7468
125;naval_base;2817.00;9.50;1570.00;0.59;2824
125;naval_base;2822.00;9.50;1577.00;1.37;2799
125;naval_base;2823.00;9.50;1581.00;1.37;2799
125;nuclear_reactor;2811.00;9.90;1570.00;5.66;0
125;radar_station;2804.00;9.75;1587.00;6.26;0
125;rocket_site;2795.00;10.07;1572.00;4.10;0
125;synthetic_refinery;2822.00;9.82;1582.00;3.60;0
126;air_base;2787.00;10.25;1561.00;5.59;0
126;anti_air_building;2781.00;10.32;1564.00;0.43;0
126;anti_air_building;2791.00;9.98;1561.00;0.32;0
126;anti_air_building;2791.00;9.98;1561.00;2.48;0
126;arms_factory;2781.00;10.07;1566.00;0.26;0
126;arms_factory;2787.00;10.48;1560.00;2.41;0
126;arms_factory;2789.00;10.45;1559.00;6.03;0
126;arms_factory;2790.00;9.88;1565.00;1.81;0
126;arms_factory;2790.00;9.88;1565.00;3.97;0
126;arms_factory;2796.00;10.05;1558.00;4.47;0
126;bunker;2785.00;10.00;1566.00;4.99;0
126;bunker;2791.00;9.98;1561.00;4.04;0
126;bunker;2791.00;10.28;1556.00;0.42;0
126;bunker;2804.00;9.80;1567.00;6.20;0
126;coastal_bunker;2808.00;9.88;1564.00;0.93;0
126;dockyard;2804.00;9.50;1562.00;0.93;0
126;fuel_silo;2777.00;9.95;1568.00;1.73;0
126;industrial_complex;2781.00;10.07;1566.00;0.36;0
126;industrial_complex;2783.00;9.93;1571.00;0.26;0
126;industrial_complex;2791.00;10.15;1559.00;2.93;0
126;industrial_complex;2794.00;9.80;1565.00;0.86;0
126;industrial_complex;2794.00;9.80;1565.00;3.52;0
126;industrial_complex;2801.00;10.03;1562.00;4.48;0
126;naval_base;2808.00;9.55;1562.00;0.93;2824
126;nuclear_reactor;2797.00;9.88;1567.00;5.15;0
126;radar_station;2805.00;9.65;1563.00;0.93;0
126;rocket_site;2788.00;9.90;1564.00;2.49;0
126;synthetic_refinery;2781.00;9.93;1567.00;4.55;0
127;air_base;2775.00;9.90;1555.00;4.99;0
127;anti_air_building;2776.00;9.88;1554.00;4.10;0
127;anti_air_building;2777.00;9.85;1549.00;2.05;0
127;anti_air_building;2796.00;9.85;1550.00;5.66;0
127;arms_factory;2773.00;9.90;1549.00;2.41;0
127;arms_factory;2780.00;9.88;1553.00;0.36;0
127;arms_factory;2788.00;10.13;1552.00;6.03;0
127;arms_factory;2792.00;9.60;1547.00;0.26;0
127;arms_factory;2799.00;9.80;1549.00;4.48;0
127;arms_factory;2816.00;9.75;1554.00;4.47;0
127;bunker;2775.00;9.85;1552.00;4.55;0
127;bunker;2783.00;9.88;1551.00;0.93;0
127;bunker;2790.00;10.30;1553.00;2.49;0
127;bunker;2795.00;9.80;1549.00;0.43;0
127;bunker;2802.00;9.98;1557.00;0.32;0
127;bunker;2811.00;9.90;1554.00;2.48;0
127;coastal_bunker;2767.00;9.50;1547.00;-0.46;0
127;coastal_bunker;2774.00;9.50;1543.00;-0.46;0
127;coastal_bunker;2797.00;9.50;1546.00;-0.59;0
127;coastal_bunker;2803.00;9.68;1558.00;-4.02;0
127;coastal_bunker;2817.00;9.65;1555.00;0.32;0
127;dockyard;2775.00;9.50;1543.00;-0.46;0
127;fuel_silo;2788.00;9.80;1550.00;4.40;0
127;industrial_complex;2778.00;9.80;1549.00;1.97;0
127;industrial_complex;2778.00;9.85;1552.00;3.52;0
127;industrial_complex;2783.00;10.05;1554.00;0.86;0
127;industrial_complex;2787.00;10.32;1554.00;2.93;0
127;industrial_complex;2793.00;9.88;1551.00;5.59;0
127;industrial_complex;2805.00;9.78;1549.00;0.26;0
127;naval_base;2768.00;9.50;1546.00;-0.46;2895
127;naval_base;2782.00;9.50;1545.00;-0.46;2895
127;naval_base;2798.00;9.50;1545.00;-0.59;2895
127;naval_base;2804.00;9.78;1557.00;-4.02;2824
127;naval_base;2806.00;9.63;1549.00;0.32;13004
127;nuclear_reactor;2799.00;9.88;1552.00;0.49;0
127;radar_station;2806.00;9.85;1552.00;2.55;0
127;rocket_site;2803.00;9.95;1555.00;4.11;0
127;synthetic_refinery;2795.00;9.90;1552.00;4.71;0
128;air_base;2767.00;10.00;1583.00;4.04;0
128;anti_air_building;2766.00;10.10;1588.00;2.49;0
128;anti_air_building;2767.00;10.10;1588.00;5.15;0
128;anti_air_building;2770.00;10.03;1587.00;0.93;0
128;arms_factory;2749.00;13.00;1581.00;0.26;0
128;arms_factory;2751.00;12.20;1582.00;0.86;0
128;arms_factory;2760.00;10.30;1575.00;2.41;0
128;arms_factory;2762.00;10.07;1576.00;4.48;0
128;arms_factory;2762.00;10.25;1577.00;3.52;0
128;arms_factory;2766.00;9.98;1575.00;0.36;0
128;bunker;2747.00;12.68;1582.00;2.92;0
128;bunker;2756.00;10.13;1588.00;0.43;0
128;bunker;2757.00;11.15;1576.00;4.55;0
128;bunker;2762.00;10.00;1582.00;0.42;0
128;bunker;2768.00;10.07;1588.00;2.48;0
128;bunker;2769.00;9.98;1583.00;3.44;0
128;bunker;2771.00;10.10;1572.00;4.64;0
128;fuel_silo;2761.00;10.57;1578.00;0.78;0
128;industrial_complex;2761.00;10.40;1580.00;1.97;0
128;industrial_complex;2761.00;10.57;1578.00;0.26;0
128;industrial_complex;2762.00;10.10;1581.00;6.20;0
128;industrial_complex;2762.00;10.23;1580.00;4.99;0
128;industrial_complex;2762.00;10.38;1579.00;5.59;0
128;industrial_complex;2763.00;10.15;1578.00;2.93;0
128;nuclear_reactor;2766.00;10.10;1590.00;3.60;0
128;radar_station;2753.00;13.03;1574.00;4.20;0
128;rocket_site;2769.00;10.07;1589.00;0.94;0
128;synthetic_refinery;2763.00;10.07;1589.00;2.99;0
129;air_base;2789.00;9.80;1603.00;3.44;0
129;anti_air_building;2778.00;10.10;1575.00;5.66;0
129;anti_air_building;2788.00;10.00;1588.00;2.05;0
129;anti_air_building;2791.00;9.90;1599.00;4.71;0
129;arms_factory;2775.00;10.15;1588.00;3.52;0
129;arms_factory;2783.00;10.40;1591.00;0.86;0
129;arms_factory;2784.00;9.93;1598.00;0.26;0
129;arms_factory;2785.00;9.95;1582.00;4.48;0
129;arms_factory;2796.00;9.80;1595.00;2.93;0
129;arms_factory;2799.00;9.80;1595.00;0.36;0
129;bunker;2775.00;10.05;1591.00;2.99;0
129;bunker;2779.00;10.03;1576.00;5.15;0
129;bunker;2780.00;10.75;1587.00;0.93;0
129;bunker;2784.00;10.15;1592.00;4.55;0
129;bunker;2784.00;10.15;1601.00;4.20;0
129;bunker;2795.00;9.90;1586.00;0.43;0
129;bunker;2798.00;9.75;1594.00;2.49;0
129;coastal_bunker;2796.00;9.55;1602.00;-4.12;0
129;coastal_bunker;2798.00;9.82;1587.00;-4.39;0
129;coastal_bunker;2800.00;9.55;1598.00;-4.47;0
129;dockyard;2796.00;9.75;1601.00;-4.47;0
129;fuel_silo;2786.00;10.03;1595.00;2.34;0
129;industrial_complex;2777.00;10.63;1587.00;4.99;0
129;industrial_complex;2783.00;10.07;1581.00;0.42;0
129;industrial_complex;2785.00;10.00;1595.00;1.97;0
129;industrial_complex;2787.00;10.00;1581.00;5.59;0
129;industrial_complex;2789.00;9.98;1597.00;6.20;0
129;industrial_complex;2795.00;9.80;1599.00;4.04;0
129;naval_base;2793.00;9.80;1603.00;-4.12;7468
129;naval_base;2796.00;9.68;1590.00;-4.39;7468
129;naval_base;2800.00;9.55;1598.00;-4.47;7468
129;nuclear_reactor;2784.00;10.35;1588.00;3.15;0
129;radar_station;2790.00;9.93;1590.00;4.11;0
129;rocket_site;2780.00;9.98;1574.00;0.49;0
129;synthetic_refinery;2776.00;10.28;1591.00;2.55;0
130;air_base;2759.00;11.07;1613.00;2.48;0
130;anti_air_building;2770.00;11.03;1612.00;4.71;0
130;anti_air_building;2776.00;10.57;1599.00;2.55;0
130;anti_air_building;2790.00;9.78;1608.00;4.11;0
130;arms_factory;2767.00;10.23;1600.00;0.86;0
130;arms_factory;2771.00;11.30;1611.00;3.52;0
130;arms_factory;2772.00;11.25;1612.00;2.93;0
130;arms_factory;2773.00;11.48;1617.00;5.59;0
130;arms_factory;2777.00;10.78;1616.00;0.26;0
130;arms_factory;2785.00;9.80;1613.00;1.97;0
130;bunker;2765.00;11.63;1621.00;0.93;0
130;bunker;2767.00;10.32;1601.00;3.60;0
130;bunker;2767.00;11.32;1611.00;6.26;0
130;bunker;2772.00;11.18;1615.00;4.03;0
130;bunker;2772.00;11.40;1610.00;2.49;0
130;bunker;2775.00;10.53;1600.00;4.20;0
130;bunker;2778.00;10.00;1623.00;2.99;0
130;bunker;2785.00;9.80;1613.00;5.15;0
130;bunker;2791.00;9.85;1609.00;0.94;0
130;coastal_bunker;2786.00;9.85;1622.00;-4.12;0
130;coastal_bunker;2790.00;9.65;1607.00;0.59;0
130;dockyard;2790.00;9.78;1616.00;-4.12;0
130;fuel_silo;2778.00;10.65;1612.00;0.18;0
130;industrial_complex;2767.00;10.57;1604.00;4.64;0
130;industrial_complex;2767.00;11.32;1618.00;4.99;0
130;industrial_complex;2768.00;10.85;1608.00;3.44;0
130;industrial_complex;2776.00;11.18;1607.00;4.04;0
130;industrial_complex;2780.00;9.95;1615.00;0.42;0
130;industrial_complex;2782.00;9.80;1614.00;6.20;0
130;naval_base;2787.00;9.85;1621.00;-4.12;2918
130;naval_base;2792.00;9.75;1610.00;-4.47;2918
130;nuclear_reactor;2788.00;9.80;1610.00;1.10;0
130;radar_station;2789.00;9.80;1609.00;3.15;0
130;rocket_site;2774.00;11.23;1607.00;6.18;0
130;synthetic_refinery;2776.00;10.53;1600.00;0.49;0
131;air_base;2751.00;12.95;1627.00;0.43;0
131;anti_air_building;2754.00;11.90;1636.00;1.00;0
131;anti_air_building;2756.00;13.32;1633.00;3.16;0
131;anti_air_building;2764.00;11.25;1636.00;3.67;0
131;arms_factory;2746.00;10.57;1622.00;2.93;0
131;arms_factory;2754.00;11.03;1623.00;5.59;0
131;arms_factory;2759.00;11.15;1625.00;1.97;0
131;arms_factory;2761.00;12.38;1634.00;6.20;0
131;arms_factory;2764.00;10.25;1642.00;0.26;0
131;arms_factory;2764.00;11.65;1632.00;4.99;0
131;bunker;2742.00;9.85;1624.00;3.60;0
131;bunker;2746.00;9.90;1619.00;2.05;0
131;bunker;2756.00;12.48;1627.00;4.10;0
131;bunker;2757.00;12.13;1637.00;0.94;0
131;bunker;2764.00;10.23;1648.00;4.71;0
131;bunker;2770.00;10.82;1626.00;5.66;0
131;bunker;2773.00;10.90;1633.00;6.26;0
131;coastal_bunker;2740.00;9.50;1625.00;-1.77;0
131;coastal_bunker;2745.00;9.50;1616.00;-0.79;0
131;coastal_bunker;2768.00;9.98;1647.00;-4.17;0
131;coastal_bunker;2772.00;10.55;1635.00;-4.33;0
131;coastal_bunker;2774.00;10.32;1630.00;-4.17;0
131;dockyard;2771.00;9.88;1639.00;-4.33;0
131;fuel_silo;2755.00;11.53;1637.00;2.84;0
131;industrial_complex;2749.00;10.05;1620.00;4.04;0
131;industrial_complex;2750.00;12.65;1629.00;0.42;0
131;industrial_complex;2751.00;12.28;1625.00;0.32;0
131;industrial_complex;2758.00;12.63;1636.00;3.44;0
131;industrial_complex;2761.00;11.63;1639.00;4.64;0
131;industrial_complex;2765.00;10.65;1640.00;2.48;0
131;naval_base;2740.00;9.50;1625.00;-1.77;8340
131;naval_base;2744.00;9.50;1617.00;-0.79;8340
131;naval_base;2768.00;9.98;1647.00;-4.17;2942
131;naval_base;2772.00;10.13;1636.00;-4.33;2942
131;naval_base;2776.00;9.80;1628.00;-4.17;2942
131;nuclear_reactor;2767.00;10.35;1640.00;0.65;0
131;radar_station;2758.00;12.48;1629.00;1.61;0
131;rocket_site;2751.00;12.48;1632.00;5.73;0
131;synthetic_refinery;2748.00;10.80;1622.00;0.05;0
132;air_base;2751.00;9.70;1600.00;0.93;0
132;anti_air_building;2753.00;10.00;1592.00;0.49;0
132;anti_air_building;2757.00;9.90;1593.00;4.11;0
132;anti_air_building;2757.00;10.35;1597.00;2.55;0
132;arms_factory;2750.00;9.78;1602.00;0.42;0
132;arms_factory;2754.00;9.88;1599.00;1.97;0
132;arms_factory;2756.00;10.20;1597.00;4.99;0
132;arms_factory;2756.00;10.43;1609.00;4.04;0
132;arms_factory;2757.00;9.90;1593.00;6.20;0
132;arms_factory;2763.00;10.13;1601.00;5.59;0
132;bunker;2750.00;9.80;1601.00;0.94;0
132;bunker;2750.00;9.88;1609.00;3.60;0
132;bunker;2759.00;10.03;1594.00;4.20;0
132;bunker;2761.00;10.00;1608.00;6.26;0
132;coastal_bunker;2747.00;9.50;1599.00;-1.11;0
132;coastal_bunker;2752.00;9.50;1616.00;-1.89;0
132;coastal_bunker;2753.00;9.90;1597.00;-2.03;0
132;dockyard;2751.00;9.50;1599.00;-1.11;0
132;fuel_silo;2761.00;9.93;1606.00;5.50;0
132;industrial_complex;2752.00;10.15;1596.00;0.32;0
132;industrial_complex;2753.00;10.40;1606.00;0.43;0
132;industrial_complex;2755.00;10.48;1604.00;4.55;0
132;industrial_complex;2759.00;10.20;1600.00;4.64;0
132;industrial_complex;2760.00;9.90;1605.00;2.48;0
132;industrial_complex;2762.00;10.00;1604.00;3.44;0
132;naval_base;2750.00;9.50;1599.00;-1.11;8340
132;naval_base;2751.00;9.50;1613.00;-1.89;8340
132;naval_base;2753.00;9.50;1598.00;-2.03;8340
132;nuclear_reactor;2761.00;9.90;1605.00;5.22;0
132;radar_station;2753.00;10.32;1610.00;6.18;0
132;rocket_site;2756.00;10.38;1608.00;1.10;0
132;synthetic_refinery;2751.00;10.07;1602.00;3.15;0
133;air_base;2723.00;11.68;1664.00;5.15;0
133;anti_air_building;2724.00;11.30;1638.00;1.61;0
133;anti_air_building;2726.00;11.68;1640.00;0.65;0
133;anti_air_building;2736.00;12.75;1644.00;5.73;0
133;arms_factory;2721.00;10.30;1635.00;4.99;0
133;arms_factory;2730.00;11.18;1646.00;3.44;0
133;arms_factory;2734.00;10.35;1635.00;4.64;0
133;arms_factory;2736.00;12.75;1644.00;4.04;0
133;arms_factory;2738.00;11.82;1640.00;0.42;0
133;arms_factory;2745.00;10.75;1638.00;6.20;0
133;bunker;2720.00;10.25;1636.00;3.15;0
133;bunker;2724.00;9.70;1648.00;6.18;0
133;bunker;2726.00;12.40;1668.00;4.71;0
133;bunker;2726.76;9.80;1619.56;3.23;0
133;bunker;2729.00;11.70;1643.00;4.11;0
133;bunker;2730.00;11.25;1656.00;0.49;0
133;bunker;2734.00;9.60;1631.00;2.55;0
133;bunker;2737.00;11.65;1648.00;2.05;0
133;bunker;2750.00;11.00;1637.00;5.66;0
133;coastal_bunker;2717.00;9.50;1630.00;0.46;0
133;coastal_bunker;2721.00;9.50;1656.00;-1.57;0
133;coastal_bunker;2721.00;9.50;1659.00;-0.79;0
133;coastal_bunker;2721.00;9.80;1640.00;-1.74;0
133;coastal_bunker;2726.00;9.50;1616.00;0.73;0
133;coastal_bunker;2730.00;9.50;1632.00;0.24;0
133;coastal_bunker;2743.00;9.53;1635.00;0.00;0
133;dockyard;2718.00;9.50;1638.00;-2.11;0
133;fuel_silo;2724.00;10.93;1642.00;2.24;0
133;industrial_complex;2723.00;9.95;1654.00;2.48;0
133;industrial_complex;2725.00;10.93;1661.00;0.93;0
133;industrial_complex;2726.00;10.93;1636.00;0.43;0
133;industrial_complex;2734.00;11.35;1637.00;0.32;0
133;industrial_complex;2734.00;13.13;1641.00;4.55;0
133;industrial_complex;2741.00;11.28;1641.00;2.49;0
133;naval_base;2720.00;9.50;1627.00;0.46;8340
133;naval_base;2720.00;9.50;1653.00;-1.57;3590
133;naval_base;2720.00;9.73;1639.00;-1.74;3590
133;naval_base;2721.00;9.50;1659.00;-0.79;3590
133;naval_base;2723.00;9.50;1617.00;-1.57;8340
133;naval_base;2731.00;9.50;1630.00;0.24;8340
133;naval_base;2741.00;9.50;1635.00;0.00;8340
133;nuclear_reactor;2734.00;11.35;1637.00;0.56;0
133;radar_station;2733.00;10.23;1635.00;0.06;0
133;rocket_site;2733.00;10.82;1650.00;4.18;0
133;synthetic_refinery;2730.00;11.18;1646.00;4.78;0
134;air_base;2646.00;9.98;1619.00;3.44;0
134;anti_air_building;2647.00;10.03;1607.00;1.10;0
134;anti_air_building;2667.00;10.48;1618.00;3.06;0
134;anti_air_building;2669.00;10.10;1610.00;5.22;0
134;arms_factory;2646.00;9.63;1612.00;4.48;0
134;arms_factory;2659.00;9.85;1602.00;0.36;0
134;arms_factory;2661.00;9.90;1600.00;0.26;0
134;arms_factory;2665.00;9.78;1596.00;3.52;0
134;arms_factory;2668.00;10.45;1617.00;0.86;0
134;arms_factory;2669.00;9.75;1604.00;2.93;0
134;bunker;2650.00;9.80;1613.00;4.20;0
134;bunker;2650.00;9.90;1606.00;5.66;0
134;bunker;2657.00;9.80;1601.00;6.26;0
134;bunker;2660.00;10.32;1609.00;2.99;0
134;bunker;2664.00;9.80;1593.00;2.49;0
134;bunker;2664.00;10.28;1618.00;0.94;0
134;bunker;2669.00;9.75;1604.00;3.60;0
134;bunker;2670.00;10.20;1613.00;4.10;0
134;bunker;2671.00;11.63;1633.00;5.15;0
134;coastal_bunker;2638.00;9.50;1602.00;-1.25;0
134;coastal_bunker;2638.00;9.50;1617.00;-2.90;0
134;coastal_bunker;2650.00;9.50;1597.00;-0.20;0
134;coastal_bunker;2657.00;9.73;1595.00;-1.43;0
134;coastal_bunker;2665.00;9.50;1623.00;-2.36;0
134;coastal_bunker;2669.00;10.05;1625.00;-1.25;0
134;dockyard;2652.00;9.57;1618.00;-2.90;0
134;fuel_silo;2655.00;9.90;1605.00;1.00;0
134;industrial_complex;2647.00;10.10;1602.00;4.99;0
134;industrial_complex;2648.00;9.85;1608.00;6.20;0
134;industrial_complex;2656.00;10.25;1613.00;0.42;0
134;industrial_complex;2659.00;10.23;1615.00;4.04;0
134;industrial_complex;2664.00;10.45;1616.00;5.59;0
134;industrial_complex;2667.00;10.35;1621.00;1.97;0
134;naval_base;2638.00;9.50;1604.00;-1.25;4662
134;naval_base;2639.00;9.50;1619.00;-2.90;8393
134;naval_base;2652.00;9.50;1597.00;-0.20;4662
134;naval_base;2657.00;9.50;1596.00;-1.43;4662
134;naval_base;2663.00;9.50;1622.00;-2.36;8393
134;naval_base;2677.00;10.23;1636.00;-4.15;3785
134;nuclear_reactor;2655.00;9.60;1599.00;1.61;0
134;radar_station;2662.00;9.88;1618.00;3.54;0
134;rocket_site;2667.00;9.82;1594.00;0.05;0
134;synthetic_refinery;2651.00;9.93;1601.00;3.16;0
135;air_base;2663.00;10.30;1581.00;3.60;0
135;anti_air_building;2651.00;9.80;1592.00;2.12;0
135;anti_air_building;2653.00;11.28;1566.00;0.56;0
135;anti_air_building;2671.00;10.05;1585.00;6.24;0
135;arms_factory;2661.00;11.25;1578.00;4.55;0
135;arms_factory;2661.79;10.80;1565.71;4.64;0
135;arms_factory;2665.00;10.70;1571.00;3.44;0
135;arms_factory;2666.64;10.10;1584.17;0.32;0
135;arms_factory;2667.82;10.00;1587.57;2.48;0
135;arms_factory;2673.00;10.10;1577.00;0.43;0
135;bunker;2646.00;11.10;1575.00;3.16;0
135;bunker;2648.00;9.93;1567.00;3.15;0
135;bunker;2653.00;10.30;1580.00;5.22;0
135;bunker;2656.00;9.80;1588.00;4.11;0
135;bunker;2662.00;9.95;1584.00;1.10;0
135;bunker;2665.00;10.20;1586.00;1.53;0
135;bunker;2666.00;10.30;1574.00;3.06;0
135;bunker;2669.00;10.05;1572.00;6.18;0
135;bunker;2673.00;10.10;1577.00;1.00;0
135;bunker;2677.00;9.98;1583.00;0.49;0
135;bunker;2682.00;9.78;1579.00;3.67;0
135;coastal_bunker;2637.00;9.50;1571.00;-1.57;0
135;coastal_bunker;2645.00;9.50;1562.00;-1.19;0
135;coastal_bunker;2646.00;10.28;1581.00;-2.36;0
135;coastal_bunker;2655.00;9.50;1586.00;-0.79;0
135;coastal_bunker;2669.00;9.50;1568.00;0.59;0
135;coastal_bunker;2679.00;9.50;1574.00;0.24;0
135;dockyard;2665.12;10.90;1566.01;-4.59;0
135;fuel_silo;2673.00;10.00;1586.00;1.29;0
135;industrial_complex;2649.00;10.93;1580.00;5.15;0
135;industrial_complex;2659.00;11.18;1567.00;4.20;0
135;industrial_complex;2660.86;10.00;1586.31;0.93;0
135;industrial_complex;2672.02;9.90;1570.74;2.49;0
135;industrial_complex;2678.00;9.95;1588.00;0.94;0
135;industrial_complex;2681.65;9.80;1575.86;2.99;0
135;naval_base;2639.00;9.60;1575.00;-1.57;8418
135;naval_base;2651.00;9.50;1561.00;-1.19;8418
135;naval_base;2652.00;9.50;1585.00;-0.79;8418
135;naval_base;2655.00;9.50;1583.00;-2.36;8418
135;naval_base;2666.55;10.70;1567.37;0.59;4212
135;naval_base;2676.00;9.55;1571.00;0.24;4212
135;nuclear_reactor;2664.00;10.10;1586.00;3.23;0
135;radar_station;2661.00;10.80;1579.00;5.29;0
135;rocket_site;2656.00;11.65;1575.00;0.57;0
135;synthetic_refinery;2638.00;9.98;1570.00;1.17;0
136;air_base;2737.00;11.15;1691.00;4.10;0
136;anti_air_building;2732.00;13.03;1671.00;4.18;0
136;anti_air_building;2748.00;11.88;1686.00;0.06;0
136;anti_air_building;2754.00;11.57;1677.00;4.78;0
136;arms_factory;2728.00;12.90;1672.00;4.55;0
136;arms_factory;2738.00;12.95;1678.00;0.43;0
136;arms_factory;2742.00;12.98;1669.00;2.49;0
136;arms_factory;2748.00;12.23;1685.00;2.48;0
136;arms_factory;2750.00;10.53;1692.00;0.32;0
136;arms_factory;2755.00;10.57;1686.00;0.93;0
136;bunker;2730.00;13.00;1672.00;3.06;0
136;bunker;2733.00;11.75;1688.00;1.10;0
136;bunker;2743.00;12.93;1687.00;0.49;0
136;bunker;2750.00;12.43;1676.00;3.16;0
136;bunker;2754.00;11.78;1671.00;6.18;0
136;bunker;2758.00;10.32;1684.00;3.15;0
136;bunker;2763.00;9.88;1691.00;5.22;0
136;coastal_bunker;2729.00;9.57;1688.00;-2.47;0
136;coastal_bunker;2739.00;10.53;1692.00;-3.14;0
136;coastal_bunker;2745.00;10.18;1666.00;0.98;0
136;coastal_bunker;2763.00;9.63;1682.00;0.93;0
136;coastal_bunker;2767.00;9.50;1688.00;1.03;0
136;dockyard;2767.00;9.50;1688.00;1.03;0
136;fuel_silo;2742.00;12.07;1673.00;2.85;0
136;industrial_complex;2734.00;12.30;1685.00;4.20;0
136;industrial_complex;2736.00;11.98;1688.00;3.60;0
136;industrial_complex;2747.00;11.98;1679.00;6.26;0
136;industrial_complex;2748.00;13.15;1672.00;0.94;0
136;industrial_complex;2750.00;12.65;1670.00;2.99;0
136;industrial_complex;2763.00;9.90;1687.00;5.15;0
136;naval_base;2736.00;10.95;1691.00;-2.47;3195
136;naval_base;2742.00;9.60;1694.00;-3.14;3195
136;naval_base;2756.00;9.50;1669.00;0.98;2942
136;naval_base;2761.00;9.78;1677.00;0.93;2942
136;naval_base;2763.00;9.50;1694.00;-2.68;3195
136;nuclear_reactor;2741.00;12.65;1674.00;1.17;0
136;radar_station;2739.00;12.75;1672.00;2.12;0
136;rocket_site;2756.00;10.45;1687.00;6.24;0
136;synthetic_refinery;2742.00;12.48;1688.00;0.56;0
137;air_base;3336.00;10.15;1415.00;2.05;0
137;anti_air_building;3334.00;9.70;1418.00;3.73;0
137;anti_air_building;3341.00;10.70;1414.00;3.84;0
137;anti_air_building;3362.00;9.70;1422.00;5.89;0
137;arms_factory;3334.00;9.85;1413.00;4.55;0
137;arms_factory;3336.00;9.70;1432.00;2.99;0
137;arms_factory;3336.00;9.93;1418.00;5.15;0
137;arms_factory;3343.00;10.73;1418.00;0.93;0
137;arms_factory;3351.00;10.57;1424.00;0.43;0
137;arms_factory;3354.00;11.30;1419.00;2.49;0
137;bunker;3325.00;9.70;1427.00;4.78;0
137;bunker;3332.00;9.70;1411.00;3.67;0
137;bunker;3333.00;9.70;1432.00;3.16;0
137;bunker;3336.00;9.98;1417.00;1.00;0
137;bunker;3342.00;9.70;1429.00;0.05;0
137;bunker;3342.00;10.68;1415.00;1.61;0
137;bunker;3351.00;10.03;1426.00;0.65;0
137;bunker;3355.00;11.03;1422.00;5.73;0
137;bunker;3358.00;10.43;1421.00;3.06;0
137;coastal_bunker;3319.00;9.50;1425.00;-1.57;0
137;coastal_bunker;3327.00;9.50;1422.00;-1.19;0
137;coastal_bunker;3330.00;9.50;1410.00;-1.89;0
137;coastal_bunker;3333.00;9.60;1435.00;-1.95;0
137;coastal_bunker;3344.00;9.50;1413.00;0.59;0
137;coastal_bunker;3351.00;9.50;1435.00;-3.46;0
137;coastal_bunker;3356.00;9.95;1424.00;-3.82;0
137;coastal_bunker;3362.00;9.60;1423.00;-3.73;0
137;dockyard;3369.00;9.50;1419.00;0.00;0
137;fuel_silo;3345.00;10.70;1418.00;5.51;0
137;industrial_complex;3322.00;9.70;1429.00;5.66;0
137;industrial_complex;3326.00;9.70;1424.00;3.60;0
137;industrial_complex;3336.00;9.70;1427.00;4.20;0
137;industrial_complex;3342.00;10.68;1415.00;6.26;0
137;industrial_complex;3350.00;11.75;1420.00;4.10;0
137;industrial_complex;3352.00;10.25;1425.00;0.94;0
137;naval_base;3319.00;9.50;1430.00;-1.57;8131
137;naval_base;3327.00;9.50;1410.00;-1.89;8131
137;naval_base;3327.00;9.50;1422.00;-1.19;8131
137;naval_base;3343.00;9.57;1435.00;-3.93;8282
137;naval_base;3344.00;9.50;1413.00;0.59;8308
137;naval_base;3352.00;9.50;1415.00;0.46;8308
137;naval_base;3352.00;9.50;1434.00;-3.46;8282
137;naval_base;3364.00;9.50;1420.00;0.00;8308
137;nuclear_reactor;3338.00;10.10;1419.00;3.74;0
137;radar_station;3324.00;9.57;1424.00;5.80;0
137;rocket_site;3333.00;9.70;1414.00;0.72;0
137;synthetic_refinery;3338.00;9.70;1430.00;1.68;0
138;bunker;3009.56;9.70;1645.34;0.05;0
138;bunker;3009.99;9.70;1651.63;4.18;0
138;bunker;3012.46;9.70;1636.18;0.65;0
138;bunker;3018.90;9.70;1636.27;4.78;0
138;bunker;3020.03;9.70;1647.53;0.06;0
138;bunker;3025.88;9.70;1634.39;6.24;0
138;bunker;3029.81;9.70;1649.22;5.73;0
138;coastal_bunker;3003.00;9.50;1647.00;-2.16;0
138;coastal_bunker;3003.00;9.50;1653.00;-1.74;0
138;coastal_bunker;3009.00;9.53;1635.00;-0.79;0
138;coastal_bunker;3020.00;9.50;1632.00;0.17;0
138;coastal_bunker;3027.00;9.55;1641.00;0.98;0
138;coastal_bunker;3029.00;9.57;1644.00;0.54;0
138;industrial_complex;3008.00;9.57;1643.00;4.10;0
138;industrial_complex;3020.00;9.75;1649.00;5.66;0
138;industrial_complex;3025.00;9.70;1634.00;6.26;0
138;industrial_complex;3026.00;9.70;1645.00;2.05;0
138;industrial_complex;3026.00;9.78;1651.00;4.71;0
138;industrial_complex;3028.00;9.90;1653.00;3.60;0
138;naval_base;3001.00;9.50;1650.00;-2.16;2431
138;naval_base;3005.00;9.50;1653.00;-1.74;2431
138;naval_base;3008.00;9.50;1635.00;-0.79;2382
138;naval_base;3016.00;9.50;1631.00;0.17;2382
138;naval_base;3027.00;9.53;1632.00;0.98;2333
138;naval_base;3030.00;9.57;1645.00;0.54;2333
138;radar_station;3013.00;9.80;1651.00;1.23;0
139;air_base;3055.00;10.20;1709.00;0.49;0
139;bunker;3035.00;10.60;1688.00;1.17;0
139;bunker;3036.00;9.75;1693.00;1.00;0
139;bunker;3041.00;10.15;1705.00;0.05;0
139;bunker;3047.00;10.63;1686.00;6.24;0
139;bunker;3056.00;9.80;1693.00;2.12;0
139;bunker;3059.00;10.30;1706.00;5.89;0
139;bunker;3061.00;9.78;1691.00;5.73;0
139;bunker;3065.00;9.70;1700.00;5.29;0
139;coastal_bunker;3066.00;9.50;1683.00;1.11;0
139;coastal_bunker;3069.00;9.50;1701.00;1.25;0
139;naval_base;3063.00;9.50;1687.00;1.11;2230
139;naval_base;3067.00;9.65;1701.00;1.25;2230
140;air_base;3013.00;9.75;1697.00;6.18;0
140;bunker;2994.00;10.45;1715.00;1.68;0
140;bunker;2997.00;9.80;1686.00;0.57;0
140;bunker;2999.00;9.65;1708.00;3.73;0
140;bunker;3005.00;9.60;1698.00;0.56;0
140;bunker;3005.00;9.90;1688.00;5.73;0
140;bunker;3008.00;9.88;1673.00;1.61;0
140;bunker;3013.00;10.00;1682.00;0.05;0
140;bunker;3016.00;9.60;1703.00;6.24;0
140;bunker;3019.00;10.00;1696.00;3.84;0
140;bunker;3029.00;9.80;1707.00;5.29;0
140;coastal_bunker;2995.00;9.50;1677.00;-0.54;0
140;dockyard;2991.00;9.50;1682.00;-1.19;0
140;naval_base;2992.00;9.50;1679.00;-1.11;2455
140;rocket_site;2994.00;10.40;1706.00;2.79;0
140;synthetic_refinery;3018.00;10.13;1688.00;4.85;0
141;bunker;3031.00;9.80;1711.00;0.57;0
141;bunker;3038.00;10.70;1736.00;0.72;0
141;bunker;3039.00;10.20;1721.00;5.73;0
141;bunker;3045.00;9.80;1728.00;0.65;0
141;bunker;3051.00;9.60;1715.00;0.56;0
141;radar_station;3051.00;9.70;1713.00;3.90;0
142;naval_base;2895.00;9.53;1711.00;-2.36;2506
142;naval_base;2898.00;9.50;1700.00;-0.59;2506
142;naval_base;2906.00;9.50;1714.00;-1.57;2506
142;naval_base;2916.00;9.50;1689.00;-0.59;2506
142;naval_base;2925.00;9.53;1691.00;0.00;2506
142;naval_base;2944.00;9.57;1702.00;0.46;2455
142;naval_base;2951.00;9.57;1707.00;0.79;2455
142;nuclear_reactor;2922.48;11.10;1700.08;0.94;0
143;air_base;2989.28;10.00;1832.53;4.46;0
143;anti_air_building;2962.00;11.65;1805.00;4.46;0
143;anti_air_building;2962.00;11.65;1805.00;4.46;0
143;anti_air_building;2962.00;11.65;1805.00;4.46;0
143;arms_factory;2962.00;11.65;1805.00;4.46;0
143;arms_factory;2962.00;11.65;1805.00;4.46;0
143;arms_factory;2966.87;10.70;1812.47;4.46;0
143;arms_factory;2977.31;12.80;1804.68;4.46;0
143;arms_factory;2982.91;11.00;1820.41;4.46;0
143;arms_factory;2985.30;11.60;1812.78;4.46;0
143;bunker;2954.00;10.23;1814.00;4.46;0
143;bunker;2962.00;11.65;1805.00;4.46;0
143;bunker;2964.00;9.68;1825.00;4.46;0
143;bunker;2970.00;10.35;1815.00;4.46;0
143;bunker;2973.00;10.55;1834.00;4.46;0
143;bunker;2976.00;11.98;1808.00;4.46;0
143;bunker;2982.00;11.65;1811.00;4.46;0
143;bunker;2984.00;9.73;1830.00;4.46;0
143;bunker;2985.00;12.30;1800.00;4.46;0
143;bunker;2990.00;10.15;1844.00;4.46;0
143;bunker;2993.00;12.03;1817.00;4.46;0
143;bunker;2996.00;10.50;1847.00;4.46;0
143;bunker;2997.00;11.07;1833.00;4.46;0
143;bunker;2998.00;10.70;1840.00;4.46;0
143;bunker;3004.00;11.85;1833.00;4.46;0
143;bunker;3015.00;12.40;1838.00;4.46;0
143;bunker;3018.00;11.43;1856.00;4.46;0
143;coastal_bunker;2946.00;9.50;1820.00;-4.39;0
143;coastal_bunker;2960.00;10.00;1817.00;-3.14;0
143;coastal_bunker;2963.00;9.50;1832.00;-0.79;0
143;coastal_bunker;2969.00;9.68;1839.00;-2.60;0
143;coastal_bunker;2976.00;9.57;1820.00;-2.27;0
143;coastal_bunker;2983.00;9.60;1845.00;-2.21;0
143;coastal_bunker;2984.00;9.65;1826.00;-1.03;0
143;coastal_bunker;2990.00;9.70;1856.00;-2.86;0
143;dockyard;2946.00;9.50;1820.00;-4.39;0
143;fuel_silo;2962.00;11.65;1805.00;4.46;0
143;industrial_complex;2957.09;10.20;1817.71;4.46;0
143;industrial_complex;2961.72;11.40;1808.77;4.46;0
143;industrial_complex;2962.00;11.65;1805.00;4.46;0
143;industrial_complex;2968.00;12.00;1805.38;4.46;0
143;industrial_complex;2988.55;12.40;1801.91;4.46;0
143;industrial_complex;2992.24;11.30;1825.96;4.46;0
143;naval_base;2946.86;9.60;1820.87;-4.39;2554
143;naval_base;2960.00;10.00;1817.00;-3.14;2554
143;naval_base;2963.00;9.50;1832.00;-0.79;2554
143;naval_base;2969.00;9.68;1839.00;-2.60;2554
143;naval_base;2976.00;9.57;1820.00;-2.27;2554
143;naval_base;2983.00;9.60;1845.00;-2.21;2554
143;naval_base;2984.00;9.65;1826.00;-1.03;2554
143;naval_base;2990.00;9.70;1856.00;-2.86;5869
143;nuclear_reactor;2962.00;11.65;1805.00;4.46;0
143;radar_station;2981.00;9.50;1825.00;5.43;0
143;rocket_site;2962.00;11.65;1805.00;4.46;0
143;synthetic_refinery;2962.00;11.65;1805.00;4.46;0
144;air_base;3024.00;13.30;1870.00;1.53;0
144;bunker;3005.00;10.00;1860.00;0.35;0
144;bunker;3012.00;9.73;1882.00;4.99;0
144;bunker;3013.00;11.63;1873.00;4.04;0
144;bunker;3022.00;10.88;1888.00;0.19;0
144;bunker;3025.00;11.68;1886.00;3.60;0
144;bunker;3025.00;12.98;1870.00;4.48;0
144;bunker;3027.00;11.10;1892.00;0.94;0
144;bunker;3027.00;11.82;1900.00;4.64;0
144;bunker;3039.00;11.88;1907.00;1.91;0
144;bunker;3049.00;9.90;1925.00;4.56;0
144;bunker;3056.00;12.10;1921.00;4.42;0
144;bunker;3057.00;12.75;1915.00;3.88;0
144;coastal_bunker;2999.00;9.50;1884.00;-1.57;0
144;coastal_bunker;3000.00;9.50;1873.00;-1.77;0
144;coastal_bunker;3006.00;9.50;1874.00;-1.89;0
144;coastal_bunker;3017.00;9.60;1896.00;-2.21;0
144;coastal_bunker;3024.00;9.50;1903.00;-2.50;0
144;coastal_bunker;3043.00;9.50;1917.00;-1.70;0
144;coastal_bunker;3044.00;9.50;1926.00;-1.57;0
144;coastal_bunker;3045.00;9.90;1911.00;-2.62;0
144;coastal_bunker;3055.00;9.50;1936.00;-2.45;0
144;naval_base;3002.00;9.78;1873.00;-1.77;5869
144;naval_base;3003.00;9.50;1876.00;-1.89;5869
144;naval_base;3004.00;9.50;1884.00;-1.57;5869
144;naval_base;3013.00;9.50;1901.00;-2.21;5869
144;naval_base;3029.00;9.50;1909.00;-2.50;5869
144;naval_base;3044.00;9.90;1912.00;-2.62;5869
144;naval_base;3046.00;9.68;1926.00;-1.57;5869
144;naval_base;3049.00;9.50;1936.00;-2.45;5869
144;naval_base;3050.00;9.50;1919.00;-1.70;5869
144;nuclear_reactor;3024.00;13.50;1863.00;4.10;0
144;radar_station;3028.00;11.88;1882.00;4.85;0
144;rocket_site;3029.00;11.73;1904.00;0.13;0
144;synthetic_refinery;3038.00;11.03;1909.00;2.19;0
145;air_base;3129.00;9.85;1744.00;0.65;0
145;anti_air_building;3121.00;9.90;1740.00;6.24;0
145;anti_air_building;3128.00;9.63;1744.00;1.17;0
145;anti_air_building;3129.00;9.85;1744.00;2.12;0
145;arms_factory;3122.00;9.65;1748.00;3.15;0
145;arms_factory;3122.00;9.75;1749.00;5.22;0
145;arms_factory;3128.00;9.63;1735.00;0.49;0
145;arms_factory;3128.00;9.63;1735.00;3.06;0
145;arms_factory;3128.00;9.63;1744.00;6.18;0
145;arms_factory;3129.00;9.75;1735.00;1.10;0
145;bunker;3121.00;9.70;1739.00;0.06;0
145;coastal_bunker;3125.00;9.50;1739.00;-3.93;0
145;dockyard;3118.00;9.50;1742.00;-3.93;0
145;fuel_silo;3122.00;9.68;1739.00;2.41;0
145;industrial_complex;3118.00;9.53;1739.00;3.67;0
145;industrial_complex;3119.00;9.70;1739.00;3.16;0
145;industrial_complex;3119.00;9.85;1740.00;1.61;0
145;industrial_complex;3120.00;9.75;1739.00;5.73;0
145;industrial_complex;3121.00;9.70;1739.00;0.05;0
145;industrial_complex;3129.00;9.60;1734.00;1.00;0
145;naval_base;3124.00;9.50;1738.00;-1.03;1211
145;nuclear_reactor;3122.00;9.65;1748.00;5.89;0
145;radar_station;3128.00;9.50;1743.00;0.57;0
145;rocket_site;3128.00;9.63;1735.00;3.23;0
145;synthetic_refinery;3129.00;9.80;1745.00;5.29;0
146;air_base;3264.00;10.30;1745.00;0.06;0
146;anti_air_building;3260.00;10.18;1753.00;0.63;0
146;anti_air_building;3297.00;10.38;1778.00;5.96;0
146;anti_air_building;3303.00;10.40;1782.00;3.30;0
146;arms_factory;3257.00;10.30;1760.00;3.06;0
146;arms_factory;3286.00;10.40;1780.00;3.16;0
146;arms_factory;3292.00;10.40;1784.00;1.00;0
146;arms_factory;3297.00;10.40;1781.00;6.18;0
146;arms_factory;3304.00;10.50;1786.00;1.10;0
146;arms_factory;3311.00;10.48;1792.00;5.22;0
146;bunker;3257.00;10.05;1756.00;3.84;0
146;bunker;3259.00;10.30;1757.00;3.23;0
146;bunker;3261.00;10.30;1749.00;4.25;0
146;bunker;3264.00;9.75;1741.00;3.73;0
146;bunker;3273.00;10.07;1747.00;4.35;0
146;bunker;3273.00;10.30;1766.00;5.89;0
146;bunker;3274.00;10.30;1752.00;1.68;0
146;bunker;3277.00;10.32;1775.00;0.72;0
146;bunker;3283.00;9.50;1770.00;6.24;0
146;bunker;3286.00;10.40;1786.00;3.74;0
146;bunker;3289.00;10.53;1826.00;5.65;0
146;bunker;3293.00;10.03;1774.00;5.80;0
146;bunker;3296.00;10.10;1827.00;1.53;0
146;bunker;3298.00;10.32;1799.00;1.17;0
146;bunker;3303.00;10.40;1782.00;0.12;0
146;bunker;3303.00;10.65;1810.00;4.56;0
146;bunker;3307.00;9.68;1766.00;0.57;0
146;bunker;3309.00;10.50;1785.00;5.29;0
146;coastal_bunker;3251.00;9.50;1747.00;-1.29;0
146;coastal_bunker;3252.00;9.60;1753.00;-0.79;0
146;coastal_bunker;3269.00;9.50;1740.00;-0.59;0
146;dockyard;3244.00;9.50;1748.00;-0.79;0
146;fuel_silo;3278.00;10.10;1768.00;0.25;0
146;industrial_complex;3270.00;10.30;1770.00;4.78;0
146;industrial_complex;3274.00;10.07;1764.00;0.65;0
146;industrial_complex;3283.00;9.63;1771.00;1.61;0
146;industrial_complex;3295.00;10.50;1790.00;0.05;0
146;industrial_complex;3301.00;10.28;1772.00;3.67;0
146;industrial_complex;3305.00;10.50;1784.00;5.73;0
146;naval_base;3246.00;9.50;1748.00;-0.79;1434
146;naval_base;3254.00;9.50;1745.00;-1.29;1434
146;naval_base;3262.00;9.50;1739.00;-0.59;1434
146;nuclear_reactor;3285.00;10.40;1786.00;4.41;0
146;radar_station;3264.00;10.30;1749.00;3.90;0
146;rocket_site;3272.00;10.15;1763.00;1.74;0
146;synthetic_refinery;3258.00;9.60;1743.00;2.70;0
147;air_base;3004.00;9.80;1552.00;4.41;0
147;anti_air_building;2981.00;10.45;1551.00;0.36;0
147;anti_air_building;2982.00;9.73;1569.00;4.48;0
147;anti_air_building;2984.00;9.78;1572.00;0.26;0
147;arms_factory;2982.00;9.70;1575.00;3.29;0
147;arms_factory;2984.00;10.28;1562.00;5.96;0
147;arms_factory;2987.00;9.70;1578.00;2.34;0
147;arms_factory;2994.00;10.48;1543.00;3.90;0
147;arms_factory;2995.00;9.75;1548.00;5.45;0
147;arms_factory;2997.00;9.80;1553.00;5.35;0
147;bunker;2976.00;11.93;1557.00;4.47;0
147;bunker;2981.00;9.70;1573.00;2.41;0
147;bunker;2982.00;10.48;1557.00;2.86;0
147;bunker;2983.00;9.95;1547.00;3.46;0
147;bunker;2985.00;10.00;1565.00;5.52;0
147;bunker;2990.00;9.95;1548.00;3.97;0
147;bunker;2991.00;9.70;1573.00;2.25;0
147;bunker;2992.00;9.70;1561.00;1.81;0
147;bunker;2996.00;10.70;1541.00;1.30;0
147;bunker;2997.00;9.85;1546.00;6.03;0
147;bunker;2998.00;9.80;1552.00;6.03;0
147;bunker;3003.00;9.75;1557.00;1.90;0
147;bunker;3010.00;9.80;1553.00;1.31;0
147;fuel_silo;2991.00;9.88;1549.00;3.52;0
147;industrial_complex;2978.00;11.78;1555.00;3.81;0
147;industrial_complex;2983.00;10.00;1549.00;0.19;0
147;industrial_complex;2986.00;9.80;1567.00;2.85;0
147;industrial_complex;2988.00;9.70;1570.00;0.79;0
147;industrial_complex;2994.00;9.80;1551.00;4.40;0
147;industrial_complex;2996.00;9.80;1550.00;1.74;0
147;nuclear_reactor;2977.00;11.03;1553.00;5.59;0
147;radar_station;2997.00;9.70;1560.00;0.69;0
147;rocket_site;2997.00;9.75;1555.00;2.93;0
147;synthetic_refinery;2982.00;10.20;1559.00;0.86;0
148;air_base;3192.00;10.55;1910.00;2.21;0
148;anti_air_building;3179.00;10.38;1910.00;0.19;0
148;anti_air_building;3189.00;10.30;1922.00;1.39;0
148;anti_air_building;3198.00;10.40;1895.00;4.42;0
148;arms_factory;3153.00;11.15;1951.00;3.30;0
148;arms_factory;3161.00;11.45;1950.00;2.79;0
148;arms_factory;3171.00;10.88;1938.00;5.96;0
148;arms_factory;3193.00;10.55;1908.00;4.85;0
148;arms_factory;3195.00;10.40;1893.00;1.23;0
148;arms_factory;3201.00;10.40;1894.00;0.63;0
148;bunker;3141.00;11.93;1955.00;2.79;0
148;bunker;3182.00;10.35;1905.00;5.80;0
148;bunker;3189.00;10.40;1891.00;3.60;0
148;bunker;3189.00;10.40;1923.00;4.25;0
148;bunker;3190.00;10.75;1930.00;3.23;0
148;bunker;3195.00;10.40;1891.00;2.86;0
148;coastal_bunker;3188.00;9.50;1877.00;0.11;0
148;dockyard;3182.00;9.50;1878.00;0.11;0
148;fuel_silo;3200.00;10.43;1896.00;4.92;0
148;industrial_complex;3149.00;11.32;1952.00;2.70;0
148;industrial_complex;3176.00;10.50;1919.00;5.97;0
148;industrial_complex;3178.00;10.50;1916.00;1.74;0
148;industrial_complex;3181.00;10.90;1932.00;3.90;0
148;industrial_complex;3181.00;10.90;1933.00;4.41;0
148;industrial_complex;3192.00;10.68;1920.00;2.35;0
148;naval_base;3186.00;9.50;1877.00;0.11;4
148;nuclear_reactor;3149.00;11.65;1954.00;0.70;0
148;radar_station;3172.00;10.80;1927.00;1.11;0
148;rocket_site;3201.00;10.43;1897.00;2.86;0
148;synthetic_refinery;3188.00;10.50;1924.00;2.26;0
149;air_base;3199.00;10.40;1837.00;4.44;0
149;anti_air_building;3195.00;10.43;1818.00;5.59;0
149;anti_air_building;3206.00;9.78;1871.00;2.93;0
149;anti_air_building;3209.00;9.98;1854.00;0.87;0
149;arms_factory;3143.00;9.70;1804.00;4.35;0
149;arms_factory;3167.00;9.70;1806.00;0.63;0
149;arms_factory;3179.00;10.38;1819.00;4.85;0
149;arms_factory;3185.00;10.10;1836.00;1.23;0
149;arms_factory;3186.00;10.50;1813.00;2.19;0
149;arms_factory;3201.00;10.40;1835.00;2.79;0
149;bunker;3147.00;10.30;1787.00;4.35;0
149;bunker;3151.00;9.70;1805.00;0.96;0
149;bunker;3155.00;9.60;1818.00;2.51;0
149;bunker;3156.00;9.82;1794.00;1.23;0
149;bunker;3164.00;9.80;1792.00;1.39;0
149;bunker;3165.00;9.70;1806.00;0.19;0
149;bunker;3167.00;9.70;1826.00;5.68;0
149;bunker;3168.00;9.73;1821.00;5.08;0
149;bunker;3183.00;10.00;1824.00;1.91;0
149;bunker;3186.00;10.15;1828.00;3.90;0
149;bunker;3187.00;10.43;1819.00;2.26;0
149;bunker;3188.00;10.18;1842.00;0.63;0
149;bunker;3192.00;10.15;1881.00;5.18;0
149;bunker;3203.00;9.70;1851.00;5.97;0
149;bunker;3204.00;10.40;1832.00;2.35;0
149;bunker;3209.00;9.80;1856.00;3.97;0
149;bunker;3211.00;9.90;1869.00;2.19;0
149;bunker;3211.00;10.40;1839.00;5.96;0
149;bunker;3217.00;10.23;1856.00;0.70;0
149;bunker;3220.00;9.95;1861.00;1.31;0
149;bunker;3220.00;10.40;1826.00;0.12;0
149;bunker;3221.00;10.40;1820.00;4.25;0
149;bunker;3226.00;10.40;1830.00;3.74;0
149;bunker;3229.00;10.40;1855.00;4.42;0
149;coastal_bunker;3138.00;9.50;1803.00;-1.25;0
149;coastal_bunker;3139.00;9.50;1783.00;-1.57;0
149;coastal_bunker;3155.00;9.50;1817.00;-2.55;0
149;coastal_bunker;3161.00;9.50;1827.00;-2.60;0
149;coastal_bunker;3168.00;9.55;1828.00;-2.16;0
149;coastal_bunker;3184.00;9.57;1843.00;-2.25;0
149;coastal_bunker;3187.00;9.50;1847.00;-2.90;0
149;coastal_bunker;3191.00;9.50;1874.00;-0.79;0
149;coastal_bunker;3193.00;9.53;1857.00;-1.41;0
149;coastal_bunker;3202.00;9.50;1866.00;-1.46;0
149;dockyard;3139.00;9.50;1784.00;-1.57;0
149;fuel_silo;3206.00;10.30;1847.00;0.85;0
149;industrial_complex;3157.00;9.80;1799.00;0.50;0
149;industrial_complex;3188.00;10.38;1830.00;6.28;0
149;industrial_complex;3196.00;10.20;1879.00;2.56;0
149;industrial_complex;3197.00;9.68;1853.00;6.18;0
149;industrial_complex;3207.00;10.30;1845.00;2.05;0
149;industrial_complex;3210.00;10.23;1852.00;4.12;0
149;naval_base;3135.00;9.50;1797.00;-1.57;786
149;naval_base;3142.00;9.50;1810.00;-2.47;411
149;naval_base;3153.00;9.50;1813.00;-2.55;411
149;naval_base;3160.00;9.68;1822.00;-2.60;411
149;naval_base;3174.00;9.50;1833.00;-2.16;411
149;naval_base;3182.00;9.57;1841.00;-2.25;4
149;naval_base;3196.00;9.50;1873.00;-0.79;4
149;naval_base;3201.00;9.50;1863.00;-1.41;4
149;naval_base;3201.00;9.55;1852.00;-2.90;4
149;naval_base;3202.00;9.50;1870.00;-1.46;4
149;nuclear_reactor;3191.00;10.55;1810.00;5.60;0
149;radar_station;3186.00;10.25;1833.00;1.38;0
149;rocket_site;3152.00;9.80;1787.00;4.94;0
149;synthetic_refinery;3208.00;9.68;1856.00;4.99;0
150;air_base;1365.00;10.30;1397.00;2.70;0
150;anti_air_building;1364.00;10.30;1379.00;3.97;0
150;anti_air_building;1366.00;10.30;1407.00;1.31;0
150;anti_air_building;1374.00;10.30;1368.00;4.93;0
150;arms_factory;1350.00;10.30;1396.00;4.25;0
150;arms_factory;1351.00;10.30;1396.00;3.74;0
150;arms_factory;1357.00;10.30;1366.00;0.72;0
150;arms_factory;1358.00;10.25;1364.00;2.19;0
150;arms_factory;1377.00;10.30;1401.00;4.35;0
150;arms_factory;1379.00;10.30;1395.00;0.12;0
150;bunker;1346.00;10.30;1403.00;4.92;0
150;bunker;1349.00;10.30;1380.00;5.97;0
150;bunker;1350.00;10.30;1394.00;1.39;0
150;bunker;1353.00;10.30;1369.00;4.42;0
150;bunker;1363.00;10.30;1376.00;0.19;0
150;bunker;1366.00;10.30;1382.00;4.41;0
150;bunker;1366.00;10.30;1391.00;2.26;0
150;bunker;1367.00;9.80;1367.00;0.19;0
150;bunker;1369.00;10.30;1408.00;2.35;0
150;coastal_bunker;1343.00;9.50;1359.00;-0.28;0
150;coastal_bunker;1372.17;9.50;1353.25;0.00;0
150;dockyard;1378.04;9.80;1354.52;0.00;0
150;fuel_silo;1374.00;10.30;1381.00;3.37;0
150;industrial_complex;1346.00;10.30;1402.00;5.96;0
150;industrial_complex;1348.00;10.30;1377.00;4.85;0
150;industrial_complex;1353.00;10.32;1392.00;2.79;0
150;industrial_complex;1359.00;10.35;1413.00;0.63;0
150;industrial_complex;1366.00;10.28;1371.00;3.30;0
150;industrial_complex;1367.00;10.30;1409.00;1.23;0
150;naval_base;1349.59;9.70;1358.13;0.02;5963
150;naval_base;1365.02;9.70;1354.66;0.00;5963
150;nuclear_reactor;1378.00;10.30;1394.00;0.26;0
150;radar_station;1363.00;10.30;1384.00;6.17;0
150;rocket_site;1359.00;10.30;1395.00;2.42;0
150;synthetic_refinery;1355.00;10.40;1411.00;0.35;0
151;air_base;2943.00;13.05;1460.00;4.56;0
151;bunker;2938.00;12.60;1463.00;3.60;0
151;bunker;2946.00;14.63;1457.00;1.55;0
151;bunker;2947.00;13.93;1448.00;0.94;0
151;bunker;2951.00;11.30;1466.00;1.44;0
151;fuel_silo;2947.00;12.70;1464.00;6.18;0
151;nuclear_reactor;2936.00;12.78;1463.00;0.50;0
151;radar_station;2950.00;14.28;1455.00;3.43;0
151;synthetic_refinery;2952.00;15.45;1451.00;2.05;0
152;air_base;3021.00;11.45;1484.00;1.11;0
152;anti_air_building;3017.00;13.40;1477.00;3.78;0
152;anti_air_building;3021.00;11.63;1482.00;2.83;0
152;anti_air_building;3028.00;11.40;1481.00;1.61;0
152;arms_factory;3018.00;12.78;1480.00;4.22;0
152;arms_factory;3020.00;13.40;1472.00;0.94;0
152;arms_factory;3021.00;13.43;1472.00;0.60;0
152;arms_factory;3023.00;11.55;1488.00;1.55;0
152;arms_factory;3027.00;14.13;1473.00;2.15;0
152;arms_factory;3028.00;10.85;1486.00;5.17;0
152;bunker;3017.00;13.40;1477.00;2.66;0
152;bunker;3020.00;12.95;1478.00;3.17;0
152;bunker;3023.00;12.88;1477.00;5.84;0
152;bunker;3024.00;12.90;1477.00;5.33;0
152;bunker;3026.00;10.95;1484.00;1.11;0
152;bunker;3033.00;11.10;1485.00;5.68;0
152;fuel_silo;3028.00;10.80;1485.00;2.22;0
152;industrial_complex;3015.00;12.88;1480.00;0.60;0
152;industrial_complex;3019.00;12.63;1480.00;5.33;0
152;industrial_complex;3021.00;11.45;1484.00;4.82;0
152;industrial_complex;3023.00;11.55;1488.00;2.66;0
152;industrial_complex;3028.00;14.30;1473.00;3.61;0
152;industrial_complex;3028.00;14.30;1473.00;4.72;0
152;nuclear_reactor;3032.00;11.18;1483.00;4.29;0
152;radar_station;3022.00;12.25;1479.00;3.20;0
152;rocket_site;3029.00;11.50;1481.00;2.73;0
152;synthetic_refinery;3032.00;13.85;1475.00;5.84;0
153;air_base;2972.00;15.53;1460.00;0.13;0
153;bunker;2967.00;15.57;1459.00;0.63;0
153;bunker;2974.00;14.40;1464.00;1.75;0
153;bunker;2974.00;16.30;1457.00;2.80;0
153;bunker;2980.00;15.05;1456.00;4.86;0
153;bunker;2989.00;14.73;1465.00;5.37;0
153;bunker;2999.00;13.98;1468.00;1.24;0
153;fuel_silo;2989.00;16.48;1462.00;1.75;0
153;radar_station;2986.00;15.55;1460.00;3.95;0
153;rocket_site;2981.00;16.08;1462.00;0.80;0
153;synthetic_refinery;2972.00;15.70;1458.00;0.19;0
154;air_base;3129.00;9.80;1459.00;0.12;0
154;anti_air_building;3130.00;9.80;1453.00;0.19;0
154;anti_air_building;3135.00;9.73;1459.00;2.35;0
154;anti_air_building;3155.00;9.82;1481.00;5.97;0
154;arms_factory;3129.00;9.80;1446.00;2.11;0
154;arms_factory;3130.00;9.80;1449.00;4.78;0
154;arms_factory;3135.00;9.75;1460.00;3.66;0
154;arms_factory;3137.00;9.75;1474.00;5.73;0
154;arms_factory;3148.00;10.50;1466.00;2.71;0
154;arms_factory;3153.00;10.57;1471.00;0.05;0
154;bunker;3125.00;9.75;1443.00;4.41;0
154;bunker;3126.00;9.75;1457.00;4.35;0
154;bunker;3129.00;9.80;1447.00;4.85;0
154;bunker;3129.00;9.80;1448.00;2.19;0
154;bunker;3138.00;9.70;1470.00;4.25;0
154;bunker;3140.00;9.78;1473.00;2.70;0
154;bunker;3140.00;9.80;1454.00;1.74;0
154;bunker;3147.00;10.23;1464.00;3.30;0
154;bunker;3150.00;10.25;1472.00;0.63;0
154;bunker;3157.00;10.23;1479.00;3.90;0
154;fuel_silo;3149.00;10.53;1468.00;0.21;0
154;industrial_complex;3128.00;9.80;1455.00;2.61;0
154;industrial_complex;3139.00;9.80;1468.00;4.78;0
154;industrial_complex;3141.00;9.80;1457.00;0.56;0
154;industrial_complex;3141.00;9.80;1476.00;1.16;0
154;industrial_complex;3156.00;10.50;1474.00;3.22;0
154;industrial_complex;3162.00;10.07;1479.00;2.72;0
154;nuclear_reactor;3125.00;9.78;1445.00;4.92;0
154;radar_station;3144.00;10.18;1471.00;4.42;0
154;rocket_site;3130.00;9.80;1452.00;2.26;0
154;synthetic_refinery;3128.00;9.75;1458.00;5.28;0
155;air_base;3093.00;10.15;1465.00;4.35;0
155;anti_air_building;3074.00;10.45;1460.00;2.57;0
155;anti_air_building;3087.00;10.23;1443.00;5.23;0
155;anti_air_building;3099.00;9.70;1463.00;3.07;0
155;arms_factory;3078.00;10.68;1465.00;3.73;0
155;arms_factory;3079.00;10.00;1446.00;3.23;0
155;arms_factory;3088.00;10.32;1448.00;5.89;0
155;arms_factory;3095.00;9.75;1458.00;0.57;0
155;arms_factory;3095.00;9.80;1469.00;5.29;0
155;arms_factory;3099.00;9.80;1455.00;3.84;0
155;bunker;3061.00;10.63;1447.00;4.84;0
155;bunker;3068.00;10.55;1457.00;4.85;0
155;bunker;3071.00;10.48;1451.00;1.74;0
155;bunker;3073.00;10.57;1466.00;0.19;0
155;bunker;3074.00;10.82;1470.00;2.70;0
155;bunker;3075.00;10.10;1455.00;3.30;0
155;bunker;3077.00;9.82;1440.00;4.41;0
155;bunker;3080.00;9.65;1451.00;0.63;0
155;bunker;3084.00;9.82;1442.00;1.39;0
155;bunker;3084.00;10.40;1464.00;5.96;0
155;bunker;3084.00;10.57;1470.00;2.79;0
155;bunker;3091.00;10.13;1442.00;5.97;0
155;bunker;3094.00;10.03;1442.00;2.35;0
155;bunker;3095.00;9.80;1448.00;2.19;0
155;bunker;3097.00;9.80;1458.00;1.23;0
155;bunker;3097.00;9.80;1465.00;3.90;0
155;fuel_silo;3081.00;10.53;1466.00;4.98;0
155;industrial_complex;3069.00;10.60;1462.00;3.74;0
155;industrial_complex;3071.00;10.40;1450.00;0.12;0
155;industrial_complex;3074.00;9.85;1445.00;5.80;0
155;industrial_complex;3080.00;10.65;1467.00;4.25;0
155;industrial_complex;3092.00;9.80;1451.00;1.68;0
155;industrial_complex;3095.00;9.80;1461.00;0.72;0
155;nuclear_reactor;3087.00;9.80;1438.00;1.91;0
155;radar_station;3072.00;10.35;1464.00;2.86;0
155;rocket_site;3077.00;9.95;1438.00;0.70;0
155;synthetic_refinery;3089.00;9.55;1459.00;0.19;0
156;air_base;3057.00;9.70;1298.00;0.05;0
156;anti_air_building;3052.00;13.12;1339.00;1.23;0
156;anti_air_building;3056.00;11.80;1322.00;5.35;0
156;anti_air_building;3061.00;11.78;1311.00;4.85;0
156;arms_factory;3062.00;11.00;1331.00;4.71;0
156;arms_factory;3063.00;10.85;1332.00;5.82;0
156;arms_factory;3064.00;11.90;1306.00;0.49;0
156;arms_factory;3065.00;9.80;1327.00;4.61;0
156;arms_factory;3071.00;9.55;1305.00;2.55;0
156;arms_factory;3071.00;9.95;1307.00;2.65;0
156;bunker;3052.00;12.30;1334.00;1.16;0
156;bunker;3053.00;10.48;1287.00;3.22;0
156;bunker;3055.00;11.20;1321.00;3.23;0
156;bunker;3055.00;13.28;1336.00;5.28;0
156;bunker;3061.00;9.80;1294.00;0.11;0
156;bunker;3061.00;10.95;1328.00;3.73;0
156;bunker;3064.00;10.25;1328.00;0.21;0
156;bunker;3064.00;12.45;1308.00;4.78;0
156;bunker;3065.00;11.55;1306.00;1.07;0
156;coastal_bunker;3051.00;9.50;1287.00;0.00;0
156;coastal_bunker;3052.00;9.55;1323.00;-1.03;0
156;coastal_bunker;3054.00;9.57;1317.00;-1.43;0
156;coastal_bunker;3058.00;9.55;1306.00;-1.57;0
156;coastal_bunker;3064.00;9.50;1294.00;0.98;0
156;coastal_bunker;3067.00;9.50;1328.00;0.79;0
156;coastal_bunker;3070.00;10.10;1313.00;-3.61;0
156;dockyard;3058.00;10.07;1290.00;0.00;0
156;fuel_silo;3062.00;9.90;1301.00;3.29;0
156;industrial_complex;3050.00;11.82;1334.00;1.60;0
156;industrial_complex;3057.00;11.25;1317.00;1.00;0
156;industrial_complex;3058.00;9.85;1296.00;3.66;0
156;industrial_complex;3059.00;12.78;1324.00;4.27;0
156;industrial_complex;3061.00;11.18;1307.00;5.22;0
156;industrial_complex;3062.00;10.70;1316.00;2.55;0
156;naval_base;3051.00;9.50;1323.00;-1.03;5681
156;naval_base;3054.00;9.50;1316.00;-1.43;5681
156;naval_base;3057.00;9.55;1310.00;-1.57;5681
156;naval_base;3059.00;9.82;1291.00;0.00;13658
156;naval_base;3064.00;9.50;1294.00;0.98;13658
156;naval_base;3067.00;9.50;1328.00;0.79;5864
156;naval_base;3069.00;9.55;1315.00;-3.61;5864
156;nuclear_reactor;3062.00;10.78;1329.00;3.90;0
156;radar_station;3060.00;11.48;1314.00;6.25;0
156;rocket_site;3056.00;13.15;1328.00;2.34;0
156;synthetic_refinery;3058.00;12.03;1320.00;5.45;0
157;air_base;3002.00;11.35;1391.00;6.04;0
157;anti_air_building;3001.00;11.25;1391.00;4.05;0
157;anti_air_building;3009.20;11.70;1380.68;1.38;0
157;anti_air_building;3011.67;10.80;1390.45;6.11;0
157;bunker;3003.00;11.35;1390.00;0.87;0
157;bunker;3006.00;11.48;1393.00;3.54;0
157;bunker;3011.09;11.20;1383.42;1.38;0
157;bunker;3012.96;13.20;1377.34;2.93;0
157;bunker;3018.45;11.70;1379.35;4.49;0
157;coastal_bunker;3011.00;10.38;1393.00;-3.61;0
157;coastal_bunker;3019.00;9.60;1386.00;-4.39;0
157;dockyard;3017.00;9.60;1390.00;1.41;0
157;fuel_silo;3000.00;11.50;1394.00;4.03;0
157;industrial_complex;3007.00;11.23;1387.00;1.82;0
157;industrial_complex;3008.63;11.20;1391.75;2.42;0
157;industrial_complex;3015.52;11.10;1382.58;6.04;0
157;industrial_complex;3016.00;9.93;1388.00;4.49;0
157;industrial_complex;3017.26;10.40;1383.46;3.37;0
157;industrial_complex;3020.13;9.50;1384.34;3.98;0
157;naval_base;3013.00;9.90;1392.00;-3.61;5786
157;naval_base;3021.00;10.50;1380.00;-4.39;5812
157;nuclear_reactor;3013.00;10.88;1386.00;2.49;0
157;radar_station;3010.00;11.20;1386.00;3.15;0
157;rocket_site;3016.03;12.40;1379.79;6.11;0
157;synthetic_refinery;3009.00;11.40;1389.00;1.88;0
158;air_base;2930.00;10.68;1426.00;6.21;0
158;anti_air_building;2924.00;11.80;1407.00;5.17;0
158;anti_air_building;2926.00;11.63;1406.00;2.15;0
158;anti_air_building;2929.00;11.70;1405.00;0.94;0
158;arms_factory;2912.00;15.25;1417.00;0.97;0
158;arms_factory;2915.00;15.53;1417.00;2.53;0
158;arms_factory;2918.00;13.93;1417.00;0.36;0
158;arms_factory;2933.00;10.50;1422.00;4.59;0
158;arms_factory;2946.00;10.60;1419.00;4.59;0
158;arms_factory;2947.00;10.93;1418.00;3.03;0
158;bunker;2915.00;14.85;1406.00;2.59;0
158;bunker;2917.00;14.82;1412.00;5.27;0
158;bunker;2924.00;11.38;1409.00;4.66;0
158;bunker;2925.00;10.53;1419.00;1.04;0
158;bunker;2928.00;10.63;1424.00;4.66;0
158;bunker;2930.00;10.60;1420.00;0.53;0
158;bunker;2932.00;13.13;1433.00;3.71;0
158;bunker;2934.00;10.57;1417.00;1.48;0
158;bunker;2935.00;11.07;1413.00;1.99;0
158;bunker;2936.00;10.13;1428.00;0.43;0
158;bunker;2940.00;11.85;1438.00;6.21;0
158;bunker;2941.00;11.57;1413.00;3.10;0
158;bunker;2945.00;11.13;1417.00;4.15;0
158;fuel_silo;2934.00;13.82;1437.00;4.22;0
158;industrial_complex;2924.00;12.78;1426.00;0.87;0
158;industrial_complex;2929.00;10.55;1414.00;5.10;0
158;industrial_complex;2931.00;10.53;1425.00;1.48;0
158;industrial_complex;2935.00;10.20;1425.00;3.03;0
158;industrial_complex;2938.00;11.00;1415.00;2.09;0
158;industrial_complex;2949.00;10.85;1419.00;2.43;0
158;nuclear_reactor;2930.00;15.43;1436.00;4.82;0
158;radar_station;2931.00;10.55;1424.00;5.65;0
158;rocket_site;2933.00;14.70;1438.00;3.61;0
158;synthetic_refinery;2927.00;11.20;1407.00;1.55;0
159;air_base;2959.00;9.93;1423.00;5.16;0
159;bunker;2943.40;10.00;1430.77;3.60;0
159;bunker;2949.40;11.40;1435.47;2.05;0
159;bunker;2953.73;10.60;1421.73;0.43;0
159;bunker;2958.57;9.80;1429.54;3.00;0
159;bunker;2963.17;9.70;1422.56;5.67;0
159;bunker;2968.00;11.57;1432.00;4.56;0
159;bunker;2973.00;9.70;1421.00;5.06;0
159;fuel_silo;2952.00;9.80;1429.00;1.97;0
159;nuclear_reactor;2969.11;9.70;1425.62;0.50;0
159;radar_station;2963.08;12.60;1433.13;2.16;0
159;rocket_site;2957.12;9.80;1425.31;4.12;0
159;synthetic_refinery;2965.09;9.70;1424.41;6.18;0
160;air_base;2997.00;9.60;1426.00;1.08;0
160;anti_air_building;2982.11;10.50;1429.30;4.86;0
160;anti_air_building;2983.00;9.70;1421.00;1.24;0
160;anti_air_building;2993.34;9.70;1431.33;2.19;0
160;arms_factory;2986.00;9.70;1418.00;1.52;0
160;arms_factory;2986.00;11.07;1434.00;2.73;0
160;arms_factory;2988.00;10.03;1433.00;0.57;0
160;arms_factory;2992.00;9.70;1422.00;4.79;0
160;arms_factory;2992.00;9.70;1424.00;2.12;0
160;arms_factory;2995.00;9.70;1431.00;5.74;0
160;bunker;2977.00;9.70;1424.00;5.81;0
160;bunker;2985.00;9.75;1426.00;3.75;0
160;bunker;2989.15;9.70;1419.54;1.68;0
160;bunker;2992.00;9.70;1427.00;0.74;0
160;coastal_bunker;2997.00;9.68;1419.00;1.57;0
160;coastal_bunker;3005.00;9.60;1432.00;1.03;0
160;dockyard;2998.00;9.68;1418.00;1.46;0
160;fuel_silo;2998.00;9.70;1431.00;4.63;0
160;industrial_complex;2978.00;9.70;1423.00;2.63;0
160;industrial_complex;2985.00;9.70;1425.00;4.79;0
160;industrial_complex;2987.00;9.70;1426.00;3.24;0
160;industrial_complex;2995.00;9.70;1427.00;3.24;0
160;industrial_complex;2998.00;9.70;1433.00;1.68;0
160;industrial_complex;2999.00;9.70;1434.00;5.30;0
160;naval_base;2997.00;9.50;1421.00;1.46;5786
160;naval_base;3007.00;9.50;1432.00;1.03;5786
160;nuclear_reactor;2977.00;9.88;1428.00;5.97;0
160;radar_station;2991.00;9.70;1427.00;0.90;0
160;rocket_site;2982.00;10.90;1431.00;3.30;0
160;synthetic_refinery;2986.00;10.48;1432.00;5.37;0
161;air_base;2981.00;11.15;1410.00;5.97;0
161;anti_air_building;2989.82;9.70;1413.24;3.69;0
161;anti_air_building;2990.07;11.50;1396.75;2.12;0
161;anti_air_building;2992.94;9.70;1408.43;0.07;0
161;arms_factory;2979.13;12.00;1406.41;2.06;0
161;arms_factory;2984.67;11.50;1405.61;0.50;0
161;arms_factory;2987.21;9.80;1413.59;0.51;0
161;arms_factory;2990.00;11.30;1400.00;2.57;0
161;arms_factory;2995.43;11.30;1400.74;6.19;0
161;arms_factory;2997.00;11.25;1400.00;5.23;0
161;bunker;2980.00;12.43;1404.00;0.19;0
161;bunker;2983.99;9.90;1414.39;4.12;0
161;bunker;2993.93;9.70;1414.66;1.91;0
161;bunker;2994.72;11.50;1396.49;2.26;0
161;bunker;2995.00;10.28;1405.00;1.31;0
161;coastal_bunker;2996.00;9.68;1410.00;-4.47;0
161;coastal_bunker;2997.00;9.50;1414.00;1.41;0
161;coastal_bunker;3002.00;9.90;1400.00;-4.51;0
161;dockyard;2999.00;9.85;1403.00;-4.51;0
161;fuel_silo;2984.00;9.85;1415.00;2.47;0
161;industrial_complex;2977.02;12.30;1401.71;0.41;0
161;industrial_complex;2985.03;10.90;1408.35;1.62;0
161;industrial_complex;2985.33;10.20;1411.35;4.63;0
161;industrial_complex;2988.00;9.90;1410.00;5.74;0
161;industrial_complex;2988.00;10.50;1407.00;1.01;0
161;industrial_complex;2993.82;11.20;1400.35;3.68;0
161;naval_base;2997.00;9.50;1414.00;1.43;5786
161;naval_base;2998.00;9.68;1405.00;-4.47;5786
161;naval_base;3000.00;10.60;1400.00;-4.51;5786
161;nuclear_reactor;2990.76;9.70;1409.76;4.29;0
161;radar_station;2990.00;10.35;1406.00;3.44;0
161;rocket_site;2991.77;10.90;1401.75;3.88;0
161;synthetic_refinery;2998.06;11.50;1397.76;4.48;0
162;air_base;2971.00;9.70;1391.00;1.99;0
162;anti_air_building;2982.00;10.35;1397.00;0.50;0
162;anti_air_building;2987.00;11.07;1379.00;4.62;0
162;anti_air_building;2993.00;11.35;1392.00;5.83;0
162;arms_factory;2974.00;9.80;1394.00;2.93;0
162;arms_factory;2978.00;9.73;1379.00;3.54;0
162;arms_factory;2981.00;9.70;1375.00;4.49;0
162;arms_factory;2985.00;11.32;1400.00;1.38;0
162;arms_factory;2986.00;10.73;1378.00;0.87;0
162;arms_factory;2989.00;11.20;1393.00;2.93;0
162;bunker;2960.00;10.88;1406.00;0.94;0
162;bunker;2974.46;10.60;1398.35;5.06;0
162;bunker;2975.00;9.93;1390.00;3.00;0
162;bunker;2977.60;9.70;1377.78;4.56;0
162;bunker;2979.96;10.80;1384.70;3.60;0
162;bunker;2983.32;9.70;1371.31;4.12;0
162;bunker;2983.79;10.40;1392.71;2.05;0
162;bunker;2985.74;11.00;1398.42;5.67;0
162;bunker;2990.00;11.13;1382.00;6.28;0
162;bunker;2991.39;11.10;1388.40;0.34;0
162;coastal_bunker;2966.00;9.50;1396.00;0.00;0
162;coastal_bunker;2967.00;9.50;1395.00;-1.57;0
162;coastal_bunker;2974.00;9.50;1376.00;-0.24;0
162;coastal_bunker;2984.00;9.50;1369.00;-0.59;0
162;dockyard;2977.00;9.50;1375.00;-0.24;0
162;fuel_silo;2988.00;10.82;1392.00;5.14;0
162;industrial_complex;2966.00;9.70;1400.00;1.38;0
162;industrial_complex;2970.00;9.68;1389.00;6.11;0
162;industrial_complex;2974.00;9.70;1382.00;3.44;0
162;industrial_complex;2981.00;9.98;1393.00;5.60;0
162;industrial_complex;2982.00;10.05;1395.00;4.05;0
162;industrial_complex;2983.00;9.70;1371.00;1.88;0
162;naval_base;2965.00;9.50;1398.00;0.00;5555
162;naval_base;2967.00;9.50;1390.00;-1.57;5555
162;naval_base;2976.00;9.50;1375.00;-0.24;5579
162;naval_base;2979.00;9.50;1374.00;-0.59;5579
162;nuclear_reactor;2983.00;10.57;1381.00;4.28;0
162;radar_station;2978.00;10.18;1388.00;5.05;0
162;rocket_site;2988.00;10.70;1384.00;1.61;0
162;synthetic_refinery;2980.00;10.65;1386.00;2.56;0
163;bunker;3073.00;9.60;1385.00;5.60;0
163;bunker;3080.00;9.60;1378.00;4.99;0
163;bunker;3092.00;9.55;1372.00;4.04;0
163;coastal_bunker;3066.00;9.53;1383.00;1.11;0
163;coastal_bunker;3076.00;9.57;1383.00;-0.79;0
163;coastal_bunker;3082.00;9.50;1377.00;0.00;0
163;dockyard;3062.00;9.50;1386.00;1.11;0
163;naval_base;3057.00;9.50;1379.00;1.11;5838
163;naval_base;3072.00;9.50;1384.00;-0.79;5838
163;naval_base;3085.16;9.70;1375.88;-0.40;5838
164;air_base;3242.00;9.70;1253.00;1.67;0
164;anti_air_building;3240.00;9.55;1251.00;2.78;0
164;anti_air_building;3241.00;9.68;1253.00;2.19;0
164;anti_air_building;3243.00;9.68;1254.00;5.45;0
164;arms_factory;3240.00;9.55;1251.00;3.22;0
164;arms_factory;3240.00;9.55;1252.00;2.72;0
164;arms_factory;3241.00;9.68;1253.00;2.61;0
164;arms_factory;3242.00;9.60;1252.00;0.56;0
164;arms_factory;3243.00;9.68;1254.00;4.78;0
164;arms_factory;3244.00;9.65;1255.00;1.16;0
164;bunker;3242.00;9.68;1254.00;0.72;0
164;coastal_bunker;3240.10;9.50;1254.90;-2.41;0
164;dockyard;3240.76;9.70;1248.96;0.59;0
164;fuel_silo;3242.00;9.60;1252.00;1.23;0
164;industrial_complex;3240.00;9.55;1251.00;0.11;0
164;industrial_complex;3240.00;9.55;1252.00;0.21;0
164;industrial_complex;3241.00;9.68;1252.00;1.07;0
164;industrial_complex;3241.00;9.68;1253.00;3.23;0
164;industrial_complex;3242.00;9.68;1254.00;5.28;0
164;industrial_complex;3243.00;9.68;1254.00;3.73;0
164;naval_base;3244.82;9.60;1254.43;1.28;7002
164;nuclear_reactor;3240.00;9.53;1250.00;3.29;0
164;radar_station;3239.00;9.50;1253.00;4.08;0
164;rocket_site;3240.00;9.55;1252.00;5.45;0
164;synthetic_refinery;3242.00;9.70;1253.00;4.85;0
165;air_base;2851.00;10.07;1361.00;2.85;0
165;anti_air_building;2818.00;10.05;1345.00;3.95;0
165;anti_air_building;2848.00;10.18;1358.00;3.09;0
165;anti_air_building;2851.00;9.98;1360.00;6.11;0
165;arms_factory;2818.00;10.73;1351.00;1.74;0
165;arms_factory;2820.00;10.95;1349.00;3.90;0
165;arms_factory;2833.00;9.80;1349.00;2.70;0
165;arms_factory;2834.00;9.70;1349.00;2.35;0
165;arms_factory;2836.00;13.48;1365.00;5.97;0
165;arms_factory;2843.00;12.45;1363.00;4.41;0
165;bunker;2812.78;11.00;1340.70;1.38;0
165;bunker;2814.79;10.20;1349.68;0.26;0
165;bunker;2818.55;11.30;1360.28;2.42;0
165;bunker;2821.04;13.60;1373.71;0.87;0
165;bunker;2824.27;12.50;1367.02;4.89;0
165;bunker;2825.32;10.70;1348.56;5.49;0
165;bunker;2828.43;12.10;1354.46;6.04;0
165;bunker;2830.74;13.20;1370.35;0.86;0
165;bunker;2832.52;12.40;1360.95;3.37;0
165;bunker;2834.30;11.10;1351.06;5.09;0
165;bunker;2841.69;12.30;1364.71;2.93;0
165;bunker;2851.04;10.30;1363.28;3.88;0
165;coastal_bunker;2819.00;9.50;1337.00;0.93;0
165;coastal_bunker;2828.00;9.53;1347.00;0.79;0
165;coastal_bunker;2839.00;9.57;1350.00;0.46;0
165;coastal_bunker;2847.00;9.53;1355.00;1.03;0
165;coastal_bunker;2850.00;9.53;1356.00;1.25;0
165;dockyard;2817.00;9.57;1337.00;0.93;0
165;fuel_silo;2845.00;11.65;1361.00;0.92;0
165;industrial_complex;2820.00;11.38;1354.00;4.92;0
165;industrial_complex;2821.00;13.10;1368.00;0.19;0
165;industrial_complex;2821.00;13.10;1368.00;0.19;0
165;industrial_complex;2821.00;14.65;1370.00;1.39;0
165;industrial_complex;2829.00;10.80;1350.00;2.26;0
165;industrial_complex;2843.00;12.45;1363.00;4.42;0
165;naval_base;2819.00;9.50;1337.00;0.93;8845
165;naval_base;2825.00;9.50;1345.00;0.79;8845
165;naval_base;2842.00;9.50;1352.00;0.46;8845
165;naval_base;2844.00;9.50;1353.00;0.46;8845
165;naval_base;2850.00;9.53;1356.00;1.25;5505
165;nuclear_reactor;2823.00;11.25;1350.00;0.94;0
165;radar_station;2846.00;11.65;1363.00;3.00;0
165;rocket_site;2848.00;10.18;1358.00;4.56;0
165;synthetic_refinery;2828.00;12.30;1357.00;5.16;0
166;bunker;2778.00;12.78;1347.00;4.04;0
166;bunker;2782.86;11.80;1354.58;4.93;0
166;bunker;2784.17;12.30;1341.81;0.35;0
166;bunker;2784.23;13.30;1329.33;3.37;0
166;bunker;2787.00;12.93;1336.00;5.60;0
166;bunker;2792.12;11.20;1350.48;2.99;0
166;bunker;2792.13;12.60;1342.58;0.36;0
166;industrial_complex;2783.00;12.30;1347.00;1.71;0
166;industrial_complex;2786.00;10.88;1355.00;4.72;0
166;industrial_complex;2787.00;12.30;1338.00;0.60;0
166;industrial_complex;2789.00;13.15;1330.00;2.66;0
166;industrial_complex;2794.00;11.05;1350.00;0.50;0
166;industrial_complex;2798.00;10.78;1348.00;5.93;0
166;nuclear_reactor;2784.00;12.57;1348.00;5.16;0
166;radar_station;2793.00;12.60;1341.00;3.93;0
166;rocket_site;2794.00;12.78;1343.00;3.95;0
166;synthetic_refinery;2784.00;12.95;1335.00;0.16;0
167;air_base;2790.00;11.98;1315.00;1.31;0
167;anti_air_building;2796.00;10.85;1310.00;3.00;0
167;anti_air_building;2797.00;10.70;1294.00;5.16;0
167;anti_air_building;2810.00;9.88;1330.00;3.95;0
167;arms_factory;2793.00;12.25;1304.00;2.26;0
167;arms_factory;2798.00;12.30;1301.00;0.19;0
167;arms_factory;2799.00;9.85;1309.00;4.42;0
167;arms_factory;2800.00;9.95;1307.00;2.35;0
167;arms_factory;2802.00;11.88;1302.00;1.39;0
167;arms_factory;2806.00;10.23;1300.00;5.97;0
167;bunker;2785.54;11.70;1314.48;0.87;0
167;bunker;2790.56;12.50;1307.57;0.86;0
167;bunker;2793.18;12.30;1297.76;3.88;0
167;bunker;2794.12;10.90;1291.05;5.09;0
167;bunker;2798.00;10.10;1312.00;4.04;0
167;bunker;2799.03;10.80;1304.79;2.93;0
167;bunker;2799.17;11.80;1320.24;5.59;0
167;bunker;2802.00;10.85;1298.00;4.48;0
167;bunker;2805.49;11.00;1326.70;1.38;0
167;bunker;2810.06;11.40;1333.73;4.99;0
167;coastal_bunker;2794.00;9.88;1287.00;0.24;0
167;coastal_bunker;2800.00;9.55;1315.00;1.57;0
167;coastal_bunker;2803.00;10.95;1303.00;-4.25;0
167;coastal_bunker;2804.00;9.50;1321.00;1.11;0
167;coastal_bunker;2805.00;10.65;1302.00;1.57;0
167;coastal_bunker;2808.00;9.50;1327.00;0.79;0
167;coastal_bunker;2813.00;9.75;1335.00;1.57;0
167;dockyard;2794.00;9.50;1285.00;0.24;0
167;fuel_silo;2796.00;11.35;1304.00;5.14;0
167;industrial_complex;2790.00;11.88;1314.00;0.70;0
167;industrial_complex;2790.00;13.15;1306.00;2.86;0
167;industrial_complex;2791.00;11.82;1313.00;4.92;0
167;industrial_complex;2792.00;12.73;1307.00;4.93;0
167;industrial_complex;2793.00;12.48;1295.00;0.19;0
167;industrial_complex;2794.00;11.63;1293.00;1.91;0
167;naval_base;2795.00;9.70;1288.00;0.24;5431
167;naval_base;2800.00;9.63;1316.00;1.57;5454
167;naval_base;2801.00;9.95;1306.00;-4.25;5454
167;naval_base;2804.00;9.50;1321.00;1.11;5454
167;naval_base;2806.00;9.53;1299.00;1.57;5454
167;naval_base;2808.00;9.50;1327.00;0.79;5454
167;naval_base;2813.00;9.57;1334.00;1.57;8845
167;nuclear_reactor;2810.00;11.30;1334.00;1.44;0
167;radar_station;2795.00;12.28;1301.00;0.94;0
167;rocket_site;2794.00;11.35;1312.00;3.60;0
167;synthetic_refinery;2810.00;10.53;1332.00;4.56;0
168;air_base;2778.00;12.35;1300.00;0.35;0
168;anti_air_building;2769.00;13.60;1298.00;3.44;0
168;anti_air_building;2770.00;13.23;1294.00;4.64;0
168;anti_air_building;2784.00;12.03;1297.00;5.60;0
168;arms_factory;2771.00;12.28;1304.00;1.39;0
168;arms_factory;2773.00;12.93;1300.00;4.42;0
168;arms_factory;2775.00;11.75;1308.00;0.19;0
168;arms_factory;2783.00;12.43;1303.00;2.26;0
168;arms_factory;2785.00;12.23;1301.00;4.92;0
168;arms_factory;2788.00;12.43;1298.00;0.19;0
168;bunker;2768.72;12.50;1295.79;2.93;0
168;bunker;2772.28;12.70;1289.68;3.88;0
168;bunker;2772.48;11.80;1304.45;0.87;0
168;bunker;2776.89;12.10;1284.52;2.42;0
168;bunker;2778.31;11.50;1295.81;5.59;0
168;bunker;2781.42;11.90;1308.76;0.86;0
168;bunker;2782.02;11.10;1279.26;0.36;0
168;bunker;2784.76;11.10;1292.62;0.26;0
168;bunker;2785.29;11.90;1302.46;4.48;0
168;bunker;2789.33;10.00;1282.40;5.09;0
168;coastal_bunker;2781.00;9.50;1276.00;0.46;0
168;coastal_bunker;2792.00;9.57;1280.00;0.64;0
168;dockyard;2787.00;9.50;1279.00;0.64;0
168;fuel_silo;2776.00;12.30;1283.00;2.98;0
168;industrial_complex;2772.00;12.88;1295.00;0.70;0
168;industrial_complex;2772.00;13.18;1298.00;2.86;0
168;industrial_complex;2781.00;11.65;1285.00;1.91;0
168;industrial_complex;2783.00;10.07;1280.00;4.93;0
168;industrial_complex;2785.00;10.65;1288.00;1.31;0
168;industrial_complex;2786.00;10.35;1284.00;3.97;0
168;naval_base;2782.00;9.50;1276.00;0.46;5431
168;naval_base;2793.00;9.60;1284.00;0.64;5431
168;nuclear_reactor;2791.00;9.70;1282.00;3.09;0
168;radar_station;2779.00;11.45;1280.00;4.05;0
168;rocket_site;2784.00;10.98;1287.00;0.43;0
168;synthetic_refinery;2782.00;11.15;1283.00;2.48;0
169;air_base;2704.00;10.43;1276.00;6.04;0
169;anti_air_building;2703.00;11.15;1278.00;5.67;0
169;anti_air_building;2705.00;12.32;1281.00;2.05;0
169;anti_air_building;2717.00;11.73;1288.00;1.55;0
169;bunker;2692.09;10.10;1277.38;3.88;0
169;bunker;2697.33;11.90;1283.81;4.04;0
169;bunker;2697.81;10.00;1274.15;5.09;0
169;bunker;2704.31;12.10;1282.41;4.05;0
169;bunker;2705.17;9.70;1270.80;3.09;0
169;bunker;2711.39;10.20;1264.00;6.11;0
169;bunker;2712.85;11.60;1282.84;5.16;0
169;bunker;2714.68;9.70;1275.56;4.64;0
169;bunker;2714.84;10.90;1256.64;5.76;0
169;bunker;2720.34;11.10;1266.82;3.44;0
169;bunker;2720.42;11.20;1285.50;3.95;0
169;bunker;2722.07;10.10;1276.37;2.93;0
169;bunker;2727.66;10.70;1273.45;0.86;0
169;coastal_bunker;2690.00;9.50;1272.00;0.17;0
169;coastal_bunker;2696.00;9.50;1272.00;-0.24;0
169;coastal_bunker;2704.00;9.50;1268.00;-0.64;0
169;coastal_bunker;2710.30;9.50;1255.45;-1.71;0
169;dockyard;2706.00;9.50;1263.00;-1.37;0
169;fuel_silo;2706.00;10.00;1275.00;4.19;0
169;industrial_complex;2701.00;10.68;1277.00;2.21;0
169;industrial_complex;2703.00;10.28;1275.00;5.82;0
169;industrial_complex;2706.00;9.70;1270.00;0.14;0
169;industrial_complex;2708.00;9.68;1272.00;1.70;0
169;industrial_complex;2721.00;10.55;1282.00;3.77;0
169;industrial_complex;2727.00;10.13;1279.00;3.76;0
169;naval_base;2692.00;9.50;1272.00;0.17;5382
169;naval_base;2700.00;9.50;1270.00;-0.24;5382
169;naval_base;2705.00;9.50;1266.00;-0.64;5382
169;naval_base;2706.00;9.50;1265.00;-1.37;5382
169;naval_base;2713.00;9.50;1253.00;-0.24;5407
169;nuclear_reactor;2730.00;10.93;1274.00;0.50;0
169;radar_station;2711.00;9.80;1275.00;2.75;0
169;rocket_site;2725.00;11.07;1283.00;4.11;0
169;synthetic_refinery;2719.00;11.05;1258.00;0.15;0
170;air_base;2710.95;12.00;1292.15;0.26;0
170;anti_air_building;2703.00;10.90;1317.00;6.18;0
170;anti_air_building;2705.00;10.95;1296.00;2.05;0
170;anti_air_building;2708.00;12.38;1290.00;0.50;0
170;arms_factory;2698.00;10.63;1315.00;3.60;0
170;arms_factory;2701.00;10.20;1303.00;1.44;0
170;arms_factory;2705.00;10.65;1308.00;3.00;0
170;arms_factory;2705.00;11.20;1293.00;0.94;0
170;arms_factory;2706.00;11.07;1317.00;5.16;0
170;arms_factory;2707.00;11.85;1291.00;4.56;0
170;bunker;2696.15;10.90;1314.88;2.48;0
170;bunker;2698.00;11.40;1292.00;4.20;0
170;bunker;2701.28;10.40;1305.12;4.05;0
170;bunker;2704.16;11.80;1322.36;4.04;0
170;bunker;2707.16;10.60;1299.30;1.38;0
170;bunker;2708.37;10.90;1314.91;2.93;0
170;bunker;2711.00;11.03;1308.00;5.59;0
170;bunker;2712.00;12.30;1327.99;0.36;0
170;bunker;2713.00;12.65;1289.00;3.09;0
170;bunker;2716.67;12.30;1295.04;6.11;0
170;bunker;2717.74;12.50;1322.13;3.44;0
170;bunker;2718.57;11.00;1301.76;0.87;0
170;bunker;2718.93;12.10;1315.78;3.95;0
170;bunker;2721.89;12.30;1311.03;5.09;0
170;bunker;2726.99;11.00;1305.92;4.64;0
170;fuel_silo;2697.00;10.68;1315.00;0.92;0
170;industrial_complex;2694.00;11.10;1315.00;4.71;0
170;industrial_complex;2700.00;10.25;1302.00;1.45;0
170;industrial_complex;2711.00;11.63;1324.00;2.05;0
170;industrial_complex;2712.00;11.00;1307.00;1.55;0
170;industrial_complex;2712.00;11.20;1310.00;4.11;0
170;industrial_complex;2712.00;12.78;1290.00;5.67;0
170;nuclear_reactor;2714.00;11.40;1303.00;5.67;0
170;radar_station;2709.00;10.95;1322.00;1.44;0
170;rocket_site;2714.00;11.57;1319.00;1.10;0
170;synthetic_refinery;2706.00;10.95;1316.00;3.60;0
171;air_base;2690.00;12.68;1368.00;4.48;0
171;anti_air_building;2689.00;11.90;1375.00;4.71;0
171;anti_air_building;2694.00;12.13;1371.00;2.05;0
171;anti_air_building;2698.00;13.30;1368.00;1.45;0
171;arms_factory;2665.00;9.68;1378.00;1.31;0
171;arms_factory;2671.00;10.75;1378.00;1.91;0
171;arms_factory;2676.00;11.60;1373.00;0.70;0
171;arms_factory;2682.00;11.75;1381.00;2.86;0
171;arms_factory;2685.00;10.43;1391.00;3.97;0
171;arms_factory;2685.00;11.88;1368.00;4.93;0
171;bunker;2668.09;10.50;1377.85;4.64;0
171;bunker;2672.71;10.30;1365.39;3.09;0
171;bunker;2675.65;11.50;1372.48;4.99;0
171;bunker;2676.45;9.90;1385.46;0.43;0
171;bunker;2679.62;11.20;1379.33;4.04;0
171;bunker;2681.36;12.10;1361.61;3.44;0
171;bunker;2685.00;11.48;1388.00;1.38;0
171;bunker;2686.02;11.60;1378.45;5.60;0
171;bunker;2686.92;11.70;1370.40;5.16;0
171;bunker;2689.57;12.70;1361.34;6.11;0
171;bunker;2691.46;11.50;1385.37;4.05;0
171;bunker;2695.48;12.20;1376.53;3.95;0
171;bunker;2695.74;12.60;1365.56;2.48;0
171;coastal_bunker;2667.00;9.50;1385.00;-2.36;0
171;coastal_bunker;2669.00;9.50;1371.00;-1.57;0
171;coastal_bunker;2670.00;9.50;1374.00;-0.17;0
171;coastal_bunker;2670.00;9.73;1364.00;-1.57;0
171;coastal_bunker;2688.00;9.75;1393.00;-3.14;0
171;coastal_bunker;2694.00;9.63;1390.00;-3.34;0
171;dockyard;2668.00;9.50;1369.00;-1.57;0
171;fuel_silo;2686.00;10.57;1391.00;3.59;0
171;industrial_complex;2678.00;11.45;1366.00;6.04;0
171;industrial_complex;2680.00;11.98;1373.00;0.26;0
171;industrial_complex;2682.00;11.98;1375.00;0.36;0
171;industrial_complex;2688.00;11.38;1386.00;3.37;0
171;industrial_complex;2689.00;11.35;1385.00;2.42;0
171;industrial_complex;2695.00;12.28;1370.00;0.35;0
171;naval_base;2663.00;9.50;1379.00;-1.82;8698
171;naval_base;2669.00;9.50;1364.00;-1.57;5284
171;naval_base;2670.00;9.55;1371.00;-1.57;5284
171;naval_base;2672.10;9.60;1385.76;-2.76;5258
171;naval_base;2683.00;9.50;1394.00;-3.14;5258
171;naval_base;2690.00;9.98;1392.00;-3.34;8618
171;nuclear_reactor;2674.00;10.65;1373.00;6.18;0
171;radar_station;2671.00;9.90;1384.00;0.50;0
171;rocket_site;2681.00;11.60;1381.00;2.05;0
171;synthetic_refinery;2690.00;11.50;1385.00;4.11;0
172;air_base;2776.00;11.75;1379.00;3.88;0
172;anti_air_building;2770.00;11.70;1374.00;2.73;0
172;anti_air_building;2777.00;11.38;1380.00;5.40;0
172;anti_air_building;2780.00;11.68;1373.00;0.67;0
172;bunker;2773.45;11.00;1371.00;3.95;0
172;bunker;2779.63;11.80;1376.50;4.04;0
172;bunker;2779.71;11.00;1382.57;3.44;0
172;bunker;2782.39;11.00;1365.24;6.18;0
172;bunker;2787.21;11.70;1378.26;4.64;0
172;fuel_silo;2778.00;11.60;1373.00;1.17;0
172;nuclear_reactor;2773.00;11.98;1376.00;0.50;0
172;rocket_site;2786.00;11.50;1375.00;2.38;0
172;synthetic_refinery;2778.00;10.73;1369.00;3.34;0
173;air_base;2774.00;12.57;1276.00;4.78;0
173;anti_air_building;2740.00;10.00;1265.00;3.83;0
173;anti_air_building;2751.00;13.18;1272.00;5.99;0
173;anti_air_building;2769.00;13.00;1278.00;5.39;0
173;arms_factory;2749.00;12.98;1269.00;1.70;0
173;arms_factory;2754.00;13.25;1270.00;2.21;0
173;arms_factory;2756.00;13.53;1271.00;0.15;0
173;arms_factory;2770.00;11.60;1268.00;5.82;0
173;arms_factory;2770.00;13.35;1276.00;3.77;0
173;arms_factory;2774.00;12.75;1278.00;4.27;0
173;bunker;2725.93;11.10;1261.14;2.48;0
173;bunker;2731.05;11.00;1267.80;4.56;0
173;bunker;2733.11;10.90;1262.55;6.11;0
173;bunker;2742.31;12.10;1269.36;1.55;0
173;bunker;2748.00;11.03;1266.00;2.05;0
173;bunker;2754.78;13.20;1272.56;4.64;0
173;bunker;2759.45;12.40;1266.38;0.94;0
173;bunker;2765.92;13.30;1272.21;3.95;0
173;bunker;2769.82;12.80;1282.24;5.67;0
173;bunker;2770.72;12.60;1267.03;3.09;0
173;bunker;2774.57;12.80;1273.41;3.00;0
173;coastal_bunker;2726.00;9.50;1258.00;0.46;0
173;coastal_bunker;2734.00;9.50;1260.00;0.32;0
173;coastal_bunker;2740.00;9.50;1263.00;-0.17;0
173;coastal_bunker;2747.00;9.50;1264.00;-0.32;0
173;coastal_bunker;2759.00;9.50;1264.00;0.32;0
173;coastal_bunker;2767.00;9.50;1265.00;0.00;0
173;coastal_bunker;2778.00;9.90;1275.00;0.98;0
173;dockyard;2775.00;9.50;1266.00;0.00;0
173;fuel_silo;2745.00;11.25;1267.00;1.77;0
173;industrial_complex;2741.00;11.25;1267.00;2.21;0
173;industrial_complex;2754.00;13.25;1269.00;2.72;0
173;industrial_complex;2758.00;13.53;1270.00;0.66;0
173;industrial_complex;2764.00;11.30;1266.00;0.65;0
173;industrial_complex;2767.00;12.43;1282.00;3.93;0
173;industrial_complex;2769.00;11.07;1267.00;4.88;0
173;naval_base;2729.00;9.50;1259.00;0.46;5407
173;naval_base;2737.00;9.50;1263.00;0.32;5407
173;naval_base;2742.00;9.50;1263.00;-0.17;5407
173;naval_base;2752.00;9.50;1263.00;-0.32;5407
173;naval_base;2759.00;9.50;1264.00;0.32;8793
173;naval_base;2774.00;10.03;1266.00;0.00;8793
173;naval_base;2777.00;9.50;1269.00;0.98;5431
173;nuclear_reactor;2772.00;14.45;1278.00;5.73;0
173;radar_station;2751.00;13.18;1272.00;3.70;0
173;rocket_site;2762.00;14.60;1273.00;1.61;0
173;synthetic_refinery;2774.00;11.35;1269.00;3.67;0
174;air_base;2717.71;11.70;1362.75;1.61;0
174;arms_factory;2701.00;11.85;1372.00;2.22;0
174;arms_factory;2702.00;13.00;1361.00;4.29;0
174;arms_factory;2712.00;12.20;1363.00;3.17;0
174;arms_factory;2714.00;11.95;1356.00;4.38;0
174;arms_factory;2714.00;12.60;1374.00;4.89;0
174;arms_factory;2717.00;11.70;1361.00;0.16;0
174;bunker;2703.27;13.20;1363.37;4.64;0
174;bunker;2704.23;12.00;1373.34;6.11;0
174;bunker;2708.46;12.50;1357.27;5.67;0
174;bunker;2711.11;12.60;1364.56;0.43;0
174;bunker;2714.20;12.30;1371.50;1.44;0
174;bunker;2718.27;11.70;1362.49;2.48;0
174;bunker;2718.36;11.50;1355.74;0.94;0
174;bunker;2724.89;13.10;1380.69;5.60;0
174;bunker;2724.92;12.00;1367.77;5.16;0
174;bunker;2726.38;12.30;1372.72;3.60;0
174;bunker;2726.98;11.80;1361.69;3.95;0
174;fuel_silo;2726.00;12.55;1375.00;5.40;0
174;industrial_complex;2702.00;13.28;1364.00;0.67;0
174;industrial_complex;2709.00;12.57;1373.00;4.89;0
174;industrial_complex;2711.00;12.55;1366.00;0.67;0
174;industrial_complex;2718.00;11.70;1359.00;5.40;0
174;industrial_complex;2722.00;12.30;1373.00;2.73;0
174;industrial_complex;2725.00;12.95;1378.00;4.79;0
174;nuclear_reactor;2727.00;12.45;1367.00;0.57;0
174;radar_station;2725.00;12.10;1364.00;4.18;0
174;rocket_site;2715.00;12.40;1366.00;0.50;0
174;synthetic_refinery;2708.00;14.20;1362.00;1.17;0
175;air_base;2759.00;12.88;1303.00;1.38;0
175;bunker;2732.51;11.30;1301.49;0.94;0
175;bunker;2734.30;11.90;1311.56;5.67;0
175;bunker;2739.58;12.30;1296.44;1.55;0
175;bunker;2739.82;11.90;1307.38;0.86;0
175;bunker;2747.60;11.50;1303.70;4.64;0
175;bunker;2749.87;12.50;1297.51;5.16;0
175;bunker;2750.13;12.10;1312.35;4.04;0
175;bunker;2755.74;11.50;1307.28;3.09;0
175;bunker;2757.14;12.40;1298.39;6.11;0
175;bunker;2762.42;12.50;1302.64;3.95;0
175;fuel_silo;2750.00;11.75;1310.00;2.04;0
175;nuclear_reactor;2757.00;11.73;1313.00;6.18;0
175;radar_station;2746.00;11.88;1305.00;0.50;0
175;synthetic_refinery;2741.00;11.85;1300.00;4.11;0
176;air_base;2771.00;13.80;1363.00;5.60;0
176;bunker;2749.29;12.50;1373.53;3.00;0
176;bunker;2750.70;12.50;1364.59;3.60;0
176;bunker;2751.34;12.50;1357.44;3.44;0
176;bunker;2758.10;12.10;1372.50;4.71;0
176;bunker;2760.37;13.50;1362.26;4.64;0
176;bunker;2764.34;12.40;1354.77;2.05;0
176;bunker;2764.64;13.10;1349.14;5.16;0
176;bunker;2764.67;12.50;1367.33;4.05;0
176;bunker;2771.53;12.70;1358.79;3.09;0
176;bunker;2773.40;12.90;1351.77;0.94;0
176;bunker;2777.05;11.90;1361.78;2.05;0
176;fuel_silo;2767.00;12.88;1348.00;4.70;0
176;radar_station;2763.00;12.95;1369.00;5.83;0
176;synthetic_refinery;2765.00;13.75;1358.00;4.62;0
177;air_base;2852.00;9.70;1319.00;4.64;0
177;anti_air_building;2851.00;9.70;1318.00;1.44;0
177;anti_air_building;2853.00;9.68;1313.00;1.55;0
177;anti_air_building;2855.00;9.70;1315.00;3.60;0
177;arms_factory;2849.00;9.60;1317.00;0.86;0
177;arms_factory;2850.00;9.53;1314.00;5.59;0
177;arms_factory;2850.00;9.70;1318.00;2.93;0
177;arms_factory;2853.00;9.70;1315.00;5.09;0
177;arms_factory;2854.00;9.70;1313.00;4.48;0
177;arms_factory;2870.00;9.57;1323.00;3.88;0
177;bunker;2828.00;9.65;1305.00;3.95;0
177;bunker;2848.00;9.55;1317.00;3.09;0
177;bunker;2871.00;9.53;1322.00;6.11;0
177;coastal_bunker;2826.00;9.50;1304.00;0.00;0
177;coastal_bunker;2856.00;9.50;1312.00;-1.25;0
177;coastal_bunker;2868.00;9.50;1324.00;-1.57;0
177;dockyard;2855.00;9.57;1319.00;-4.39;0
177;fuel_silo;2853.00;9.68;1313.00;2.54;0
177;industrial_complex;2847.00;9.57;1317.00;0.87;0
177;industrial_complex;2848.00;9.68;1318.00;4.04;0
177;industrial_complex;2850.00;9.68;1317.00;3.44;0
177;industrial_complex;2852.00;9.68;1320.00;4.99;0
177;industrial_complex;2854.00;9.70;1313.00;5.60;0
177;industrial_complex;2856.00;9.68;1315.00;1.38;0
177;naval_base;2829.00;9.50;1307.00;0.00;5454
177;naval_base;2845.00;9.50;1317.00;-1.25;8845
177;naval_base;2872.00;9.50;1320.00;-1.57;8871
177;nuclear_reactor;2849.00;9.70;1318.00;1.45;0
177;radar_station;2853.00;9.70;1320.00;2.05;0
177;rocket_site;2853.00;9.70;1315.00;4.71;0
177;synthetic_refinery;2849.00;9.60;1317.00;5.67;0
178;air_base;2546.00;9.53;1110.00;4.05;0
178;anti_air_building;2545.00;9.57;1112.00;5.16;0
178;anti_air_building;2563.00;9.70;1109.00;3.00;0
178;anti_air_building;2588.00;9.68;1115.00;4.56;0
178;arms_factory;2545.00;9.57;1112.00;5.59;0
178;arms_factory;2546.00;9.60;1111.00;0.87;0
178;arms_factory;2546.00;9.70;1113.00;2.93;0
178;arms_factory;2561.00;9.55;1107.00;5.09;0
178;arms_factory;2565.00;9.70;1108.00;4.99;0
178;arms_factory;2588.00;9.68;1115.00;3.88;0
178;bunker;2564.00;9.70;1107.00;3.09;0
178;coastal_bunker;2527.00;9.50;1119.00;-1.78;0
178;dockyard;2566.00;9.53;1107.00;-1.57;0
178;fuel_silo;2593.00;9.57;1126.00;4.10;0
178;industrial_complex;2546.00;9.53;1110.00;4.64;0
178;industrial_complex;2549.00;9.68;1112.00;5.60;0
178;industrial_complex;2564.00;9.68;1106.00;3.44;0
178;industrial_complex;2586.00;9.50;1113.00;4.04;0
178;industrial_complex;2587.00;9.68;1114.00;1.38;0
178;industrial_complex;2588.00;9.60;1117.00;2.48;0
178;naval_base;2595.00;9.50;1127.00;-4.60;2246
178;nuclear_reactor;2546.00;9.60;1111.00;1.55;0
178;radar_station;2546.00;9.70;1113.00;3.60;0
178;rocket_site;2562.00;9.70;1107.00;1.44;0
178;synthetic_refinery;2562.00;9.70;1107.00;0.94;0
179;air_base;2670.00;9.60;1286.00;3.09;0
179;bunker;2672.77;9.70;1280.45;0.94;0
179;bunker;2673.00;9.65;1291.00;2.05;0
179;bunker;2675.00;9.70;1272.00;2.05;0
179;bunker;2682.00;9.90;1288.00;1.55;0
179;bunker;2682.35;10.10;1279.79;1.44;0
179;bunker;2685.18;10.30;1272.56;4.56;0
179;bunker;2688.09;10.50;1283.54;1.45;0
179;bunker;2691.49;10.10;1290.70;6.18;0
179;coastal_bunker;2668.00;9.50;1274.00;-1.25;0
179;coastal_bunker;2668.00;9.50;1287.00;-1.57;0
179;coastal_bunker;2669.00;9.50;1286.00;-1.82;0
179;coastal_bunker;2686.00;9.57;1271.00;0.46;0
179;dockyard;2669.00;9.50;1290.00;-1.57;0
179;fuel_silo;2672.00;9.70;1284.00;0.48;0
179;naval_base;2670.75;9.30;1270.40;-0.05;8772
179;naval_base;2669.00;9.50;1286.00;-1.82;5336
179;naval_base;2669.00;9.50;1290.00;-1.57;5336
179;naval_base;2680.79;9.50;1269.17;-0.53;8772
179;nuclear_reactor;2683.00;9.95;1282.00;0.06;0
179;radar_station;2691.00;10.07;1293.00;2.12;0
179;synthetic_refinery;2671.00;9.70;1285.00;5.73;0
180;air_base;2702.53;11.50;1350.09;-2.85;0
180;anti_air_building;2673.00;10.13;1355.00;6.18;0
180;anti_air_building;2695.00;11.45;1349.00;0.50;0
180;anti_air_building;2701.00;12.30;1355.00;2.05;0
180;arms_factory;2681.00;11.43;1347.00;4.99;0
180;arms_factory;2686.00;12.48;1349.00;5.60;0
180;arms_factory;2698.00;11.10;1347.00;1.38;0
180;arms_factory;2698.00;11.32;1350.00;3.44;0
180;arms_factory;2700.00;12.30;1355.00;0.87;0
180;arms_factory;2702.00;13.23;1358.00;4.04;0
180;bunker;2673.34;9.70;1347.71;3.60;0
180;bunker;2673.95;11.20;1357.67;5.67;0
180;bunker;2684.19;13.10;1355.47;4.56;0
180;bunker;2684.97;12.00;1348.60;1.55;0
180;bunker;2694.02;11.40;1349.21;0.94;0
180;bunker;2696.92;12.60;1357.43;1.44;0
180;bunker;2703.08;11.50;1350.68;2.05;0
180;coastal_bunker;2669.00;9.50;1352.00;-1.25;0
180;coastal_bunker;2670.00;9.50;1346.00;-1.57;0
180;dockyard;2668.00;9.50;1355.00;-1.25;0
180;fuel_silo;2697.00;11.20;1350.00;3.15;0
180;industrial_complex;2673.00;9.70;1347.00;4.05;0
180;industrial_complex;2678.00;11.20;1354.00;6.11;0
180;industrial_complex;2681.00;12.53;1353.00;0.43;0
180;industrial_complex;2686.00;13.40;1352.00;2.48;0
180;industrial_complex;2699.00;11.15;1345.00;4.64;0
180;industrial_complex;2703.00;11.73;1351.00;3.09;0
180;naval_base;2668.00;9.50;1358.00;-1.25;5284
180;naval_base;2670.00;9.50;1348.00;-1.57;8749
180;nuclear_reactor;2676.00;10.43;1353.00;4.62;0
180;radar_station;2680.00;11.53;1351.00;5.22;0
180;rocket_site;2673.00;10.88;1358.00;0.50;0
180;synthetic_refinery;2678.00;10.80;1345.00;1.10;0
181;air_base;2694.91;12.90;1332.17;3.00;0
181;anti_air_building;2679.00;12.63;1335.00;4.11;0
181;anti_air_building;2693.00;11.98;1329.00;0.50;0
181;anti_air_building;2694.00;11.88;1342.00;1.45;0
181;arms_factory;2683.00;11.63;1325.00;2.48;0
181;arms_factory;2683.00;12.85;1341.00;5.60;0
181;arms_factory;2690.00;13.82;1334.00;3.44;0
181;arms_factory;2694.00;13.55;1333.00;4.64;0
181;arms_factory;2695.00;11.55;1324.00;4.04;0
181;arms_factory;2695.00;12.68;1338.00;1.38;0
181;bunker;2680.53;12.10;1333.81;4.56;0
181;bunker;2681.75;10.60;1317.30;3.60;0
181;bunker;2684.64;12.30;1341.23;4.71;0
181;bunker;2684.74;11.40;1324.44;1.44;0
181;bunker;2686.97;12.70;1331.81;5.67;0
181;bunker;2693.58;11.50;1322.51;1.55;0
181;bunker;2693.71;11.80;1340.50;0.94;0
181;bunker;2695.58;12.90;1332.47;2.05;0
181;fuel_silo;2693.00;11.68;1329.00;6.16;0
181;industrial_complex;2683.00;12.55;1334.00;0.43;0
181;industrial_complex;2687.00;10.70;1319.00;6.11;0
181;industrial_complex;2688.00;11.65;1344.00;3.09;0
181;industrial_complex;2689.00;12.05;1328.00;5.16;0
181;industrial_complex;2692.00;12.15;1342.00;4.05;0
181;industrial_complex;2693.00;10.98;1320.00;3.95;0
181;nuclear_reactor;2684.00;12.10;1331.00;5.22;0
181;radar_station;2695.00;10.85;1320.00;6.18;0
181;rocket_site;2691.00;11.80;1328.00;1.10;0
181;synthetic_refinery;2679.00;10.85;1320.00;2.05;0
182;air_base;3189.00;9.98;1235.00;0.94;0
182;anti_air_building;3178.00;10.25;1237.00;5.83;0
182;anti_air_building;3199.00;10.88;1233.00;0.50;0
182;anti_air_building;3203.00;10.07;1235.00;4.62;0
182;arms_factory;3177.00;10.90;1239.00;0.43;0
182;arms_factory;3178.00;10.25;1237.00;3.44;0
182;arms_factory;3192.00;11.03;1235.00;4.64;0
182;arms_factory;3194.00;11.65;1236.00;2.48;0
182;arms_factory;3202.00;10.25;1235.00;5.60;0
182;arms_factory;3205.00;9.78;1233.00;4.05;0
182;bunker;3180.00;11.20;1238.00;1.45;0
182;bunker;3191.00;10.73;1235.00;4.11;0
182;bunker;3195.00;11.95;1235.00;4.71;0
182;bunker;3204.00;9.98;1233.00;2.05;0
182;coastal_bunker;3175.00;9.50;1236.00;-1.82;0
182;coastal_bunker;3186.00;9.50;1235.00;-0.79;0
182;coastal_bunker;3202.00;9.55;1237.00;-3.52;0
182;coastal_bunker;3211.00;9.50;1232.00;0.79;0
182;dockyard;3173.00;9.50;1238.00;-1.82;0
182;fuel_silo;3203.00;10.13;1233.00;1.09;0
182;industrial_complex;3177.00;10.65;1240.00;5.16;0
182;industrial_complex;3181.00;10.28;1236.00;4.56;0
182;industrial_complex;3195.00;10.13;1231.00;3.95;0
182;industrial_complex;3195.00;11.60;1234.00;3.09;0
182;industrial_complex;3199.00;10.98;1235.00;3.00;0
182;industrial_complex;3211.00;9.53;1233.00;6.11;0
182;naval_base;3176.00;9.65;1241.00;-1.82;6801
182;naval_base;3194.00;10.07;1238.00;-3.93;6801
182;naval_base;3197.00;9.50;1230.00;-0.64;5961
182;naval_base;3206.00;9.50;1237.00;-2.68;6801
182;nuclear_reactor;3177.00;10.90;1239.00;5.73;0
182;radar_station;3194.00;11.65;1236.00;0.40;0
182;rocket_site;3206.00;9.63;1233.00;1.61;0
182;synthetic_refinery;3201.00;10.45;1233.00;3.67;0
183;air_base;3312.00;10.30;1230.00;1.44;0
183;anti_air_building;3325.00;11.15;1235.00;2.05;0
183;anti_air_building;3330.00;11.18;1234.00;1.10;0
183;anti_air_building;3333.00;11.10;1235.00;6.18;0
183;arms_factory;3317.00;9.82;1226.00;0.43;0
183;arms_factory;3320.00;11.20;1231.00;6.11;0
183;arms_factory;3322.00;10.68;1236.00;3.09;0
183;arms_factory;3322.00;11.07;1234.00;2.48;0
183;arms_factory;3323.00;11.20;1232.00;4.64;0
183;arms_factory;3326.00;10.90;1229.00;4.05;0
183;bunker;3322.00;10.20;1227.00;2.05;0
183;bunker;3325.00;11.05;1230.00;4.71;0
183;coastal_bunker;3311.00;9.70;1232.00;-2.60;0
183;coastal_bunker;3335.00;10.55;1234.00;-3.93;0
183;dockyard;3339.00;9.50;1239.00;-3.93;0
183;fuel_silo;3324.00;10.90;1236.00;5.21;0
183;industrial_complex;3313.00;10.80;1231.00;5.16;0
183;industrial_complex;3317.00;11.05;1229.00;3.60;0
183;industrial_complex;3317.00;11.13;1232.00;3.95;0
183;industrial_complex;3322.00;10.80;1228.00;0.94;0
183;industrial_complex;3325.00;11.20;1234.00;3.00;0
183;industrial_complex;3333.00;11.03;1234.00;4.56;0
183;naval_base;3309.00;9.50;1232.00;-0.93;6608
183;naval_base;3330.00;9.75;1229.00;0.17;609
183;nuclear_reactor;3332.00;10.45;1232.00;5.83;0
183;radar_station;3311.00;9.85;1231.00;0.50;0
183;rocket_site;3324.00;11.20;1232.00;4.62;0
183;synthetic_refinery;3316.00;11.07;1230.00;5.22;0
185;air_base;3126.00;11.65;1322.00;2.13;0
185;anti_air_building;3123.00;9.98;1314.00;1.69;0
185;anti_air_building;3124.00;10.32;1313.00;1.09;0
185;anti_air_building;3136.00;11.78;1313.00;3.25;0
185;arms_factory;3124.00;10.32;1313.00;4.64;0
185;arms_factory;3126.71;11.20;1311.52;5.24;0
185;arms_factory;3127.78;12.50;1321.11;1.62;0
185;arms_factory;3131.67;12.10;1312.39;2.58;0
185;arms_factory;3136.00;11.78;1313.00;0.51;0
185;arms_factory;3137.18;12.50;1310.75;5.84;0
185;bunker;3122.00;9.80;1316.00;4.70;0
185;bunker;3130.00;12.88;1323.00;2.74;0
185;bunker;3131.00;10.00;1310.00;0.58;0
185;coastal_bunker;3121.00;9.50;1316.00;-1.11;0
185;coastal_bunker;3127.00;9.50;1308.00;-1.29;0
185;dockyard;3135.00;9.50;1306.00;-0.38;0
185;fuel_silo;3130.00;12.80;1324.00;3.15;0
185;industrial_complex;3127.61;12.50;1318.43;3.09;0
185;industrial_complex;3129.58;9.70;1307.33;0.07;0
185;industrial_complex;3129.80;12.10;1314.38;1.02;0
185;industrial_complex;3133.00;12.30;1318.00;5.75;0
185;industrial_complex;3133.52;12.10;1311.47;5.15;0
185;industrial_complex;3135.00;12.43;1317.00;5.74;0
185;naval_base;3121.00;9.50;1317.00;-1.11;5864
185;naval_base;3133.00;9.50;1306.00;-0.38;5913
185;nuclear_reactor;3135.01;11.80;1308.87;5.82;0
185;radar_station;3130.00;12.00;1317.00;5.30;0
185;rocket_site;3127.00;11.32;1314.00;1.70;0
185;synthetic_refinery;3126.00;11.43;1316.00;3.76;0
186;air_base;3151.28;11.80;1284.89;4.11;0
186;anti_air_building;3150.00;11.57;1280.00;4.69;0
186;anti_air_building;3151.00;11.15;1275.00;4.18;0
186;anti_air_building;3158.00;11.82;1269.00;0.57;0
186;arms_factory;3142.27;9.70;1285.46;3.60;0
186;arms_factory;3148.21;9.80;1289.24;3.95;0
186;arms_factory;3153.00;12.18;1283.00;3.00;0
186;arms_factory;3158.07;11.80;1274.34;4.56;0
186;arms_factory;3161.00;11.65;1270.00;0.94;0
186;arms_factory;3165.00;9.82;1281.00;5.16;0
186;bunker;3146.00;10.07;1275.00;3.67;0
186;bunker;3146.00;10.78;1284.00;5.73;0
186;bunker;3150.00;9.82;1270.00;4.62;0
186;bunker;3152.00;11.35;1287.00;2.12;0
186;bunker;3155.00;12.50;1280.00;0.40;0
186;bunker;3162.00;10.93;1266.00;5.83;0
186;bunker;3166.00;9.53;1278.00;1.61;0
186;coastal_bunker;3138.00;9.60;1285.00;-1.89;0
186;coastal_bunker;3142.00;9.50;1270.00;-1.11;0
186;coastal_bunker;3156.00;9.50;1261.00;0.17;0
186;coastal_bunker;3157.00;9.78;1288.00;-3.14;0
186;coastal_bunker;3165.00;10.05;1264.00;-4.25;0
186;coastal_bunker;3167.00;9.53;1280.00;1.11;0
186;dockyard;3152.21;9.60;1266.17;-0.83;0
186;fuel_silo;3152.00;11.78;1284.00;0.99;0
186;industrial_complex;3148.00;10.55;1276.00;1.44;0
186;industrial_complex;3149.00;11.80;1285.61;2.05;0
186;industrial_complex;3151.00;11.15;1275.00;1.45;0
186;industrial_complex;3154.00;12.48;1278.00;5.67;0
186;industrial_complex;3158.32;11.80;1282.86;4.71;0
186;industrial_complex;3161.00;11.05;1266.00;1.55;0
186;naval_base;3139.00;9.57;1286.00;-1.89;5913
186;naval_base;3148.00;9.50;1268.00;0.40;225
186;naval_base;3154.00;9.73;1289.00;-3.14;5913
186;naval_base;3155.00;9.50;1258.00;0.17;225
186;naval_base;3161.00;9.50;1279.00;1.11;6801
186;naval_base;3165.00;9.98;1267.00;-4.25;6801
186;nuclear_reactor;3145.00;9.73;1288.00;1.68;0
186;radar_station;3159.00;9.95;1265.00;2.63;0
186;rocket_site;3161.68;10.50;1282.17;5.30;0
186;synthetic_refinery;3156.00;10.07;1266.00;5.90;0
187;air_base;3204.00;9.57;1333.00;2.05;0
187;anti_air_building;3199.00;9.65;1323.00;2.12;0
187;anti_air_building;3199.00;9.65;1323.00;3.68;0
187;anti_air_building;3215.00;9.65;1280.00;0.06;0
187;arms_factory;3199.00;9.65;1323.00;4.36;0
187;arms_factory;3215.00;9.65;1280.00;1.24;0
187;arms_factory;3215.00;9.65;1280.00;1.34;0
187;arms_factory;3215.00;9.93;1310.00;5.47;0
187;arms_factory;3216.00;9.68;1306.00;0.74;0
187;arms_factory;3217.00;10.00;1306.00;3.41;0
187;bunker;3218.00;10.38;1307.00;5.83;0
187;bunker;3225.00;9.68;1282.00;0.50;0
187;coastal_bunker;3208.00;9.50;1327.00;0.61;0
187;coastal_bunker;3225.00;9.55;1283.00;1.11;0
187;dockyard;3208.00;9.50;1326.00;0.61;0
187;fuel_silo;3216.00;9.68;1306.00;3.66;0
187;industrial_complex;3200.00;9.60;1323.00;4.71;0
187;industrial_complex;3204.00;9.57;1333.00;0.50;0
187;industrial_complex;3214.00;9.53;1279.00;2.05;0
187;industrial_complex;3214.00;9.53;1279.00;5.67;0
187;industrial_complex;3215.00;9.65;1280.00;1.45;0
187;industrial_complex;3225.00;9.53;1281.00;4.11;0
187;naval_base;3204.00;9.50;1331.00;0.61;7452
187;naval_base;3229.00;9.50;1282.00;1.11;7226
187;nuclear_reactor;3218.00;10.05;1306.00;4.79;0
187;radar_station;3201.00;9.60;1323.00;4.28;0
187;rocket_site;3225.00;9.53;1281.00;2.12;0
187;synthetic_refinery;3201.00;9.60;1323.00;4.18;0
188;bunker;3137.25;9.50;1638.44;4.49;0
188;coastal_bunker;3134.00;9.50;1635.00;-2.03;0
188;dockyard;3136.00;9.50;1636.00;-2.03;0
188;naval_base;3134.00;9.50;1635.00;-2.03;2256
188;rocket_site;3139.68;9.90;1631.82;6.11;0
188;synthetic_refinery;3142.00;9.60;1630.00;2.93;0
189;air_base;3156.00;10.50;1641.00;0.50;0
189;anti_air_building;3145.00;10.35;1646.00;0.57;0
189;anti_air_building;3155.00;10.30;1628.00;1.17;0
189;anti_air_building;3180.00;10.30;1650.00;4.18;0
189;arms_factory;3144.00;10.30;1639.00;1.45;0
189;arms_factory;3156.00;10.30;1633.00;1.44;0
189;arms_factory;3156.00;10.40;1635.00;4.71;0
189;arms_factory;3157.00;10.50;1641.00;2.05;0
189;arms_factory;3167.00;9.70;1629.00;5.67;0
189;arms_factory;3173.00;9.80;1630.00;1.55;0
189;bunker;3142.03;10.30;1645.56;0.40;0
189;bunker;3146.41;10.30;1635.24;4.28;0
189;bunker;3152.79;10.40;1649.70;4.18;0
189;bunker;3155.28;10.40;1639.69;0.06;0
189;bunker;3157.98;10.30;1628.86;1.61;0
189;bunker;3163.00;10.32;1646.00;5.73;0
189;bunker;3167.00;10.05;1635.00;5.83;0
189;bunker;3171.24;10.40;1644.28;2.12;0
189;bunker;3173.28;9.80;1629.17;3.68;0
189;bunker;3181.13;10.30;1645.28;3.67;0
189;coastal_bunker;3135.00;9.50;1645.00;-1.43;0
189;dockyard;3135.00;9.50;1645.00;-1.43;0
189;fuel_silo;3167.00;10.40;1643.00;1.60;0
189;industrial_complex;3150.00;10.40;1647.00;0.50;0
189;industrial_complex;3153.00;10.40;1643.00;5.22;0
189;industrial_complex;3173.00;9.80;1630.00;1.10;0
189;industrial_complex;3173.00;10.40;1644.00;6.18;0
189;industrial_complex;3174.00;10.40;1646.00;2.05;0
189;industrial_complex;3176.00;9.80;1633.00;4.11;0
189;naval_base;3135.00;9.50;1643.00;-1.43;2256
189;nuclear_reactor;3162.00;9.98;1650.00;5.30;0
189;radar_station;3154.00;10.35;1634.00;5.90;0
189;rocket_site;3150.00;10.28;1629.00;2.63;0
189;synthetic_refinery;3137.00;9.70;1645.00;4.69;0
190;air_base;3147.00;9.80;1662.00;5.16;0
190;anti_air_building;3161.00;9.78;1669.00;5.74;0
190;anti_air_building;3162.00;10.32;1654.00;4.18;0
190;anti_air_building;3164.00;10.43;1657.00;0.06;0
190;arms_factory;3136.00;9.68;1654.00;1.38;0
190;arms_factory;3154.00;9.93;1661.00;2.93;0
190;arms_factory;3155.00;9.70;1680.00;6.11;0
190;arms_factory;3178.00;10.28;1658.00;3.54;0
190;arms_factory;3179.00;10.32;1657.00;3.44;0
190;bunker;3141.00;10.30;1653.00;2.56;0
190;bunker;3146.00;10.15;1657.00;0.50;0
190;bunker;3147.00;9.73;1665.00;2.05;0
190;bunker;3149.00;9.70;1679.00;4.12;0
190;bunker;3154.00;9.70;1680.00;0.50;0
190;bunker;3160.00;10.43;1664.00;5.67;0
190;bunker;3170.00;9.73;1664.00;6.18;0
190;bunker;3170.00;10.07;1654.00;2.05;0
190;bunker;3171.00;9.70;1665.00;5.06;0
190;bunker;3183.00;10.18;1656.00;6.28;0
190;coastal_bunker;3135.00;9.50;1658.00;-1.57;0
190;coastal_bunker;3137.00;9.60;1663.00;-2.21;0
190;coastal_bunker;3144.00;9.50;1677.00;-2.50;0
190;coastal_bunker;3155.00;9.55;1682.00;-3.39;0
190;coastal_bunker;3166.00;9.53;1675.00;-3.61;0
190;coastal_bunker;3177.00;9.50;1665.00;-3.14;0
190;dockyard;3174.00;9.50;1666.00;-3.14;0
190;fuel_silo;3179.00;9.68;1663.00;4.79;0
190;industrial_complex;3139.00;9.70;1663.00;1.88;0
190;industrial_complex;3151.00;9.78;1661.00;1.38;0
190;industrial_complex;3152.00;9.65;1680.00;1.99;0
190;industrial_complex;3188.00;9.95;1658.00;2.49;0
190;naval_base;3134.00;9.50;1658.00;-1.57;2256
190;naval_base;3140.00;9.50;1671.00;-2.21;2107
190;naval_base;3149.00;9.50;1680.00;-2.50;2107
190;naval_base;3151.00;9.50;1681.00;-2.16;2107
190;naval_base;3168.00;9.53;1671.00;-3.61;1885
190;naval_base;3180.00;9.50;1667.00;-3.14;1885
190;nuclear_reactor;3145.00;9.68;1672.00;0.57;0
190;radar_station;3180.00;9.90;1660.00;0.48;0
190;rocket_site;3158.00;10.00;1669.00;2.73;0
190;synthetic_refinery;3144.00;9.65;1668.00;2.12;0
191;air_base;3228.00;9.57;1705.00;3.60;0
191;anti_air_building;3200.00;10.18;1700.00;1.61;0
191;anti_air_building;3208.00;9.90;1698.00;2.56;0
191;anti_air_building;3233.00;9.90;1694.00;5.23;0
191;arms_factory;3194.00;10.25;1697.00;1.88;0
191;arms_factory;3206.00;10.03;1695.00;1.38;0
191;arms_factory;3212.00;10.28;1702.00;6.11;0
191;arms_factory;3213.00;10.32;1690.00;1.99;0
191;arms_factory;3222.00;10.45;1681.00;4.05;0
191;arms_factory;3228.00;9.90;1702.00;3.44;0
191;bunker;3190.00;9.63;1696.00;2.05;0
191;bunker;3192.00;10.30;1703.00;4.12;0
191;bunker;3203.00;9.75;1696.00;6.28;0
191;bunker;3204.00;9.95;1701.00;5.06;0
191;bunker;3213.00;10.32;1692.00;0.50;0
191;bunker;3217.00;10.15;1701.00;6.18;0
191;bunker;3219.00;10.30;1704.00;2.05;0
191;bunker;3220.00;10.32;1685.00;5.67;0
191;bunker;3221.00;10.32;1695.00;2.56;0
191;bunker;3230.00;10.35;1685.00;4.12;0
191;coastal_bunker;3185.00;9.57;1699.00;-0.46;0
191;coastal_bunker;3189.00;9.53;1695.00;-1.41;0
191;dockyard;3184.00;9.50;1696.00;-0.46;0
191;fuel_silo;3227.00;10.13;1702.00;1.01;0
191;industrial_complex;3194.00;10.28;1692.00;4.56;0
191;industrial_complex;3209.00;10.00;1696.00;6.11;0
191;industrial_complex;3212.00;10.23;1699.00;2.49;0
191;industrial_complex;3223.00;10.40;1694.00;0.94;0
191;industrial_complex;3223.00;10.43;1689.00;0.43;0
191;industrial_complex;3229.00;10.35;1690.00;5.16;0
191;naval_base;3180.00;9.50;1697.00;-0.46;1885
191;naval_base;3187.00;9.50;1690.00;-1.41;1885
191;nuclear_reactor;3221.00;10.43;1681.00;4.18;0
191;radar_station;3212.00;10.35;1694.00;3.88;0
191;rocket_site;3212.00;10.38;1692.00;0.06;0
191;synthetic_refinery;3216.00;10.30;1694.00;4.28;0
192;air_base;3273.00;9.93;1468.00;5.73;0
192;anti_air_building;3264.00;9.80;1469.00;1.07;0
192;anti_air_building;3284.00;9.70;1449.00;2.29;0
192;anti_air_building;3290.00;9.80;1466.00;0.13;0
192;arms_factory;3266.00;9.70;1459.00;4.11;0
192;arms_factory;3273.00;9.80;1464.00;2.05;0
192;arms_factory;3273.00;10.00;1473.00;1.10;0
192;arms_factory;3282.00;10.40;1475.00;6.18;0
192;arms_factory;3285.00;10.00;1469.00;0.50;0
192;arms_factory;3292.00;9.70;1460.00;5.22;0
192;bunker;3266.00;9.70;1459.00;4.18;0
192;bunker;3274.00;10.00;1475.00;5.90;0
192;bunker;3279.00;9.70;1455.00;4.69;0
192;bunker;3284.00;9.85;1465.00;4.79;0
192;bunker;3285.00;9.70;1451.00;1.17;0
192;bunker;3285.00;9.78;1458.00;0.57;0
192;bunker;3288.00;9.98;1471.00;4.18;0
192;bunker;3294.00;9.80;1464.00;2.12;0
192;bunker;3296.00;9.70;1455.00;4.28;0
192;coastal_bunker;3285.00;9.53;1445.00;0.79;0
192;coastal_bunker;3299.00;9.50;1451.00;0.79;0
192;coastal_bunker;3300.00;9.68;1460.00;1.29;0
192;dockyard;3302.00;9.55;1458.00;0.79;0
192;fuel_silo;3277.00;9.80;1462.00;4.77;0
192;industrial_complex;3266.00;9.70;1459.00;5.83;0
192;industrial_complex;3272.00;9.90;1479.00;0.50;0
192;industrial_complex;3273.00;9.80;1464.00;0.40;0
192;industrial_complex;3275.00;10.13;1475.00;4.62;0
192;industrial_complex;3283.00;10.40;1475.00;1.61;0
192;industrial_complex;3285.00;9.70;1455.00;3.67;0
192;naval_base;3285.00;9.50;1444.00;0.79;8131
192;naval_base;3300.00;9.60;1461.00;1.29;8131
192;naval_base;3304.00;9.50;1455.00;0.79;8131
192;nuclear_reactor;3280.00;9.80;1461.00;4.85;0
192;radar_station;3269.00;9.70;1455.00;4.35;0
192;rocket_site;3275.00;9.70;1450.00;2.19;0
192;synthetic_refinery;3300.00;9.70;1459.00;4.25;0
193;air_base;3302.00;9.80;1554.00;4.11;0
193;anti_air_building;3294.00;10.10;1545.00;5.80;0
193;anti_air_building;3314.00;9.78;1524.00;3.84;0
193;anti_air_building;3317.00;9.80;1527.00;1.68;0
193;bunker;3286.00;9.80;1536.00;3.23;0
193;bunker;3286.00;9.80;1545.00;0.05;0
193;bunker;3289.00;9.82;1553.00;0.65;0
193;bunker;3289.00;9.90;1517.00;5.89;0
193;bunker;3293.00;9.88;1516.00;3.67;0
193;bunker;3294.00;9.80;1524.00;2.12;0
193;bunker;3295.00;9.80;1533.00;3.15;0
193;bunker;3295.00;10.00;1536.00;1.00;0
193;bunker;3298.00;9.80;1549.00;3.16;0
193;bunker;3300.00;9.85;1511.00;6.24;0
193;bunker;3303.00;9.78;1536.00;5.29;0
193;bunker;3307.00;9.80;1540.00;0.56;0
193;bunker;3308.00;9.80;1551.00;3.06;0
193;bunker;3312.00;9.78;1536.00;1.10;0
193;bunker;3314.00;9.78;1523.00;0.49;0
193;bunker;3316.00;9.80;1517.00;1.61;0
193;bunker;3317.00;9.78;1536.00;4.78;0
193;bunker;3318.00;10.40;1558.00;6.18;0
193;bunker;3320.00;9.82;1552.00;0.06;0
193;fuel_silo;3309.00;9.80;1522.00;3.74;0
193;radar_station;3309.00;9.80;1544.00;6.21;0
193;rocket_site;3295.00;9.88;1518.00;4.25;0
194;air_base;3272.00;9.80;1562.00;4.85;0
194;anti_air_building;3266.00;9.80;1559.00;0.19;0
194;anti_air_building;3269.00;9.80;1550.00;2.35;0
194;anti_air_building;3279.00;9.80;1555.00;5.97;0
194;arms_factory;3233.00;9.80;1555.00;5.89;0
194;arms_factory;3242.00;9.80;1553.00;3.23;0
194;arms_factory;3256.00;9.80;1555.00;1.68;0
194;arms_factory;3257.00;9.88;1550.00;3.73;0
194;arms_factory;3268.00;9.80;1557.00;3.84;0
194;arms_factory;3270.00;9.80;1565.00;5.80;0
194;bunker;3235.00;9.80;1557.00;3.90;0
194;bunker;3241.00;9.88;1550.00;0.63;0
194;bunker;3242.00;9.80;1567.00;3.30;0
194;bunker;3254.00;9.85;1552.00;2.79;0
194;bunker;3255.00;9.80;1566.00;1.23;0
194;bunker;3264.00;9.80;1548.00;2.70;0
194;bunker;3270.00;9.80;1559.00;4.41;0
194;bunker;3275.00;9.80;1558.00;1.74;0
194;bunker;3275.00;9.80;1563.00;5.96;0
194;fuel_silo;3277.00;9.80;1547.00;4.42;0
194;industrial_complex;3243.00;9.80;1559.00;4.25;0
194;industrial_complex;3248.00;9.80;1554.00;3.74;0
194;industrial_complex;3248.00;9.80;1562.00;2.19;0
194;industrial_complex;3262.00;9.80;1558.00;0.72;0
194;industrial_complex;3281.00;9.80;1561.00;4.35;0
194;industrial_complex;3282.00;9.80;1555.00;0.12;0
194;nuclear_reactor;3276.00;9.80;1558.00;0.19;0
194;radar_station;3257.00;9.80;1555.00;1.52;0
194;rocket_site;3277.00;9.80;1552.00;4.92;0
194;synthetic_refinery;3246.00;9.80;1562.00;1.39;0
195;air_base;3286.94;9.70;1735.34;2.12;0
195;anti_air_building;3289.00;9.78;1733.00;2.29;0
195;anti_air_building;3294.00;10.07;1733.00;0.13;0
195;anti_air_building;3294.00;10.30;1729.00;1.07;0
195;arms_factory;3277.00;9.68;1737.00;0.40;0
195;arms_factory;3280.00;9.88;1737.00;4.62;0
195;arms_factory;3280.00;10.10;1730.00;3.67;0
195;arms_factory;3283.00;10.05;1733.00;0.50;0
195;arms_factory;3292.00;10.30;1728.00;1.61;0
195;arms_factory;3294.00;10.30;1728.00;5.83;0
195;bunker;3269.00;10.28;1730.00;6.04;0
195;bunker;3279.21;10.50;1725.66;4.18;0
195;bunker;3280.00;9.82;1743.00;2.63;0
195;bunker;3283.00;9.75;1738.00;4.69;0
195;bunker;3284.00;10.30;1729.00;0.57;0
195;bunker;3290.00;9.88;1732.00;5.90;0
195;coastal_bunker;3260.00;9.53;1733.00;-3.14;0
195;coastal_bunker;3274.00;9.50;1736.00;-0.79;0
195;coastal_bunker;3275.00;9.55;1732.00;-2.82;0
195;dockyard;3275.51;9.70;1736.35;-0.82;0
195;fuel_silo;3279.00;10.20;1729.00;5.37;0
195;industrial_complex;3276.00;9.90;1730.00;0.06;0
195;industrial_complex;3278.00;9.95;1730.00;5.73;0
195;industrial_complex;3281.00;9.80;1741.00;4.28;0
195;industrial_complex;3281.00;10.00;1736.00;4.18;0
195;industrial_complex;3283.00;9.80;1741.00;3.68;0
195;industrial_complex;3283.00;9.93;1736.00;2.12;0
195;naval_base;3266.00;9.60;1734.00;-3.14;1434
195;naval_base;3275.00;9.50;1736.00;-0.79;1434
195;naval_base;3275.32;9.70;1731.80;-3.02;1434
195;nuclear_reactor;3290.00;10.30;1729.00;4.85;0
195;radar_station;3286.00;9.82;1733.00;4.35;0
195;rocket_site;3283.00;9.85;1737.00;2.19;0
195;synthetic_refinery;3292.00;10.30;1729.00;4.25;0
196;air_base;3329.00;9.70;1447.00;1.17;0
196;anti_air_building;3312.00;9.70;1445.00;4.12;0
196;anti_air_building;3323.00;9.70;1452.00;2.56;0
196;anti_air_building;3331.00;9.65;1446.00;0.50;0
196;arms_factory;3325.00;9.70;1446.00;2.05;0
196;arms_factory;3330.00;9.70;1447.00;5.67;0
196;arms_factory;3332.00;9.68;1448.00;0.94;0
196;arms_factory;3335.00;9.65;1448.00;3.60;0
196;arms_factory;3342.00;9.70;1457.00;3.00;0
196;arms_factory;3351.00;9.70;1445.00;0.34;0
196;bunker;3315.00;9.70;1446.00;5.30;0
196;bunker;3324.00;9.70;1445.00;0.13;0
196;bunker;3332.00;9.70;1453.00;1.07;0
196;bunker;3333.00;9.70;1459.00;4.34;0
196;bunker;3342.00;9.50;1442.00;2.29;0
196;bunker;3344.00;9.70;1454.00;2.63;0
196;bunker;3348.00;9.70;1443.00;4.25;0
196;coastal_bunker;3312.00;9.50;1447.00;-1.57;0
196;coastal_bunker;3329.00;9.57;1441.00;-0.46;0
196;coastal_bunker;3343.00;9.50;1441.00;0.24;0
196;coastal_bunker;3346.00;9.50;1441.00;0.32;0
196;dockyard;3351.00;9.57;1443.00;0.32;0
196;fuel_silo;3333.00;9.70;1451.00;3.21;0
196;industrial_complex;3331.00;9.70;1444.00;0.50;0
196;industrial_complex;3333.00;9.70;1453.00;4.12;0
196;industrial_complex;3339.00;9.70;1445.00;2.05;0
196;industrial_complex;3339.00;9.70;1455.00;6.18;0
196;industrial_complex;3345.00;9.70;1444.00;5.06;0
196;industrial_complex;3346.00;9.70;1454.00;6.28;0
196;naval_base;3307.00;9.50;1445.00;-1.57;8131
196;naval_base;3328.00;9.50;1439.00;-0.46;8131
196;naval_base;3341.00;9.50;1442.00;0.24;8282
196;naval_base;3353.00;9.53;1444.00;0.32;8282
196;nuclear_reactor;3326.00;9.70;1450.00;3.30;0
196;radar_station;3311.00;9.70;1444.00;5.37;0
196;rocket_site;3332.00;9.70;1458.00;1.75;0
196;synthetic_refinery;3329.00;9.70;1443.00;1.24;0
197;air_base;3300.00;9.65;1467.00;0.57;0
197;anti_air_building;3292.00;9.90;1476.00;0.63;0
197;anti_air_building;3305.00;9.60;1466.00;4.86;0
197;anti_air_building;3318.00;9.80;1473.00;3.30;0
197;arms_factory;3302.00;10.00;1484.00;3.68;0
197;arms_factory;3307.00;9.70;1469.00;1.61;0
197;arms_factory;3308.00;9.70;1453.00;5.73;0
197;arms_factory;3309.00;9.65;1463.00;2.12;0
197;arms_factory;3312.00;9.73;1472.00;0.06;0
197;arms_factory;3317.00;9.80;1470.00;0.40;0
197;bunker;3295.00;9.75;1474.00;0.13;0
197;bunker;3298.00;9.90;1482.00;5.30;0
197;bunker;3301.00;9.78;1470.00;4.25;0
197;bunker;3308.00;9.70;1452.00;4.34;0
197;bunker;3308.00;9.80;1475.00;4.35;0
197;bunker;3312.00;9.70;1459.00;1.68;0
197;bunker;3316.00;9.80;1476.00;1.07;0
197;bunker;3319.00;9.70;1463.00;2.29;0
197;bunker;3325.00;9.70;1462.00;5.67;0
197;coastal_bunker;3302.00;9.50;1463.00;0.00;0
197;coastal_bunker;3304.00;9.50;1460.00;-0.59;0
197;coastal_bunker;3315.00;9.50;1449.00;-0.12;0
197;dockyard;3306.00;9.50;1457.00;-0.59;0
197;fuel_silo;3294.00;9.78;1474.00;6.23;0
197;industrial_complex;3296.00;9.85;1480.00;4.79;0
197;industrial_complex;3297.00;9.80;1476.00;1.17;0
197;industrial_complex;3300.00;9.80;1471.00;4.28;0
197;industrial_complex;3300.00;9.95;1488.00;4.18;0
197;industrial_complex;3307.00;9.63;1464.00;4.18;0
197;industrial_complex;3308.00;9.90;1480.00;2.12;0
197;naval_base;3302.00;9.50;1463.00;0.00;8131
197;naval_base;3312.00;9.50;1450.00;-0.59;8131
197;naval_base;3315.00;9.50;1449.00;-0.12;8131
197;nuclear_reactor;3298.00;9.80;1477.00;3.30;0
197;radar_station;3310.00;9.90;1482.00;5.37;0
197;rocket_site;3321.00;9.70;1460.00;1.75;0
197;synthetic_refinery;3299.00;9.80;1473.00;1.24;0
198;air_base;3253.00;10.18;1505.00;4.42;0
198;anti_air_building;3253.00;10.10;1502.00;3.81;0
198;anti_air_building;3259.00;10.20;1504.00;5.02;0
198;anti_air_building;3267.00;10.10;1499.00;0.80;0
198;arms_factory;3255.00;10.20;1499.00;5.37;0
198;arms_factory;3257.00;10.20;1499.00;3.30;0
198;arms_factory;3263.00;10.10;1496.00;0.63;0
198;arms_factory;3263.00;10.10;1501.00;1.24;0
198;arms_factory;3265.00;10.05;1491.00;2.80;0
198;arms_factory;3269.00;10.10;1490.00;4.86;0
198;bunker;3251.00;10.18;1502.00;2.63;0
198;bunker;3264.00;10.05;1492.00;2.29;0
198;fuel_silo;3256.00;10.20;1502.00;1.16;0
198;industrial_complex;3250.00;10.20;1499.00;1.75;0
198;industrial_complex;3253.00;10.20;1499.00;1.14;0
198;industrial_complex;3255.00;10.10;1505.00;2.35;0
198;industrial_complex;3263.00;10.10;1500.00;0.19;0
198;industrial_complex;3265.00;10.10;1500.00;3.30;0
198;industrial_complex;3267.00;10.00;1490.00;1.75;0
198;nuclear_reactor;3261.00;10.10;1498.00;0.63;0
198;radar_station;3262.00;10.10;1501.00;0.70;0
198;rocket_site;3254.00;10.10;1503.00;2.80;0
198;synthetic_refinery;3265.00;10.10;1499.00;2.86;0
199;air_base;3229.00;10.20;1500.00;3.81;0
199;anti_air_building;3225.00;10.00;1492.00;2.86;0
199;anti_air_building;3225.00;10.05;1494.00;5.02;0
199;anti_air_building;3230.00;10.05;1490.00;0.70;0
199;arms_factory;3222.00;10.00;1494.00;4.86;0
199;arms_factory;3224.00;10.10;1497.00;3.30;0
199;arms_factory;3226.00;10.20;1499.00;5.37;0
199;arms_factory;3228.00;10.18;1496.00;1.75;0
199;arms_factory;3231.00;10.10;1493.00;3.30;0
199;arms_factory;3233.00;10.25;1503.00;1.24;0
199;bunker;3219.63;10.30;1513.19;3.37;0
199;bunker;3220.78;10.60;1499.30;1.68;0
199;bunker;3227.13;10.10;1492.35;1.07;0
199;bunker;3229.60;10.30;1519.29;6.04;0
199;bunker;3230.49;10.30;1509.89;5.54;0
199;bunker;3232.56;10.20;1501.19;0.13;0
199;fuel_silo;3235.00;10.30;1513.00;5.28;0
199;industrial_complex;3224.00;10.05;1494.00;1.75;0
199;industrial_complex;3225.00;10.20;1501.00;0.19;0
199;industrial_complex;3226.00;10.00;1489.00;1.14;0
199;industrial_complex;3226.00;10.28;1503.00;2.35;0
199;industrial_complex;3235.00;10.30;1503.00;4.42;0
199;industrial_complex;3238.00;10.25;1501.00;0.80;0
199;nuclear_reactor;3228.00;10.30;1502.00;5.43;0
199;radar_station;3219.00;10.70;1503.00;4.93;0
199;rocket_site;3219.00;10.05;1497.00;1.31;0
199;synthetic_refinery;3217.00;10.65;1502.00;0.80;0
200;air_base;3371.00;9.78;1466.00;4.34;0
200;anti_air_building;3361.00;9.70;1467.00;0.19;0
200;anti_air_building;3365.00;9.55;1451.00;1.14;0
200;anti_air_building;3366.00;9.75;1476.00;2.35;0
200;arms_factory;3353.00;9.70;1468.00;2.12;0
200;arms_factory;3360.00;9.75;1477.00;4.18;0
200;arms_factory;3362.00;9.70;1455.00;4.79;0
200;arms_factory;3364.00;9.80;1477.00;1.17;0
200;arms_factory;3366.00;9.75;1468.00;4.28;0
200;arms_factory;3376.00;9.70;1457.00;4.18;0
200;bunker;3350.00;9.75;1462.00;4.86;0
200;bunker;3352.00;9.70;1457.00;4.85;0
200;bunker;3354.00;9.70;1450.00;0.13;0
200;bunker;3359.00;9.70;1471.00;2.80;0
200;bunker;3363.00;9.70;1463.00;0.63;0
200;bunker;3368.00;9.70;1453.00;4.25;0
200;bunker;3368.00;9.70;1457.00;3.30;0
200;bunker;3373.00;9.80;1471.00;4.35;0
200;bunker;3375.00;9.70;1455.00;2.19;0
200;coastal_bunker;3359.00;9.50;1446.00;0.54;0
200;coastal_bunker;3366.00;9.50;1450.00;0.79;0
200;coastal_bunker;3381.00;9.50;1453.00;0.54;0
200;dockyard;3373.00;9.57;1452.00;0.79;0
200;fuel_silo;3352.00;9.70;1458.00;0.55;0
200;industrial_complex;3347.00;9.78;1463.00;1.68;0
200;industrial_complex;3351.00;9.70;1451.00;2.63;0
200;industrial_complex;3354.00;9.70;1457.00;5.30;0
200;industrial_complex;3358.00;9.70;1472.00;0.57;0
200;industrial_complex;3369.00;9.70;1460.00;4.69;0
200;industrial_complex;3380.00;9.93;1466.00;5.90;0
200;naval_base;3357.00;9.50;1445.00;0.54;8282
200;naval_base;3362.00;9.50;1447.00;0.79;8282
200;naval_base;3381.00;9.50;1453.00;0.54;8282
200;nuclear_reactor;3358.00;9.70;1450.00;3.81;0
200;radar_station;3365.00;9.70;1460.00;4.42;0
200;rocket_site;3363.00;9.70;1475.00;0.80;0
200;synthetic_refinery;3356.00;9.73;1466.00;1.75;0
201;air_base;3242.00;10.00;1533.00;2.29;0
201;anti_air_building;3246.00;10.10;1526.00;3.30;0
201;anti_air_building;3249.00;10.20;1516.00;1.75;0
201;anti_air_building;3252.00;10.10;1525.00;5.37;0
201;arms_factory;3234.00;10.00;1534.00;0.63;0
201;arms_factory;3237.00;10.00;1535.00;1.24;0
201;arms_factory;3239.00;10.00;1536.00;2.80;0
201;arms_factory;3243.00;10.23;1514.00;4.86;0
201;arms_factory;3267.00;10.05;1519.00;3.30;0
201;arms_factory;3268.00;10.07;1516.00;0.13;0
201;bunker;3231.95;10.10;1531.43;0.63;0
201;bunker;3239.19;10.10;1522.59;3.30;0
201;bunker;3239.22;10.00;1541.41;4.85;0
201;bunker;3241.69;10.30;1513.38;0.13;0
201;bunker;3248.06;10.10;1530.52;1.24;0
201;bunker;3248.84;10.00;1540.27;1.75;0
201;bunker;3252.73;10.10;1522.36;4.86;0
201;bunker;3253.00;10.20;1514.00;4.35;0
201;bunker;3260.11;10.00;1531.65;2.80;0
201;bunker;3260.80;9.90;1540.28;1.14;0
201;bunker;3262.50;10.10;1521.52;2.19;0
201;bunker;3263.61;10.10;1513.11;3.30;0
201;fuel_silo;3251.00;10.10;1528.00;3.22;0
201;industrial_complex;3240.00;10.20;1516.00;1.68;0
201;industrial_complex;3241.00;10.28;1512.00;5.30;0
201;industrial_complex;3248.00;10.20;1516.00;5.90;0
201;industrial_complex;3249.00;10.20;1515.00;4.34;0
201;industrial_complex;3251.00;10.00;1535.00;1.07;0
201;industrial_complex;3255.00;10.10;1519.00;2.63;0
201;nuclear_reactor;3245.00;10.20;1512.00;5.02;0
201;radar_station;3268.00;10.03;1518.00;0.80;0
201;rocket_site;3247.00;10.10;1520.00;3.81;0
201;synthetic_refinery;3254.00;10.20;1513.00;4.42;0
202;air_base;3279.00;9.82;1533.00;4.25;0
202;anti_air_building;3267.00;10.10;1508.00;0.06;0
202;anti_air_building;3268.00;9.90;1542.00;5.13;0
202;anti_air_building;3273.00;10.00;1516.00;1.01;0
202;arms_factory;3272.00;10.00;1516.00;4.69;0
202;arms_factory;3272.00;10.00;1519.00;1.17;0
202;arms_factory;3272.00;10.03;1513.00;0.57;0
202;arms_factory;3273.00;10.00;1511.00;2.63;0
202;arms_factory;3275.00;10.10;1502.00;5.90;0
202;arms_factory;3286.00;9.90;1517.00;4.18;0
202;bunker;3269.00;10.10;1503.00;4.35;0
202;bunker;3271.00;9.90;1540.00;3.30;0
202;bunker;3275.00;10.03;1508.00;4.86;0
202;bunker;3277.00;9.90;1530.00;5.37;0
202;bunker;3282.00;10.00;1506.00;2.80;0
202;bunker;3284.00;9.90;1517.00;0.13;0
202;bunker;3285.00;10.28;1511.00;1.24;0
202;fuel_silo;3272.00;10.10;1505.00;5.88;0
202;industrial_complex;3276.00;9.90;1531.00;5.83;0
202;industrial_complex;3278.00;9.80;1537.00;5.23;0
202;industrial_complex;3279.00;9.90;1519.00;2.56;0
202;industrial_complex;3281.00;10.00;1509.00;4.62;0
202;industrial_complex;3283.00;9.90;1516.00;4.28;0
202;industrial_complex;3286.00;10.00;1504.00;1.61;0
202;nuclear_reactor;3278.00;9.80;1541.00;0.80;0
202;radar_station;3283.00;9.90;1518.00;5.74;0
202;rocket_site;3286.00;10.38;1512.00;4.42;0
202;synthetic_refinery;3285.00;10.20;1510.00;4.18;0
203;air_base;3325.00;9.80;1483.00;2.19;0
203;anti_air_building;3280.00;10.10;1491.00;0.80;0
203;anti_air_building;3285.00;10.00;1499.00;4.42;0
203;anti_air_building;3323.00;9.80;1481.00;3.81;0
203;arms_factory;3273.00;10.10;1494.00;1.61;0
203;arms_factory;3274.00;10.10;1498.00;1.01;0
203;arms_factory;3288.00;9.80;1483.00;5.13;0
203;arms_factory;3290.00;9.85;1486.00;4.18;0
203;arms_factory;3307.00;9.93;1499.00;4.28;0
203;arms_factory;3314.00;9.90;1498.00;0.06;0
203;bunker;3274.00;10.18;1493.00;4.85;0
203;bunker;3278.00;10.57;1487.00;0.63;0
203;bunker;3282.00;10.05;1488.00;0.13;0
203;bunker;3291.00;9.90;1488.00;3.30;0
203;bunker;3291.00;10.00;1502.00;2.80;0
203;bunker;3294.00;10.45;1507.00;2.35;0
203;bunker;3296.00;9.90;1491.00;5.37;0
203;bunker;3306.00;10.00;1494.00;1.75;0
203;bunker;3312.00;9.90;1490.00;4.86;0
203;bunker;3316.00;9.80;1489.00;1.24;0
203;bunker;3317.00;10.00;1496.00;1.75;0
203;bunker;3325.00;9.80;1492.00;0.19;0
203;fuel_silo;3272.00;10.10;1495.00;3.73;0
203;industrial_complex;3290.00;9.90;1491.00;1.07;0
203;industrial_complex;3291.00;9.90;1495.00;4.25;0
203;industrial_complex;3294.00;10.40;1509.00;4.35;0
203;industrial_complex;3298.00;9.90;1496.00;0.13;0
203;industrial_complex;3304.00;9.90;1499.00;2.29;0
203;industrial_complex;3321.00;9.85;1483.00;4.34;0
203;nuclear_reactor;3303.00;10.10;1505.00;0.80;0
203;radar_station;3319.00;9.90;1487.00;2.86;0
203;rocket_site;3300.00;9.93;1494.00;0.70;0
203;synthetic_refinery;3329.00;9.80;1492.00;5.02;0
204;air_base;3212.00;10.45;1587.00;0.70;0
204;anti_air_building;3202.00;10.18;1577.00;0.26;0
204;anti_air_building;3219.00;9.80;1575.00;6.04;0
204;anti_air_building;3228.00;9.90;1581.00;2.42;0
204;arms_factory;3203.00;10.38;1575.00;1.74;0
204;arms_factory;3213.00;10.38;1579.00;5.97;0
204;arms_factory;3215.00;10.10;1573.00;2.35;0
204;arms_factory;3216.00;10.55;1586.00;4.41;0
204;arms_factory;3230.00;9.85;1578.00;0.19;0
204;arms_factory;3234.00;9.85;1578.00;3.90;0
204;bunker;3203.00;10.25;1578.00;0.35;0
204;bunker;3209.00;10.45;1583.00;1.91;0
204;bunker;3211.00;10.50;1591.00;4.93;0
204;bunker;3213.00;9.95;1576.00;1.31;0
204;bunker;3227.00;9.90;1581.00;3.97;0
204;bunker;3231.00;9.80;1571.00;3.37;0
204;fuel_silo;3212.00;10.50;1582.00;4.48;0
204;industrial_complex;3206.00;10.40;1574.00;2.86;0
204;industrial_complex;3210.00;10.40;1574.00;1.39;0
204;industrial_complex;3211.00;10.38;1573.00;4.92;0
204;industrial_complex;3212.00;10.55;1588.00;4.42;0
204;industrial_complex;3227.00;9.93;1582.00;0.19;0
204;industrial_complex;3228.00;9.95;1586.00;2.26;0
204;nuclear_reactor;3208.00;10.40;1576.00;5.09;0
204;radar_station;3218.00;10.45;1583.00;1.29;0
204;rocket_site;3227.00;10.00;1585.00;3.88;0
204;synthetic_refinery;3217.00;10.50;1590.00;0.36;0
205;air_base;3376.00;11.38;1621.00;0.63;0
205;anti_air_building;3344.00;10.40;1592.00;1.31;0
205;anti_air_building;3361.00;10.00;1617.00;0.80;0
205;anti_air_building;3366.00;10.10;1615.00;4.93;0
205;arms_factory;3336.00;10.00;1604.00;1.68;0
205;arms_factory;3356.00;10.00;1601.00;4.34;0
205;arms_factory;3356.00;10.10;1619.00;5.30;0
205;arms_factory;3357.00;10.00;1589.00;2.29;0
205;arms_factory;3358.00;10.10;1611.00;1.07;0
205;arms_factory;3370.00;10.18;1610.00;0.13;0
205;bunker;3331.00;10.10;1614.00;2.86;0
205;bunker;3331.00;10.13;1618.00;5.02;0
205;bunker;3335.00;10.00;1596.00;1.24;0
205;bunker;3337.00;10.60;1631.00;1.31;0
205;bunker;3340.00;10.05;1614.00;0.70;0
205;bunker;3340.00;10.63;1638.00;3.81;0
205;bunker;3344.00;9.93;1601.00;4.42;0
205;bunker;3344.00;10.00;1621.00;0.80;0
205;bunker;3346.00;10.60;1630.00;4.93;0
205;bunker;3349.00;10.10;1611.00;3.30;0
205;bunker;3351.00;10.00;1599.00;0.80;0
205;bunker;3351.00;10.00;1624.00;0.80;0
205;bunker;3353.00;10.00;1608.00;5.02;0
205;bunker;3354.00;10.00;1585.00;4.86;0
205;bunker;3355.00;10.10;1614.00;3.81;0
205;bunker;3361.00;9.95;1621.00;1.75;0
205;bunker;3361.00;10.00;1593.00;2.86;0
205;bunker;3362.00;10.03;1608.00;2.35;0
205;bunker;3363.00;10.00;1598.00;0.19;0
205;bunker;3363.00;10.03;1614.00;3.30;0
205;bunker;3371.00;10.25;1600.00;0.87;0
205;bunker;3371.00;10.43;1612.00;1.14;0
205;bunker;3374.00;11.25;1623.00;5.37;0
205;bunker;3381.00;11.48;1618.00;0.70;0
205;bunker;3383.00;10.80;1614.00;1.75;0
205;fuel_silo;3340.00;10.00;1607.00;1.67;0
205;industrial_complex;3348.00;10.35;1590.00;2.80;0
205;industrial_complex;3351.00;10.15;1591.00;0.13;0
205;industrial_complex;3353.00;9.95;1594.00;4.85;0
205;industrial_complex;3359.00;10.00;1622.00;4.35;0
205;industrial_complex;3366.00;10.23;1620.00;2.19;0
205;industrial_complex;3383.00;10.53;1613.00;4.25;0
205;nuclear_reactor;3369.00;10.40;1622.00;6.04;0
205;radar_station;3347.00;10.00;1603.00;5.54;0
205;rocket_site;3332.00;10.00;1599.00;3.37;0
205;synthetic_refinery;3339.00;10.00;1605.00;5.43;0
206;air_base;3263.00;9.80;1574.00;3.37;0
206;anti_air_building;3235.00;9.93;1587.00;5.60;0
206;anti_air_building;3257.00;9.80;1580.00;1.38;0
206;anti_air_building;3257.00;9.80;1589.00;4.04;0
206;arms_factory;3241.00;9.90;1589.00;0.19;0
206;arms_factory;3243.00;9.80;1582.00;4.92;0
206;arms_factory;3251.00;9.90;1583.00;2.86;0
206;arms_factory;3253.00;9.80;1578.00;2.26;0
206;arms_factory;3257.00;9.80;1571.00;1.39;0
206;arms_factory;3260.00;9.80;1575.00;4.42;0
206;bunker;3229.00;10.23;1589.00;6.04;0
206;bunker;3233.00;10.00;1586.00;2.93;0
206;bunker;3238.00;9.80;1570.00;0.87;0
206;bunker;3242.00;9.90;1595.00;5.09;0
206;bunker;3243.00;10.38;1601.00;2.42;0
206;bunker;3244.00;10.28;1601.00;4.48;0
206;bunker;3244.00;10.40;1617.00;0.36;0
206;bunker;3249.00;9.90;1586.00;0.86;0
206;bunker;3252.00;9.80;1575.00;0.26;0
206;bunker;3256.00;9.80;1574.00;5.59;0
206;bunker;3259.00;9.90;1594.00;4.99;0
206;bunker;3260.00;9.80;1573.00;3.88;0
206;fuel_silo;3248.00;9.90;1588.00;4.64;0
206;industrial_complex;3232.00;10.25;1594.00;0.35;0
206;industrial_complex;3240.00;10.13;1611.00;3.97;0
206;industrial_complex;3242.00;9.90;1587.00;1.91;0
206;industrial_complex;3250.00;9.90;1590.00;0.70;0
206;industrial_complex;3254.00;9.90;1594.00;1.31;0
206;industrial_complex;3259.00;9.80;1568.00;4.93;0
206;nuclear_reactor;3255.00;9.88;1590.00;0.43;0
206;radar_station;3248.00;9.90;1594.00;2.24;0
206;rocket_site;3263.00;9.80;1570.00;4.05;0
206;synthetic_refinery;3248.00;9.90;1586.00;3.44;0
207;air_base;3243.00;10.60;1624.00;4.41;0
207;anti_air_building;3219.00;10.43;1594.00;4.93;0
207;anti_air_building;3230.00;9.90;1612.00;1.91;0
207;anti_air_building;3231.00;10.48;1626.00;0.70;0
207;arms_factory;3212.00;9.80;1600.00;2.79;0
207;arms_factory;3222.00;10.45;1605.00;4.85;0
207;arms_factory;3222.00;10.45;1634.00;1.23;0
207;arms_factory;3227.00;9.95;1614.00;4.35;0
207;arms_factory;3230.00;10.43;1628.00;4.25;0
207;arms_factory;3238.00;10.23;1631.00;2.19;0
207;bunker;3210.00;10.00;1604.00;2.86;0
207;bunker;3218.00;10.53;1625.00;4.92;0
207;bunker;3219.00;10.45;1597.00;0.19;0
207;bunker;3219.00;10.50;1605.00;0.19;0
207;bunker;3222.00;9.93;1612.00;2.26;0
207;bunker;3225.00;10.23;1626.00;5.97;0
207;bunker;3228.00;9.90;1615.00;4.42;0
207;bunker;3231.00;9.98;1609.00;1.39;0
207;bunker;3236.00;9.85;1632.00;2.35;0
207;fuel_silo;3221.00;10.48;1631.00;3.97;0
207;industrial_complex;3220.00;10.30;1622.00;1.74;0
207;industrial_complex;3222.00;9.85;1614.00;0.63;0
207;industrial_complex;3223.00;10.45;1608.00;2.70;0
207;industrial_complex;3225.00;9.90;1623.00;3.30;0
207;industrial_complex;3233.00;9.90;1614.00;3.90;0
207;industrial_complex;3240.00;10.20;1634.00;5.96;0
207;nuclear_reactor;3234.00;9.93;1621.00;6.04;0
207;radar_station;3228.00;9.90;1615.00;1.75;0
207;rocket_site;3215.00;10.55;1612.00;3.37;0
207;synthetic_refinery;3229.00;9.90;1619.00;1.31;0
208;air_base;3258.00;10.30;1720.00;3.30;0
208;anti_air_building;3262.00;10.28;1708.00;0.50;0
208;anti_air_building;3271.00;9.80;1700.00;4.62;0
208;anti_air_building;3274.00;10.40;1722.00;5.83;0
208;arms_factory;3250.00;10.35;1710.00;4.12;0
208;arms_factory;3252.00;9.90;1725.00;4.12;0
208;arms_factory;3257.00;10.28;1710.00;0.50;0
208;arms_factory;3263.00;10.28;1711.00;2.05;0
208;arms_factory;3273.00;10.40;1720.00;6.18;0
208;arms_factory;3285.00;10.38;1714.00;2.56;0
208;bunker;3245.00;9.53;1727.00;5.54;0
208;bunker;3248.00;10.13;1715.00;0.80;0
208;bunker;3253.00;10.03;1719.00;4.42;0
208;bunker;3260.00;10.25;1727.00;1.75;0
208;bunker;3260.00;10.35;1709.00;0.80;0
208;bunker;3266.00;10.40;1724.00;5.43;0
208;bunker;3268.00;10.40;1719.00;3.81;0
208;bunker;3274.00;9.98;1703.00;1.31;0
208;bunker;3277.00;10.40;1718.00;0.70;0
208;bunker;3278.00;10.30;1711.00;4.93;0
208;bunker;3282.00;10.32;1719.00;5.02;0
208;coastal_bunker;3250.00;9.50;1730.00;-2.68;0
208;coastal_bunker;3255.00;9.57;1730.00;-2.98;0
208;dockyard;3248.00;9.55;1727.00;-2.68;0
208;fuel_silo;3256.00;10.13;1719.00;3.73;0
208;industrial_complex;3244.00;10.25;1714.00;4.86;0
208;industrial_complex;3254.00;9.88;1715.00;0.63;0
208;industrial_complex;3265.00;9.88;1713.00;1.24;0
208;industrial_complex;3266.00;9.90;1712.00;5.37;0
208;industrial_complex;3268.00;9.70;1706.00;3.30;0
208;industrial_complex;3275.00;10.40;1710.00;1.75;0
208;naval_base;3247.00;9.60;1727.00;-2.68;1434
208;naval_base;3253.00;9.70;1730.00;-2.98;1434
208;nuclear_reactor;3245.00;9.80;1717.00;4.49;0
208;radar_station;3266.00;10.40;1723.00;5.09;0
208;rocket_site;3247.00;9.70;1718.00;2.93;0
208;synthetic_refinery;3253.00;10.03;1719.00;3.88;0
209;air_base;3254.00;10.38;1691.00;2.35;0
209;anti_air_building;3254.00;9.75;1667.00;5.54;0
209;anti_air_building;3263.00;9.80;1678.00;3.37;0
209;anti_air_building;3270.00;10.00;1677.00;6.04;0
209;arms_factory;3242.00;9.80;1679.00;0.63;0
209;arms_factory;3245.00;10.23;1704.00;0.13;0
209;arms_factory;3246.00;9.70;1680.00;2.80;0
209;arms_factory;3259.00;9.82;1676.00;2.19;0
209;arms_factory;3259.00;10.05;1688.00;4.85;0
209;arms_factory;3262.00;9.70;1682.00;3.30;0
209;bunker;3243.00;10.20;1708.00;0.19;0
209;bunker;3245.00;9.63;1683.00;3.81;0
209;bunker;3246.00;9.70;1678.00;4.42;0
209;bunker;3247.00;10.30;1700.00;0.80;0
209;bunker;3248.00;9.82;1684.00;2.86;0
209;bunker;3252.00;9.75;1670.00;5.43;0
209;bunker;3254.00;9.88;1688.00;1.31;0
209;bunker;3255.00;10.30;1704.00;1.75;0
209;bunker;3262.00;9.70;1682.00;4.93;0
209;bunker;3266.00;9.80;1686.00;5.02;0
209;bunker;3271.00;9.95;1677.00;0.80;0
209;bunker;3279.00;9.70;1680.00;0.70;0
209;fuel_silo;3245.00;9.60;1684.00;0.11;0
209;industrial_complex;3244.00;10.20;1702.00;5.37;0
209;industrial_complex;3246.00;9.68;1682.00;4.86;0
209;industrial_complex;3253.00;9.90;1688.00;1.14;0
209;industrial_complex;3258.00;9.70;1685.00;1.24;0
209;industrial_complex;3262.00;10.32;1697.00;1.75;0
209;industrial_complex;3265.00;9.95;1695.00;3.30;0
209;nuclear_reactor;3265.00;9.80;1689.00;4.49;0
209;radar_station;3258.00;9.70;1681.00;3.98;0
209;rocket_site;3245.00;9.80;1674.00;1.82;0
209;synthetic_refinery;3249.00;10.30;1699.00;2.42;0
210;air_base;3276.00;10.57;1661.00;4.93;0
210;anti_air_building;3268.00;9.95;1656.00;3.88;0
210;anti_air_building;3292.00;10.32;1654.00;5.09;0
210;anti_air_building;3300.00;11.60;1657.00;2.93;0
210;arms_factory;3248.00;9.80;1659.00;4.41;0
210;arms_factory;3255.00;9.80;1658.00;4.42;0
210;arms_factory;3280.00;10.23;1657.00;0.19;0
210;arms_factory;3282.00;10.15;1654.00;1.39;0
210;arms_factory;3294.00;11.25;1669.00;5.97;0
210;arms_factory;3302.00;10.50;1644.00;2.35;0
210;bunker;3244.00;9.80;1661.00;0.86;0
210;bunker;3258.00;9.80;1667.00;1.31;0
210;bunker;3263.00;9.80;1654.00;3.37;0
210;bunker;3269.00;10.30;1664.00;3.97;0
210;bunker;3273.00;10.28;1653.00;0.36;0
210;bunker;3280.00;9.80;1669.00;0.35;0
210;bunker;3290.00;10.50;1650.00;2.42;0
210;bunker;3291.00;10.78;1666.00;4.48;0
210;bunker;3296.00;10.32;1646.00;0.26;0
210;bunker;3301.00;11.30;1654.00;6.04;0
210;fuel_silo;3290.00;10.40;1667.00;0.87;0
210;industrial_complex;3257.00;9.73;1668.00;2.26;0
210;industrial_complex;3265.00;9.95;1653.00;4.92;0
210;industrial_complex;3293.00;10.48;1648.00;1.91;0
210;industrial_complex;3297.00;11.40;1668.00;0.19;0
210;industrial_complex;3305.00;10.23;1650.00;0.70;0
210;industrial_complex;3305.00;10.35;1652.00;2.86;0
210;nuclear_reactor;3292.00;10.40;1646.00;4.04;0
210;radar_station;3277.00;10.45;1658.00;4.18;0
210;rocket_site;3279.00;10.13;1661.00;1.38;0
210;synthetic_refinery;3303.00;10.80;1653.00;5.59;0
211;air_base;3223.88;10.40;1372.65;4.30;0
211;anti_air_building;3220.00;9.90;1372.00;4.47;0
211;anti_air_building;3224.00;10.07;1364.00;2.31;0
211;anti_air_building;3228.00;10.00;1373.00;3.26;0
211;arms_factory;3212.00;9.82;1369.00;2.59;0
211;arms_factory;3218.00;10.30;1375.00;5.35;0
211;arms_factory;3221.00;10.15;1363.00;3.19;0
211;arms_factory;3229.00;10.10;1376.00;2.68;0
211;arms_factory;3231.24;9.90;1370.59;3.80;0
211;arms_factory;3234.00;10.57;1363.00;5.86;0
211;bunker;3214.00;10.48;1364.00;4.81;0
211;bunker;3216.00;9.98;1368.00;0.09;0
211;bunker;3220.00;10.20;1361.00;1.80;0
211;bunker;3231.00;10.05;1376.00;5.42;0
211;bunker;3240.00;9.90;1362.00;2.75;0
211;coastal_bunker;3240.26;9.50;1364.73;-4.33;0
211;coastal_bunker;3241.05;9.50;1374.10;1.43;0
211;dockyard;3238.83;9.80;1374.19;1.43;0
211;fuel_silo;3230.00;10.15;1367.00;0.25;0
211;industrial_complex;3210.00;10.40;1366.00;2.24;0
211;industrial_complex;3214.00;10.03;1372.00;1.29;0
211;industrial_complex;3219.00;10.00;1368.00;5.86;0
211;industrial_complex;3220.00;9.95;1373.00;1.63;0
211;industrial_complex;3221.00;9.90;1370.00;0.08;0
211;industrial_complex;3226.00;10.15;1365.00;4.30;0
211;naval_base;3234.00;9.60;1371.00;1.43;7906
211;naval_base;3237.78;9.70;1367.32;-4.33;7906
211;nuclear_reactor;3225.00;10.20;1362.00;2.31;0
211;radar_station;3224.00;9.93;1370.00;0.47;0
211;rocket_site;3214.00;9.93;1371.00;0.75;0
211;synthetic_refinery;3233.55;10.00;1366.34;0.14;0
212;air_base;3189.00;13.78;1359.00;0.00;0
212;anti_air_building;3167.00;12.35;1353.00;0.61;0
212;anti_air_building;3167.00;12.38;1354.00;1.12;0
212;anti_air_building;3188.00;11.35;1369.00;4.74;0
212;arms_factory;3185.00;13.70;1359.00;4.66;0
212;arms_factory;3186.00;13.68;1359.00;0.44;0
212;arms_factory;3187.00;13.57;1358.00;3.11;0
212;arms_factory;3187.00;13.57;1358.00;6.22;0
212;arms_factory;3191.00;11.07;1366.00;4.67;0
212;arms_factory;3196.00;12.60;1363.00;2.60;0
212;bunker;3168.00;12.10;1355.00;4.22;0
212;bunker;3175.00;13.32;1360.00;3.27;0
212;bunker;3185.00;12.68;1354.00;0.01;0
212;bunker;3185.00;13.70;1363.00;2.67;0
212;bunker;3187.00;11.88;1368.00;0.10;0
212;bunker;3198.85;12.00;1367.29;2.07;0
212;fuel_silo;3189.00;10.88;1369.00;5.34;0
212;industrial_complex;3186.00;11.78;1368.00;5.78;0
212;industrial_complex;3187.00;13.65;1359.00;2.51;0
212;industrial_complex;3188.00;13.60;1358.00;3.71;0
212;industrial_complex;3188.00;13.70;1359.00;3.11;0
212;industrial_complex;3191.00;11.07;1366.00;1.55;0
212;industrial_complex;3192.00;10.95;1366.00;2.16;0
212;nuclear_reactor;3170.00;11.68;1355.00;2.23;0
212;radar_station;3186.00;13.75;1362.00;6.24;0
212;rocket_site;3168.00;12.05;1353.00;5.84;0
212;synthetic_refinery;3167.00;12.35;1353.00;3.78;0
213;air_base;3316.20;9.90;1955.86;-0.80;0
213;anti_air_building;3339.00;10.10;1919.00;1.68;0
213;anti_air_building;3383.00;10.10;1948.00;3.24;0
213;anti_air_building;3418.00;9.95;1888.00;5.30;0
213;arms_factory;3290.00;10.18;1943.00;2.35;0
213;arms_factory;3317.00;11.32;1934.00;1.14;0
213;arms_factory;3325.00;10.57;1916.00;0.19;0
213;arms_factory;3405.00;10.10;1929.00;3.30;0
213;arms_factory;3414.00;10.00;1911.00;5.37;0
213;arms_factory;3420.00;10.60;1898.00;1.75;0
213;bunker;3274.00;10.60;1933.00;0.94;0
213;bunker;3290.00;10.15;1947.00;4.12;0
213;bunker;3293.00;9.78;1953.00;5.06;0
213;bunker;3296.00;10.60;1933.00;4.12;0
213;bunker;3296.00;11.07;1915.00;4.05;0
213;bunker;3298.00;10.07;1969.00;0.50;0
213;bunker;3304.00;10.48;1947.00;5.67;0
213;bunker;3310.00;10.53;1922.00;3.54;0
213;bunker;3312.00;9.95;1950.00;2.56;0
213;bunker;3318.00;9.82;1967.00;0.50;0
213;bunker;3319.00;10.35;1915.00;4.62;0
213;bunker;3321.00;10.48;1935.00;3.00;0
213;bunker;3323.00;9.90;1953.00;2.93;0
213;bunker;3324.00;10.40;1924.00;2.05;0
213;bunker;3333.00;9.98;1950.00;6.11;0
213;bunker;3334.00;9.65;1907.00;1.88;0
213;bunker;3346.00;10.15;1939.00;3.44;0
213;bunker;3349.00;10.10;1942.00;4.56;0
213;bunker;3370.00;10.43;1913.00;2.05;0
213;bunker;3371.00;10.10;1939.00;1.38;0
213;bunker;3378.00;9.80;1899.00;5.16;0
213;bunker;3383.00;10.50;1924.00;0.34;0
213;bunker;3387.00;9.75;1955.00;1.38;0
213;bunker;3400.00;10.03;1922.00;6.28;0
213;bunker;3404.00;10.50;1896.00;5.60;0
213;bunker;3406.00;10.10;1931.00;6.11;0
213;bunker;3411.00;10.60;1903.00;0.87;0
213;bunker;3419.00;10.10;1924.00;1.99;0
213;bunker;3426.00;10.65;1906.00;2.49;0
213;bunker;3445.00;9.70;1924.00;3.60;0
213;coastal_bunker;3306.00;9.50;1989.00;-3.84;0
213;coastal_bunker;3312.00;9.50;1912.00;-0.17;0
213;coastal_bunker;3324.00;9.50;1967.00;-4.09;0
213;coastal_bunker;3325.00;9.50;1903.00;-0.46;0
213;coastal_bunker;3329.00;9.55;1965.00;-3.14;0
213;coastal_bunker;3330.00;9.50;1967.00;-2.91;0
213;coastal_bunker;3358.00;9.55;1969.00;-2.88;0
213;coastal_bunker;3364.00;9.50;1892.00;-0.17;0
213;coastal_bunker;3393.00;9.50;1887.00;-0.23;0
213;coastal_bunker;3394.00;9.53;1954.00;-3.80;0
213;coastal_bunker;3419.00;9.68;1938.00;-4.21;0
213;coastal_bunker;3431.00;9.50;1890.00;0.97;0
213;coastal_bunker;3434.00;9.50;1892.00;0.71;0
213;coastal_bunker;3451.00;9.50;1914.00;-4.25;0
213;dockyard;3426.00;9.55;1936.00;-4.21;0
213;fuel_silo;3322.00;10.55;1923.00;4.84;0
213;industrial_complex;3322.00;10.55;1923.00;4.84;0
213;industrial_complex;3340.00;9.70;1969.00;4.42;0
213;industrial_complex;3343.00;10.15;1934.00;1.75;0
213;industrial_complex;3365.00;9.53;1893.00;3.81;0
213;industrial_complex;3366.00;10.50;1914.00;0.80;0
213;industrial_complex;3369.00;10.15;1938.00;2.86;0
213;naval_base;3308.00;9.57;1987.00;-3.84;5765
213;naval_base;3316.00;9.50;1912.00;-0.17;209
213;naval_base;3327.00;9.50;1965.00;-3.14;5765
213;naval_base;3328.00;9.57;1904.00;-0.46;209
213;naval_base;3329.00;9.50;1974.00;-4.09;5765
213;naval_base;3345.00;9.55;1969.00;-2.91;5765
213;naval_base;3370.00;9.50;1891.00;-0.17;209
213;naval_base;3378.00;9.68;1961.00;-3.93;8379
213;naval_base;3393.00;9.50;1887.00;-0.23;209
213;naval_base;3398.00;9.68;1950.00;-3.80;8379
213;naval_base;3414.00;9.50;1886.00;0.24;5687
213;naval_base;3421.00;9.53;1938.00;-4.21;5713
213;naval_base;3444.00;9.60;1927.00;-4.25;5713
213;naval_base;3445.00;9.57;1902.00;0.71;2679
213;nuclear_reactor;3435.00;10.00;1913.00;1.68;0
213;radar_station;3313.00;10.05;1950.00;3.74;0
213;rocket_site;3349.00;10.15;1949.00;0.13;0
213;synthetic_refinery;3403.00;9.90;1915.00;1.08;0
214;air_base;3450.00;9.70;1824.00;4.93;0
214;anti_air_building;3424.00;9.90;1837.00;3.74;0
214;anti_air_building;3472.00;9.70;1818.00;0.13;0
214;anti_air_building;3482.00;9.80;1770.00;1.68;0
214;arms_factory;3393.00;10.63;1776.00;3.30;0
214;arms_factory;3438.00;9.70;1874.00;1.14;0
214;arms_factory;3442.00;9.70;1823.00;1.75;0
214;arms_factory;3467.00;10.30;1795.00;4.42;0
214;arms_factory;3486.00;9.85;1784.00;2.35;0
214;arms_factory;3505.00;9.80;1859.00;0.19;0
214;bunker;3363.00;10.43;1806.00;4.18;0
214;bunker;3364.00;9.73;1784.00;1.52;0
214;bunker;3369.00;10.13;1799.00;2.12;0
214;bunker;3374.00;10.18;1775.00;5.74;0
214;bunker;3374.00;10.40;1790.00;4.79;0
214;bunker;3383.00;9.90;1824.00;5.67;0
214;bunker;3385.00;9.90;1775.00;5.23;0
214;bunker;3393.00;10.00;1806.00;0.06;0
214;bunker;3393.00;10.30;1793.00;5.13;0
214;bunker;3394.00;10.60;1778.00;6.11;0
214;bunker;3399.00;9.80;1799.00;1.38;0
214;bunker;3399.00;9.85;1821.00;3.54;0
214;bunker;3402.00;9.98;1760.00;2.56;0
214;bunker;3402.00;10.60;1769.00;1.61;0
214;bunker;3404.00;9.65;1838.00;3.60;0
214;bunker;3405.00;9.70;1845.00;0.34;0
214;bunker;3407.00;10.50;1785.00;0.50;0
214;bunker;3409.00;9.90;1805.00;2.93;0
214;bunker;3410.00;9.85;1802.00;0.94;0
214;bunker;3417.00;10.40;1761.00;0.50;0
214;bunker;3423.00;9.80;1834.00;2.05;0
214;bunker;3427.00;9.55;1869.00;4.49;0
214;bunker;3430.00;9.80;1795.00;4.49;0
214;bunker;3430.00;10.50;1763.00;4.62;0
214;bunker;3432.00;9.70;1829.00;2.49;0
214;bunker;3433.00;9.75;1792.00;6.11;0
214;bunker;3447.00;9.78;1811.00;5.83;0
214;bunker;3448.00;10.50;1761.00;4.56;0
214;bunker;3450.00;9.70;1829.00;3.88;0
214;bunker;3450.00;10.00;1796.00;2.05;0
214;bunker;3455.00;9.78;1807.00;4.05;0
214;bunker;3463.00;10.10;1790.00;1.99;0
214;bunker;3470.00;9.80;1883.00;5.09;0
214;bunker;3472.00;9.93;1759.00;4.28;0
214;bunker;3475.00;9.70;1819.00;6.04;0
214;bunker;3480.00;10.55;1789.00;1.38;0
214;bunker;3485.00;10.38;1761.00;6.18;0
214;bunker;3487.00;9.95;1770.00;3.44;0
214;bunker;3488.00;9.70;1862.00;0.87;0
214;bunker;3490.00;9.90;1789.00;4.12;0
214;bunker;3495.00;10.30;1810.00;5.16;0
214;bunker;3498.00;10.30;1808.00;0.43;0
214;bunker;3500.00;9.80;1775.00;1.88;0
214;bunker;3501.00;9.98;1755.00;1.01;0
214;bunker;3503.00;9.73;1858.00;5.60;0
214;bunker;3504.00;9.95;1753.00;3.00;0
214;bunker;3509.00;9.90;1760.00;4.12;0
214;bunker;3519.00;10.50;1813.00;2.93;0
214;bunker;3523.00;9.95;1755.00;2.56;0
214;bunker;3525.00;9.88;1781.00;5.06;0
214;bunker;3529.00;9.90;1766.00;6.28;0
214;coastal_bunker;3377.00;9.50;1852.00;-1.57;0
214;coastal_bunker;3378.00;9.55;1830.00;-3.31;0
214;coastal_bunker;3396.00;9.55;1829.00;-2.92;0
214;coastal_bunker;3400.00;9.50;1834.00;-1.89;0
214;coastal_bunker;3414.00;9.53;1850.00;-3.14;0
214;coastal_bunker;3434.00;9.55;1845.00;-2.36;0
214;coastal_bunker;3438.00;9.50;1849.00;-1.48;0
214;coastal_bunker;3493.00;9.60;1881.00;-3.14;0
214;dockyard;3492.00;9.68;1882.00;-3.14;0
214;fuel_silo;3452.00;10.50;1763.00;1.23;0
214;industrial_complex;3392.00;10.70;1772.00;0.80;0
214;industrial_complex;3470.00;10.40;1782.00;5.02;0
214;industrial_complex;3476.00;10.30;1802.00;0.80;0
214;industrial_complex;3492.00;10.13;1800.00;0.70;0
214;industrial_complex;3502.00;9.70;1857.00;2.86;0
214;industrial_complex;3519.00;9.73;1799.00;3.81;0
214;naval_base;3386.00;9.60;1828.00;-3.31;209
214;naval_base;3394.00;9.50;1829.00;-2.92;209
214;naval_base;3394.00;9.68;1855.00;-4.51;5687
214;naval_base;3398.00;9.50;1837.00;-1.89;209
214;naval_base;3423.00;9.60;1845.00;-3.14;5687
214;naval_base;3435.00;9.50;1849.00;-1.48;5687
214;naval_base;3435.00;9.55;1845.00;-2.36;5687
214;naval_base;3464.00;9.50;1895.00;-3.14;2679
214;nuclear_reactor;3430.00;9.70;1833.00;0.13;0
214;radar_station;3443.00;10.00;1776.00;0.74;0
214;rocket_site;3515.00;10.10;1803.00;3.75;0
214;synthetic_refinery;3496.00;10.30;1809.00;5.81;0
215;air_base;3298.00;10.28;1885.00;5.43;0
215;anti_air_building;3283.00;10.60;1884.00;2.70;0
215;anti_air_building;3287.00;10.40;1892.00;1.74;0
215;anti_air_building;3330.00;10.40;1845.00;3.90;0
215;bunker;3279.00;10.60;1865.00;2.93;0
215;bunker;3284.00;10.68;1882.00;6.11;0
215;bunker;3285.00;10.60;1847.00;3.44;0
215;bunker;3288.00;10.57;1850.00;5.60;0
215;bunker;3291.00;10.50;1875.00;3.88;0
215;bunker;3293.00;10.40;1898.00;2.05;0
215;bunker;3295.00;10.63;1908.00;5.83;0
215;bunker;3298.00;10.53;1839.00;3.30;0
215;bunker;3306.00;9.85;1842.00;0.34;0
215;bunker;3313.00;9.80;1847.00;4.49;0
215;bunker;3313.00;9.80;1860.00;1.88;0
215;bunker;3313.00;10.60;1823.00;5.96;0
215;bunker;3314.00;9.80;1882.00;0.50;0
215;bunker;3318.00;10.05;1811.00;3.60;0
215;bunker;3321.00;9.95;1837.00;1.99;0
215;bunker;3324.00;9.80;1877.00;4.05;0
215;bunker;3324.00;10.43;1823.00;5.09;0
215;bunker;3328.00;10.40;1839.00;2.05;0
215;bunker;3329.00;10.30;1861.00;1.38;0
215;fuel_silo;3282.00;10.60;1876.00;2.78;0
215;nuclear_reactor;3298.00;10.32;1849.00;3.24;0
215;radar_station;3284.00;10.68;1882.00;2.73;0
215;synthetic_refinery;3309.00;9.80;1869.00;1.52;0
216;air_base;3326.00;10.40;1794.00;3.37;0
216;anti_air_building;3317.00;10.48;1792.00;1.99;0
216;anti_air_building;3328.00;9.80;1781.00;1.88;0
216;anti_air_building;3343.00;9.50;1784.00;6.11;0
216;arms_factory;3312.00;10.20;1766.00;5.02;0
216;arms_factory;3323.00;9.98;1774.00;2.86;0
216;arms_factory;3326.00;10.30;1753.00;0.80;0
216;arms_factory;3344.00;10.13;1797.00;4.42;0
216;arms_factory;3347.00;9.50;1792.00;1.75;0
216;arms_factory;3349.00;9.82;1769.00;3.81;0
216;bunker;3311.00;10.05;1767.00;1.38;0
216;bunker;3313.00;10.40;1775.00;3.88;0
216;bunker;3319.00;10.40;1787.00;0.87;0
216;bunker;3321.00;10.30;1760.00;4.49;0
216;bunker;3325.00;9.80;1775.00;2.42;0
216;bunker;3326.00;10.30;1755.00;2.93;0
216;bunker;3326.00;10.30;1758.00;3.54;0
216;bunker;3327.00;10.18;1799.00;6.04;0
216;bunker;3333.00;9.82;1770.00;2.93;0
216;bunker;3333.00;10.28;1787.00;4.05;0
216;bunker;3335.00;9.90;1784.00;4.49;0
216;bunker;3335.00;10.03;1801.00;6.11;0
216;bunker;3341.00;9.70;1760.00;1.82;0
216;bunker;3342.00;9.50;1777.00;6.04;0
216;bunker;3344.00;9.53;1784.00;1.38;0
216;bunker;3348.00;9.93;1795.00;3.44;0
216;bunker;3349.00;10.05;1760.00;5.60;0
216;bunker;3354.00;10.10;1790.00;5.09;0
216;bunker;3358.00;10.05;1761.00;3.98;0
216;fuel_silo;3338.00;10.07;1784.00;0.62;0
216;industrial_complex;3321.00;10.40;1781.00;4.93;0
216;industrial_complex;3324.00;9.98;1778.00;0.70;0
216;industrial_complex;3329.00;9.80;1780.00;0.80;0
216;industrial_complex;3330.00;10.40;1790.00;1.31;0
216;industrial_complex;3341.00;10.13;1775.00;5.43;0
216;industrial_complex;3344.00;9.60;1791.00;5.54;0
216;nuclear_reactor;3335.00;10.40;1793.00;4.56;0
216;radar_station;3316.00;10.40;1784.00;5.16;0
216;rocket_site;3335.00;10.40;1792.00;0.43;0
216;synthetic_refinery;3356.00;10.28;1762.00;2.49;0
217;air_base;3518.00;11.05;1517.00;1.91;0
217;anti_air_building;3511.00;9.75;1499.00;0.87;0
217;anti_air_building;3523.00;10.60;1524.00;5.59;0
217;anti_air_building;3525.00;11.75;1519.00;2.93;0
217;arms_factory;3505.00;9.80;1493.00;1.74;0
217;arms_factory;3510.00;9.80;1488.00;4.41;0
217;arms_factory;3510.00;9.80;1493.00;5.97;0
217;arms_factory;3520.00;11.25;1511.00;1.39;0
217;arms_factory;3529.00;10.90;1503.00;0.19;0
217;arms_factory;3532.00;11.25;1520.00;2.35;0
217;bunker;3496.00;9.73;1496.00;3.97;0
217;bunker;3496.00;10.07;1489.00;1.31;0
217;bunker;3501.00;9.80;1489.00;6.04;0
217;bunker;3502.00;9.70;1497.00;2.42;0
217;bunker;3508.00;9.80;1500.00;4.48;0
217;bunker;3514.00;9.70;1489.00;5.09;0
217;bunker;3519.00;10.07;1505.00;4.93;0
217;bunker;3521.00;11.25;1511.00;0.86;0
217;bunker;3522.00;9.70;1499.00;0.35;0
217;bunker;3523.00;11.70;1517.00;0.36;0
217;bunker;3526.00;9.90;1494.00;3.88;0
217;bunker;3531.00;11.38;1520.00;0.26;0
217;bunker;3534.00;10.10;1512.00;3.37;0
217;fuel_silo;3504.00;9.80;1501.00;1.38;0
217;industrial_complex;3509.00;9.80;1495.00;4.42;0
217;industrial_complex;3513.00;9.70;1496.00;4.92;0
217;industrial_complex;3514.00;10.90;1513.00;0.70;0
217;industrial_complex;3517.00;9.95;1504.00;2.26;0
217;industrial_complex;3529.00;10.38;1514.00;2.86;0
217;industrial_complex;3537.00;10.75;1521.00;0.19;0
217;nuclear_reactor;3520.00;10.13;1527.00;3.44;0
217;radar_station;3513.00;9.98;1507.00;4.88;0
217;rocket_site;3529.00;10.68;1498.00;5.60;0
217;synthetic_refinery;3516.00;9.85;1503.00;4.99;0
218;air_base;3421.00;9.68;1462.00;5.23;0
218;anti_air_building;3417.00;9.70;1466.00;4.28;0
218;anti_air_building;3419.00;9.70;1471.00;1.61;0
218;anti_air_building;3423.00;9.65;1470.00;1.01;0
218;arms_factory;3403.00;9.88;1473.00;4.79;0
218;arms_factory;3409.00;9.80;1471.00;4.18;0
218;arms_factory;3421.00;9.65;1462.00;5.74;0
218;arms_factory;3424.00;9.78;1476.00;0.06;0
218;arms_factory;3427.00;9.82;1477.00;2.12;0
218;arms_factory;3429.00;9.70;1471.00;1.52;0
218;bunker;3399.00;9.55;1460.00;1.68;0
218;bunker;3408.00;9.82;1472.00;3.75;0
218;bunker;3410.00;9.80;1476.00;5.81;0
218;bunker;3411.00;9.68;1469.00;0.74;0
218;bunker;3427.00;9.57;1468.00;0.13;0
218;bunker;3430.00;9.70;1463.00;0.13;0
218;coastal_bunker;3409.00;9.50;1460.00;0.00;0
218;coastal_bunker;3417.00;9.50;1463.00;0.00;0
218;coastal_bunker;3420.00;9.50;1461.00;-1.33;0
218;dockyard;3401.00;9.50;1459.00;0.00;0
218;fuel_silo;3432.00;9.68;1474.00;3.91;0
218;industrial_complex;3406.00;9.70;1467.00;5.83;0
218;industrial_complex;3411.00;9.55;1462.00;2.56;0
218;industrial_complex;3412.00;9.75;1470.00;0.50;0
218;industrial_complex;3415.00;9.80;1471.00;4.12;0
218;industrial_complex;3429.00;9.70;1469.00;4.62;0
218;industrial_complex;3431.00;9.70;1461.00;2.56;0
218;naval_base;3409.00;9.55;1461.00;0.00;8282
218;naval_base;3418.00;9.50;1463.00;0.00;8282
218;naval_base;3419.00;9.50;1461.00;-1.33;8282
218;nuclear_reactor;3431.00;9.70;1475.00;5.98;0
218;radar_station;3393.00;9.50;1459.00;1.21;0
218;rocket_site;3423.00;9.70;1460.00;5.87;0
218;synthetic_refinery;3404.00;9.90;1478.00;3.81;0
219;anti_air_building;3391.00;10.85;1639.00;6.28;0
219;arms_factory;3395.00;10.32;1641.00;1.31;0
219;bunker;3395.00;10.48;1643.00;3.60;0
219;industrial_complex;3390.00;10.60;1645.00;0.50;0
220;air_base;3347.00;10.53;1554.00;0.80;0
220;anti_air_building;3347.00;10.50;1545.00;0.43;0
220;anti_air_building;3365.00;10.55;1557.00;5.16;0
220;anti_air_building;3382.00;10.40;1546.00;2.49;0
220;arms_factory;3354.00;10.50;1549.00;0.70;0
220;arms_factory;3359.00;10.15;1539.00;0.80;0
220;arms_factory;3360.00;10.50;1558.00;5.02;0
220;arms_factory;3365.00;9.80;1531.00;4.42;0
220;arms_factory;3371.00;9.90;1532.00;3.81;0
220;arms_factory;3375.00;10.00;1553.00;2.86;0
220;bunker;3329.00;9.80;1541.00;4.93;0
220;bunker;3343.00;10.32;1543.00;1.38;0
220;bunker;3344.00;10.32;1553.00;1.88;0
220;bunker;3352.00;10.50;1547.00;4.49;0
220;bunker;3352.00;10.50;1556.00;0.57;0
220;bunker;3355.00;10.15;1542.00;6.11;0
220;bunker;3362.00;9.90;1526.00;1.31;0
220;bunker;3362.00;10.35;1540.00;2.93;0
220;bunker;3362.00;10.50;1558.00;5.60;0
220;bunker;3367.00;9.90;1529.00;5.43;0
220;bunker;3367.00;10.35;1544.00;3.54;0
220;bunker;3370.00;9.90;1531.00;4.93;0
220;bunker;3370.00;10.00;1555.00;3.44;0
220;bunker;3373.00;9.90;1545.00;0.87;0
220;bunker;3374.00;10.05;1550.00;2.93;0
220;bunker;3379.00;10.00;1540.00;1.99;0
220;fuel_silo;3359.00;10.55;1547.00;3.90;0
220;industrial_complex;3349.00;10.50;1555.00;3.88;0
220;industrial_complex;3358.00;10.50;1555.00;4.49;0
220;industrial_complex;3367.00;10.50;1553.00;6.04;0
220;industrial_complex;3369.00;10.07;1556.00;1.82;0
220;industrial_complex;3371.00;9.95;1538.00;2.42;0
220;industrial_complex;3374.00;9.95;1544.00;3.98;0
220;nuclear_reactor;3371.00;10.00;1556.00;0.34;0
220;radar_station;3368.00;10.20;1544.00;0.94;0
220;rocket_site;3385.00;10.57;1551.00;3.60;0
220;synthetic_refinery;3345.00;10.48;1547.00;5.54;0
221;air_base;3364.00;9.80;1511.00;4.49;0
221;anti_air_building;3359.00;9.80;1501.00;6.11;0
221;anti_air_building;3362.00;9.80;1499.00;5.16;0
221;anti_air_building;3391.00;9.80;1513.00;2.49;0
221;arms_factory;3368.00;9.85;1515.00;5.54;0
221;arms_factory;3369.00;9.80;1498.00;2.42;0
221;arms_factory;3369.00;9.80;1500.00;3.37;0
221;arms_factory;3374.00;9.80;1501.00;5.43;0
221;arms_factory;3383.00;9.80;1505.00;3.98;0
221;arms_factory;3383.00;9.80;1515.00;6.04;0
221;bunker;3358.00;9.80;1515.00;2.93;0
221;bunker;3360.00;9.80;1502.00;1.99;0
221;bunker;3363.00;9.80;1506.00;3.44;0
221;bunker;3369.00;9.90;1517.00;5.60;0
221;bunker;3371.00;9.80;1493.00;1.38;0
221;bunker;3375.00;9.90;1510.00;1.88;0
221;bunker;3378.00;9.80;1504.00;1.38;0
221;bunker;3384.00;9.80;1495.00;5.73;0
221;bunker;3385.00;9.85;1521.00;2.71;0
221;bunker;3391.00;9.80;1503.00;4.05;0
221;bunker;3392.00;9.80;1522.00;5.54;0
221;bunker;3394.00;9.80;1510.00;6.11;0
221;fuel_silo;3374.00;9.80;1493.00;1.73;0
221;industrial_complex;3370.00;9.80;1503.00;6.04;0
221;industrial_complex;3374.00;9.80;1504.00;1.82;0
221;industrial_complex;3379.00;9.80;1504.00;4.49;0
221;industrial_complex;3380.00;9.90;1512.00;5.09;0
221;industrial_complex;3383.00;9.80;1508.00;3.88;0
221;industrial_complex;3385.00;9.80;1507.00;2.93;0
221;nuclear_reactor;3370.00;9.80;1498.00;3.60;0
221;radar_station;3359.00;9.80;1498.00;4.56;0
221;rocket_site;3377.00;9.80;1498.00;0.94;0
221;synthetic_refinery;3381.00;9.80;1499.00;0.43;0
222;air_base;3360.00;10.13;1574.00;3.54;0
222;anti_air_building;3370.00;10.00;1572.00;4.56;0
222;anti_air_building;3374.00;10.00;1581.00;3.60;0
222;anti_air_building;3382.00;10.00;1578.00;0.94;0
222;arms_factory;3363.00;10.10;1579.00;3.98;0
222;arms_factory;3369.00;10.00;1573.00;3.37;0
222;arms_factory;3375.00;10.10;1565.00;2.42;0
222;arms_factory;3382.00;10.10;1570.00;4.49;0
222;arms_factory;3384.00;10.28;1562.00;6.04;0
222;arms_factory;3384.00;10.48;1566.00;1.82;0
222;bunker;3357.00;10.00;1581.00;2.93;0
222;bunker;3358.00;10.07;1571.00;2.49;0
222;bunker;3360.00;9.90;1567.00;6.11;0
222;bunker;3365.00;10.10;1581.00;6.11;0
222;bunker;3371.00;10.00;1579.00;3.44;0
222;bunker;3374.00;10.05;1575.00;5.60;0
222;bunker;3375.00;10.00;1568.00;1.38;0
222;bunker;3378.00;9.95;1560.00;1.88;0
222;bunker;3379.00;10.00;1580.00;4.05;0
222;bunker;3384.00;10.48;1566.00;5.16;0
222;bunker;3387.00;10.30;1558.00;0.43;0
222;bunker;3388.00;10.00;1573.00;1.38;0
222;bunker;3389.00;10.65;1563.00;1.99;0
222;fuel_silo;3373.00;10.15;1564.00;4.40;0
222;industrial_complex;3353.00;10.05;1568.00;6.04;0
222;industrial_complex;3362.00;10.00;1569.00;2.93;0
222;industrial_complex;3371.00;10.10;1575.00;3.88;0
222;industrial_complex;3376.00;10.00;1582.00;5.09;0
222;industrial_complex;3384.00;10.43;1563.00;0.87;0
222;industrial_complex;3385.00;10.57;1563.00;4.49;0
222;nuclear_reactor;3390.00;10.00;1574.00;2.05;0
222;radar_station;3371.00;10.05;1565.00;3.00;0
222;rocket_site;3388.00;10.60;1567.00;5.67;0
222;synthetic_refinery;3394.00;10.63;1560.00;0.34;0
223;air_base;3373.00;10.03;1596.00;2.93;0
223;anti_air_building;3382.00;10.00;1590.00;5.67;0
223;anti_air_building;3387.00;10.05;1589.00;3.00;0
223;anti_air_building;3388.00;10.10;1585.00;0.34;0
223;arms_factory;3381.00;9.93;1597.00;1.82;0
223;arms_factory;3389.00;10.00;1591.00;3.88;0
223;arms_factory;3391.00;10.05;1605.00;4.49;0
223;arms_factory;3394.00;10.07;1581.00;2.42;0
223;arms_factory;3394.00;10.10;1585.00;3.98;0
223;arms_factory;3410.00;10.03;1589.00;6.04;0
223;bunker;3374.00;10.25;1604.00;3.60;0
223;bunker;3376.00;10.00;1587.00;2.49;0
223;bunker;3378.00;10.53;1599.00;5.60;0
223;bunker;3385.00;10.00;1595.00;1.88;0
223;bunker;3385.00;10.03;1601.00;5.16;0
223;bunker;3387.00;10.00;1590.00;0.43;0
223;bunker;3391.00;10.00;1586.00;4.05;0
223;bunker;3391.00;10.43;1612.00;1.38;0
223;bunker;3393.00;10.10;1598.00;6.11;0
223;bunker;3399.00;10.10;1590.00;6.11;0
223;bunker;3399.00;10.55;1607.00;3.44;0
223;bunker;3404.00;10.00;1581.00;4.56;0
223;bunker;3405.00;10.10;1587.00;1.99;0
223;fuel_silo;3403.00;10.07;1589.00;5.96;0
223;industrial_complex;3373.00;10.10;1597.00;2.93;0
223;industrial_complex;3377.00;10.57;1600.00;4.49;0
223;industrial_complex;3382.00;10.00;1591.00;3.54;0
223;industrial_complex;3383.00;10.07;1585.00;1.38;0
223;industrial_complex;3397.00;10.10;1584.00;5.09;0
223;industrial_complex;3402.00;10.10;1589.00;0.87;0
223;nuclear_reactor;3386.00;10.10;1588.00;4.12;0
223;radar_station;3381.00;9.93;1596.00;5.06;0
223;rocket_site;3399.00;10.00;1580.00;6.28;0
223;synthetic_refinery;3399.00;10.10;1597.00;2.05;0
224;air_base;3343.00;10.50;1578.00;3.44;0
224;anti_air_building;3332.00;9.82;1565.00;0.43;0
224;anti_air_building;3342.00;10.48;1559.00;5.16;0
224;anti_air_building;3348.00;10.60;1562.00;4.56;0
224;arms_factory;3334.00;10.00;1592.00;0.13;0
224;arms_factory;3339.00;10.23;1574.00;4.35;0
224;arms_factory;3341.00;10.15;1565.00;4.25;0
224;arms_factory;3343.00;10.53;1560.00;2.19;0
224;arms_factory;3344.00;10.48;1569.00;4.85;0
224;arms_factory;3352.00;9.90;1581.00;0.13;0
224;bunker;3327.00;10.00;1581.00;4.49;0
224;bunker;3329.00;9.95;1582.00;6.04;0
224;bunker;3331.00;9.90;1566.00;2.80;0
224;bunker;3333.00;9.80;1571.00;0.63;0
224;bunker;3338.00;10.23;1590.00;6.11;0
224;bunker;3339.00;10.10;1558.00;1.99;0
224;bunker;3340.00;10.30;1578.00;2.49;0
224;bunker;3340.00;10.35;1574.00;1.38;0
224;bunker;3344.00;10.48;1568.00;1.88;0
224;bunker;3352.00;10.03;1579.00;4.05;0
224;fuel_silo;3346.00;10.60;1563.00;2.34;0
224;industrial_complex;3335.00;9.80;1565.00;5.60;0
224;industrial_complex;3337.00;9.90;1567.00;0.87;0
224;industrial_complex;3341.00;10.43;1577.00;4.49;0
224;industrial_complex;3344.00;10.50;1559.00;2.93;0
224;industrial_complex;3346.00;9.93;1582.00;3.54;0
224;industrial_complex;3346.00;10.45;1578.00;1.38;0
224;nuclear_reactor;3339.00;10.00;1563.00;3.00;0
224;radar_station;3342.00;9.93;1584.00;3.60;0
224;rocket_site;3340.00;9.93;1567.00;0.34;0
224;synthetic_refinery;3336.00;10.03;1590.00;0.94;0
225;air_base;3337.00;9.80;1530.00;1.38;0
225;anti_air_building;3336.00;9.80;1534.00;2.93;0
225;anti_air_building;3347.00;9.85;1534.00;1.38;0
225;anti_air_building;3353.00;9.90;1531.00;5.60;0
225;arms_factory;3325.00;9.80;1532.00;0.87;0
225;arms_factory;3330.00;9.80;1527.00;3.88;0
225;arms_factory;3342.00;9.80;1533.00;5.09;0
225;arms_factory;3346.00;9.80;1531.00;6.04;0
225;arms_factory;3352.00;10.20;1536.00;2.93;0
225;arms_factory;3354.00;9.80;1523.00;4.49;0
225;bunker;3324.00;9.80;1540.00;0.94;0
225;bunker;3328.00;9.90;1560.00;4.56;0
225;bunker;3330.00;9.80;1548.00;1.99;0
225;bunker;3331.00;9.82;1553.00;3.60;0
225;bunker;3333.00;9.80;1528.00;1.88;0
225;bunker;3333.00;9.80;1529.00;0.43;0
225;bunker;3339.00;9.90;1537.00;4.35;0
225;bunker;3347.00;9.80;1527.00;4.05;0
225;bunker;3353.00;9.90;1532.00;2.49;0
225;bunker;3354.00;9.80;1525.00;6.11;0
225;fuel_silo;3332.00;9.80;1560.00;0.18;0
225;industrial_complex;3326.00;9.80;1528.00;4.49;0
225;industrial_complex;3333.00;9.85;1553.00;3.54;0
225;industrial_complex;3344.00;9.80;1530.00;5.09;0
225;industrial_complex;3348.00;9.85;1528.00;3.88;0
225;industrial_complex;3350.00;9.80;1520.00;0.87;0
225;industrial_complex;3350.00;9.80;1524.00;2.93;0
225;nuclear_reactor;3345.00;9.80;1529.00;0.50;0
225;radar_station;3338.00;9.80;1533.00;6.28;0
225;rocket_site;3334.00;9.80;1527.00;4.12;0
225;synthetic_refinery;3347.00;9.80;1521.00;5.06;0
226;air_base;3328.00;9.75;1475.00;4.49;0
226;anti_air_building;3341.00;9.70;1474.00;3.54;0
226;anti_air_building;3346.00;9.80;1481.00;0.27;0
226;anti_air_building;3352.00;9.78;1476.00;2.33;0
226;arms_factory;3328.00;9.70;1468.00;2.87;0
226;arms_factory;3332.00;9.80;1472.00;1.31;0
226;arms_factory;3336.00;9.70;1476.00;3.98;0
226;arms_factory;3337.00;9.75;1468.00;3.37;0
226;arms_factory;3343.00;9.70;1472.00;5.54;0
226;arms_factory;3349.00;9.78;1475.00;6.04;0
226;bunker;3326.00;9.70;1472.00;3.60;0
226;bunker;3333.00;10.35;1482.00;5.67;0
226;bunker;3333.00;10.40;1484.00;3.00;0
226;bunker;3339.00;9.70;1470.00;5.16;0
226;bunker;3343.00;9.73;1477.00;4.56;0
226;bunker;3346.00;9.82;1484.00;0.43;0
226;fuel_silo;3351.00;9.80;1479.00;1.39;0
226;industrial_complex;3329.00;9.70;1471.00;0.26;0
226;industrial_complex;3330.00;9.70;1467.00;6.04;0
226;industrial_complex;3330.00;10.25;1479.00;4.49;0
226;industrial_complex;3337.00;9.82;1481.00;2.43;0
226;industrial_complex;3341.00;10.20;1485.00;1.82;0
226;industrial_complex;3346.00;9.70;1471.00;0.37;0
226;nuclear_reactor;3332.00;10.32;1481.00;5.60;0
226;radar_station;3349.00;9.80;1480.00;2.05;0
226;rocket_site;3336.00;10.25;1485.00;2.93;0
226;synthetic_refinery;3334.00;9.75;1476.00;0.50;0
227;air_base;3396.00;9.90;1480.00;6.11;0
227;anti_air_building;3388.00;9.80;1486.00;4.12;0
227;anti_air_building;3395.00;9.90;1490.00;2.56;0
227;anti_air_building;3398.00;10.13;1495.00;6.18;0
227;arms_factory;3383.00;9.80;1486.00;5.22;0
227;arms_factory;3393.00;9.90;1487.00;0.50;0
227;arms_factory;3393.00;9.90;1494.00;4.62;0
227;arms_factory;3395.00;9.80;1468.00;0.40;0
227;arms_factory;3397.00;9.98;1495.00;5.83;0
227;arms_factory;3401.00;9.90;1487.00;3.67;0
227;bunker;3385.00;9.80;1476.00;3.60;0
227;bunker;3385.00;9.80;1479.00;0.43;0
227;bunker;3385.00;10.00;1471.00;1.38;0
227;bunker;3390.00;9.73;1463.00;0.94;0
227;bunker;3390.00;9.90;1491.00;2.05;0
227;bunker;3391.00;9.80;1467.00;4.56;0
227;bunker;3393.00;9.82;1497.00;6.28;0
227;bunker;3395.00;9.90;1478.00;6.11;0
227;bunker;3399.00;9.90;1481.00;3.30;0
227;bunker;3401.00;9.93;1488.00;3.00;0
227;bunker;3418.00;9.98;1482.00;0.63;0
227;coastal_bunker;3389.00;9.53;1457.00;0.59;0
227;dockyard;3385.00;9.50;1456.00;0.32;0
227;fuel_silo;3404.00;10.00;1486.00;4.40;0
227;industrial_complex;3381.00;9.80;1477.00;0.87;0
227;industrial_complex;3383.00;9.80;1475.00;1.38;0
227;industrial_complex;3393.00;9.90;1493.00;2.93;0
227;industrial_complex;3396.00;9.90;1482.00;3.54;0
227;industrial_complex;3397.00;9.93;1492.00;5.60;0
227;industrial_complex;3400.00;9.98;1490.00;3.44;0
227;naval_base;3390.00;9.50;1457.00;0.59;8282
227;nuclear_reactor;3392.00;9.75;1463.00;2.56;0
227;radar_station;3389.00;9.85;1488.00;4.62;0
227;rocket_site;3390.00;9.80;1481.00;5.83;0
227;synthetic_refinery;3392.00;9.80;1466.00;1.88;0
228;air_base;3418.00;10.28;1494.00;2.35;0
228;anti_air_building;3404.00;10.48;1497.00;4.12;0
228;anti_air_building;3413.00;10.45;1491.00;0.50;0
228;anti_air_building;3416.00;9.85;1511.00;2.05;0
228;arms_factory;3404.00;10.40;1500.00;1.14;0
228;arms_factory;3406.00;10.10;1509.00;1.75;0
228;arms_factory;3408.00;10.32;1503.00;3.30;0
228;arms_factory;3409.00;10.40;1500.00;4.86;0
228;arms_factory;3414.00;10.43;1496.00;1.24;0
228;arms_factory;3419.00;9.80;1508.00;5.37;0
228;bunker;3405.00;10.45;1498.00;0.34;0
228;bunker;3409.00;9.80;1514.00;4.56;0
228;bunker;3412.00;10.28;1491.00;5.67;0
228;bunker;3416.00;10.00;1498.00;0.19;0
228;bunker;3419.00;9.80;1506.00;3.60;0
228;bunker;3426.00;9.75;1498.00;1.75;0
228;fuel_silo;3426.00;9.80;1506.00;0.79;0
228;industrial_complex;3402.00;10.40;1500.00;5.90;0
228;industrial_complex;3407.00;10.15;1507.00;1.17;0
228;industrial_complex;3408.00;9.82;1510.00;0.57;0
228;industrial_complex;3408.00;10.32;1503.00;4.18;0
228;industrial_complex;3418.00;9.80;1503.00;4.69;0
228;industrial_complex;3421.00;9.80;1506.00;2.63;0
228;nuclear_reactor;3403.00;10.40;1503.00;4.42;0
228;radar_station;3406.00;10.43;1498.00;2.56;0
228;rocket_site;3407.00;10.40;1500.00;4.34;0
228;synthetic_refinery;3422.00;9.80;1506.00;6.18;0
229;air_base;3560.00;10.20;1330.00;4.71;0
229;anti_air_building;3538.00;11.03;1328.00;5.73;0
229;anti_air_building;3539.00;11.53;1343.00;0.40;0
229;anti_air_building;3546.00;10.35;1324.00;1.61;0
229;arms_factory;3540.00;11.18;1342.00;6.11;0
229;arms_factory;3550.00;13.70;1343.00;3.00;0
229;arms_factory;3555.00;14.85;1343.00;5.16;0
229;arms_factory;3556.00;11.05;1322.00;3.95;0
229;arms_factory;3556.00;11.12;1324.00;4.56;0
229;arms_factory;3559.00;14.25;1341.00;3.09;0
229;bunker;3522.00;11.40;1340.00;5.83;0
229;bunker;3533.00;11.60;1334.00;1.45;0
229;bunker;3542.00;9.95;1337.00;6.18;0
229;bunker;3545.00;10.00;1326.00;1.10;0
229;bunker;3545.00;10.88;1321.00;5.22;0
229;bunker;3557.00;11.53;1338.00;3.67;0
229;bunker;3558.00;10.32;1332.00;4.11;0
229;bunker;3562.00;10.50;1326.00;4.62;0
229;bunker;3563.00;10.30;1315.00;2.05;0
229;bunker;3563.00;13.10;1303.00;0.50;0
229;bunker;3567.00;13.55;1345.00;0.50;0
229;fuel_silo;3572.00;9.60;1310.00;3.68;0
229;industrial_complex;3542.00;15.12;1349.00;5.67;0
229;industrial_complex;3547.00;15.70;1345.00;3.60;0
229;industrial_complex;3560.00;13.25;1349.00;0.94;0
229;industrial_complex;3561.00;10.53;1327.00;1.55;0
229;industrial_complex;3562.00;10.73;1314.00;2.05;0
229;industrial_complex;3562.00;12.25;1307.00;1.44;0
229;nuclear_reactor;3572.00;9.70;1312.00;4.28;0
229;radar_station;3546.00;10.15;1325.00;0.34;0
229;rocket_site;3541.00;13.88;1347.00;4.18;0
229;synthetic_refinery;3550.00;13.90;1344.00;2.12;0
230;air_base;3493.00;13.03;1330.00;5.84;0
230;anti_air_building;3489.00;13.93;1336.00;5.15;0
230;anti_air_building;3491.00;14.78;1336.00;1.02;0
230;anti_air_building;3500.00;13.88;1333.00;0.07;0
230;arms_factory;3489.00;13.60;1333.00;5.08;0
230;arms_factory;3492.00;14.63;1333.00;2.06;0
230;arms_factory;3496.00;11.95;1326.00;5.68;0
230;arms_factory;3499.00;13.03;1330.00;0.86;0
230;arms_factory;3501.00;12.43;1322.00;0.00;0
230;arms_factory;3502.00;13.28;1328.00;4.12;0
230;bunker;3488.00;14.45;1340.00;5.24;0
230;bunker;3492.00;12.35;1328.00;1.62;0
230;bunker;3500.00;13.85;1336.00;5.74;0
230;bunker;3502.00;12.38;1324.00;2.58;0
230;fuel_silo;3498.00;15.45;1336.00;5.75;0
230;industrial_complex;3488.00;15.03;1342.00;6.19;0
230;industrial_complex;3489.00;14.70;1341.00;4.13;0
230;industrial_complex;3491.00;12.40;1328.00;4.64;0
230;industrial_complex;3492.00;15.05;1341.00;2.57;0
230;industrial_complex;3493.00;12.25;1328.00;0.51;0
230;industrial_complex;3505.00;11.85;1329.00;2.07;0
230;nuclear_reactor;3491.00;13.38;1331.00;1.53;0
230;radar_station;3487.00;13.07;1328.00;1.41;0
230;rocket_site;3494.00;13.75;1331.00;4.80;0
230;synthetic_refinery;3501.00;12.10;1336.00;3.09;0
231;air_base;3525.00;12.05;1354.00;2.49;0
231;anti_air_building;3474.00;14.63;1356.00;5.23;0
231;anti_air_building;3486.00;14.50;1357.00;1.61;0
231;anti_air_building;3491.00;12.65;1366.00;4.28;0
231;arms_factory;3461.00;12.73;1373.00;0.87;0
231;arms_factory;3465.00;13.53;1359.00;3.44;0
231;arms_factory;3470.00;13.53;1373.00;2.93;0
231;arms_factory;3474.00;14.13;1361.00;3.54;0
231;arms_factory;3513.00;12.80;1361.00;5.60;0
231;arms_factory;3515.00;11.65;1353.00;1.38;0
231;bunker;3460.00;13.03;1374.00;3.60;0
231;bunker;3462.00;11.28;1362.00;5.06;0
231;bunker;3465.00;14.28;1377.00;5.67;0
231;bunker;3469.00;14.57;1358.00;2.56;0
231;bunker;3478.00;14.73;1373.00;0.50;0
231;bunker;3482.00;14.32;1360.00;4.12;0
231;bunker;3485.00;12.43;1365.00;6.28;0
231;bunker;3489.00;15.60;1351.00;0.94;0
231;bunker;3491.00;15.90;1347.00;0.50;0
231;bunker;3492.00;14.90;1357.00;4.56;0
231;bunker;3497.00;13.65;1366.00;0.34;0
231;bunker;3506.00;10.82;1349.00;6.18;0
231;bunker;3510.00;11.75;1353.00;2.05;0
231;bunker;3513.00;11.53;1352.00;3.00;0
231;bunker;3524.00;12.00;1353.00;4.12;0
231;bunker;3525.00;12.28;1351.00;2.05;0
231;coastal_bunker;3454.00;9.55;1374.00;-1.19;0
231;coastal_bunker;3457.00;9.50;1362.00;-1.41;0
231;dockyard;3455.00;9.50;1367.00;-1.19;0
231;fuel_silo;3497.00;13.45;1350.00;5.13;0
231;industrial_complex;3458.00;11.40;1373.00;1.99;0
231;industrial_complex;3465.00;11.43;1367.00;6.11;0
231;industrial_complex;3478.00;15.48;1351.00;1.88;0
231;industrial_complex;3481.00;14.43;1360.00;6.11;0
231;industrial_complex;3484.00;12.28;1366.00;1.38;0
231;industrial_complex;3497.00;13.65;1366.00;4.05;0
231;naval_base;3455.00;9.55;1369.00;-1.19;8334
231;naval_base;3458.00;9.60;1361.00;-1.41;8334
231;nuclear_reactor;3518.00;11.57;1353.00;5.74;0
231;radar_station;3495.00;13.48;1363.00;5.35;0
231;rocket_site;3509.00;16.35;1370.00;4.18;0
231;synthetic_refinery;3507.00;12.93;1357.00;1.01;0
232;air_base;3550.00;13.85;1361.00;4.56;0
232;anti_air_building;3547.00;11.65;1372.00;0.50;0
232;anti_air_building;3547.00;12.55;1370.00;2.05;0
232;anti_air_building;3559.00;9.70;1366.00;6.18;0
232;arms_factory;3538.00;12.95;1372.00;4.64;0
232;arms_factory;3539.00;13.60;1367.00;5.60;0
232;arms_factory;3548.00;10.07;1382.00;4.05;0
232;arms_factory;3548.00;15.70;1354.00;4.04;0
232;arms_factory;3549.00;14.00;1362.00;3.44;0
232;arms_factory;3554.00;9.70;1374.00;2.48;0
232;bunker;3540.00;12.80;1371.00;0.94;0
232;bunker;3540.00;14.82;1363.00;1.55;0
232;bunker;3543.00;11.25;1393.00;3.60;0
232;bunker;3547.00;11.48;1388.00;4.71;0
232;bunker;3547.00;16.35;1349.00;1.44;0
232;bunker;3555.00;10.50;1365.00;1.45;0
232;bunker;3560.00;10.55;1358.00;4.11;0
232;fuel_silo;3533.00;17.25;1359.00;5.22;0
232;industrial_complex;3531.00;11.12;1388.00;3.09;0
232;industrial_complex;3541.00;13.43;1366.00;3.00;0
232;industrial_complex;3546.00;16.33;1350.00;0.43;0
232;industrial_complex;3550.00;15.00;1353.00;5.16;0
232;industrial_complex;3553.00;14.65;1357.00;6.11;0
232;industrial_complex;3561.00;10.35;1357.00;3.95;0
232;nuclear_reactor;3540.00;11.35;1392.00;5.83;0
232;radar_station;3547.00;11.65;1372.00;1.56;0
232;rocket_site;3532.00;13.57;1371.00;4.62;0
232;synthetic_refinery;3536.00;13.80;1368.00;1.10;0
233;air_base;3496.00;15.40;1374.00;0.45;0
233;anti_air_building;3460.00;13.12;1395.00;1.24;0
233;anti_air_building;3479.00;15.28;1390.00;5.37;0
233;anti_air_building;3503.00;15.95;1375.00;4.86;0
233;arms_factory;3450.00;13.80;1394.00;5.30;0
233;arms_factory;3459.00;16.23;1384.00;3.74;0
233;arms_factory;3460.00;14.70;1392.00;1.08;0
233;arms_factory;3466.00;16.80;1389.00;1.68;0
233;arms_factory;3466.00;17.30;1388.00;3.24;0
233;arms_factory;3483.00;16.58;1388.00;2.63;0
233;bunker;3451.00;15.15;1388.00;2.80;0
233;bunker;3464.00;15.38;1385.00;2.19;0
233;bunker;3470.00;17.13;1387.00;3.63;0
233;bunker;3475.00;15.35;1379.00;0.61;0
233;bunker;3476.00;18.05;1384.00;2.67;0
233;bunker;3484.00;16.48;1379.00;5.18;0
233;bunker;3490.00;13.60;1385.00;3.12;0
233;bunker;3499.00;10.78;1387.00;1.56;0
233;bunker;3502.00;17.88;1371.00;0.96;0
233;bunker;3507.00;10.88;1389.00;4.23;0
233;fuel_silo;3481.00;17.27;1389.00;2.68;0
233;industrial_complex;3452.00;15.45;1388.00;0.13;0
233;industrial_complex;3473.00;15.40;1378.00;0.13;0
233;industrial_complex;3485.00;18.45;1382.00;3.75;0
233;industrial_complex;3490.00;15.45;1378.00;5.81;0
233;industrial_complex;3492.00;13.20;1385.00;0.74;0
233;industrial_complex;3501.00;10.50;1389.00;1.68;0
233;nuclear_reactor;3504.00;11.25;1382.00;5.85;0
233;radar_station;3491.00;15.40;1381.00;3.49;0
233;rocket_site;3496.00;16.02;1371.00;3.19;0
233;synthetic_refinery;3497.00;12.43;1381.00;5.47;0
234;air_base;3406.00;9.53;1442.00;4.86;0
234;anti_air_building;3417.00;9.70;1441.00;1.52;0
234;anti_air_building;3432.00;9.73;1428.00;4.19;0
234;anti_air_building;3442.00;9.73;1437.00;3.68;0
234;arms_factory;3400.00;9.70;1435.00;3.24;0
234;arms_factory;3402.00;9.70;1425.00;5.81;0
234;arms_factory;3413.00;9.70;1452.00;0.13;0
234;arms_factory;3416.00;9.73;1420.00;3.74;0
234;arms_factory;3422.00;9.68;1454.00;1.08;0
234;arms_factory;3438.00;9.70;1440.00;1.68;0
234;bunker;3397.00;9.70;1425.00;0.94;0
234;bunker;3401.00;9.57;1446.00;6.11;0
234;bunker;3403.00;9.70;1435.00;1.46;0
234;bunker;3406.00;9.68;1436.00;4.12;0
234;bunker;3412.00;9.65;1454.00;2.50;0
234;bunker;3412.00;10.28;1419.00;2.93;0
234;bunker;3418.00;9.73;1446.00;3.51;0
234;bunker;3424.00;9.68;1430.00;0.27;0
234;bunker;3424.00;9.70;1447.00;5.07;0
234;bunker;3428.00;9.70;1453.00;2.49;0
234;bunker;3428.00;9.73;1442.00;4.05;0
234;bunker;3429.00;9.70;1432.00;5.60;0
234;bunker;3438.00;9.75;1430.00;5.51;0
234;bunker;3444.00;9.68;1439.00;3.54;0
234;coastal_bunker;3395.00;9.50;1425.00;-1.70;0
234;coastal_bunker;3400.00;9.53;1438.00;-2.36;0
234;coastal_bunker;3404.00;9.50;1443.00;-2.16;0
234;coastal_bunker;3406.00;9.60;1437.00;-2.36;0
234;coastal_bunker;3409.00;9.57;1454.00;-2.36;0
234;dockyard;3404.00;9.50;1443.00;-2.16;0
234;fuel_silo;3427.00;10.23;1423.00;2.13;0
234;industrial_complex;3397.00;9.70;1423.00;3.75;0
234;industrial_complex;3405.00;9.70;1446.00;0.63;0
234;industrial_complex;3405.00;9.70;1448.00;0.13;0
234;industrial_complex;3409.00;9.70;1436.00;2.19;0
234;industrial_complex;3428.00;9.70;1441.00;2.80;0
234;industrial_complex;3434.00;9.70;1437.00;0.74;0
234;naval_base;3395.00;9.50;1427.00;-1.70;8282
234;naval_base;3395.00;9.50;1428.00;-2.36;8282
234;naval_base;3405.00;9.53;1450.00;-2.16;8282
234;naval_base;3405.00;9.73;1437.00;-2.36;8282
234;naval_base;3409.00;9.57;1454.00;-2.36;8282
234;nuclear_reactor;3427.00;9.78;1426.00;5.97;0
234;radar_station;3420.00;9.70;1439.00;0.90;0
234;rocket_site;3411.00;9.70;1427.00;3.30;0
234;synthetic_refinery;3434.00;9.75;1429.00;5.37;0
236;air_base;3565.00;9.60;1442.00;4.62;0
236;anti_air_building;3554.00;9.60;1460.00;5.83;0
236;anti_air_building;3559.00;9.70;1435.00;3.67;0
236;anti_air_building;3560.00;9.60;1453.00;0.40;0
236;arms_factory;3538.00;9.75;1466.00;1.55;0
236;arms_factory;3554.00;9.60;1444.00;4.11;0
236;arms_factory;3555.00;9.60;1458.00;2.05;0
236;arms_factory;3557.00;9.60;1446.00;4.71;0
236;arms_factory;3558.00;9.60;1438.00;1.45;0
236;arms_factory;3565.00;9.60;1445.00;5.67;0
236;bunker;3527.00;9.93;1486.00;0.67;0
236;bunker;3530.00;9.85;1479.00;5.51;0
236;bunker;3537.00;10.05;1470.00;1.46;0
236;bunker;3540.00;9.70;1470.00;0.06;0
236;bunker;3551.00;9.60;1453.00;4.12;0
236;bunker;3552.00;9.60;1463.00;3.17;0
236;bunker;3558.00;9.60;1442.00;4.72;0
236;bunker;3558.00;9.60;1456.00;3.68;0
236;bunker;3560.00;9.60;1451.00;1.62;0
236;bunker;3561.00;9.70;1435.00;2.50;0
236;bunker;3568.00;9.60;1443.00;1.01;0
236;fuel_silo;3544.00;9.60;1467.00;5.73;0
236;industrial_complex;3526.00;10.40;1479.00;5.22;0
236;industrial_complex;3527.00;9.93;1486.00;0.50;0
236;industrial_complex;3535.00;10.82;1474.00;6.18;0
236;industrial_complex;3549.00;9.60;1456.00;2.05;0
236;industrial_complex;3550.00;9.60;1467.00;1.10;0
236;industrial_complex;3553.00;9.60;1450.00;0.50;0
236;nuclear_reactor;3538.00;9.90;1470.00;3.68;0
236;radar_station;3546.00;9.68;1462.00;2.21;0
236;rocket_site;3562.00;9.70;1436.00;1.17;0
236;synthetic_refinery;3543.00;9.60;1461.00;1.61;0
237;air_base;3504.00;9.70;1436.00;4.62;0
237;anti_air_building;3494.00;9.70;1447.00;2.80;0
237;anti_air_building;3517.00;10.03;1433.00;0.13;0
237;anti_air_building;3520.00;9.70;1441.00;0.63;0
237;arms_factory;3502.00;9.80;1447.00;5.67;0
237;arms_factory;3512.00;10.00;1436.00;2.05;0
237;arms_factory;3513.00;9.70;1480.00;6.28;0
237;arms_factory;3541.00;9.60;1438.00;5.06;0
237;arms_factory;3541.00;9.60;1449.00;3.00;0
237;arms_factory;3550.00;9.60;1446.00;4.12;0
237;bunker;3500.00;9.80;1432.00;1.01;0
237;bunker;3501.00;9.75;1446.00;1.52;0
237;bunker;3501.00;9.75;1466.00;3.74;0
237;bunker;3501.00;9.80;1458.00;1.68;0
237;bunker;3504.00;9.70;1442.00;2.63;0
237;bunker;3507.00;9.80;1471.00;0.74;0
237;bunker;3509.00;10.20;1431.00;4.79;0
237;bunker;3510.00;9.80;1460.00;1.61;0
237;bunker;3511.00;9.80;1478.00;1.08;0
237;bunker;3512.00;9.80;1444.00;3.24;0
237;bunker;3516.00;9.70;1474.00;0.57;0
237;bunker;3518.00;9.95;1478.00;1.68;0
237;bunker;3521.00;9.73;1458.00;3.75;0
237;bunker;3521.00;9.80;1435.00;4.79;0
237;bunker;3523.00;9.60;1453.00;3.24;0
237;bunker;3523.00;9.73;1438.00;5.74;0
237;bunker;3523.00;9.93;1425.00;0.06;0
237;bunker;3526.00;10.40;1426.00;2.12;0
237;bunker;3528.00;11.30;1434.00;5.83;0
237;bunker;3528.00;11.90;1466.00;5.23;0
237;bunker;3531.00;9.63;1457.00;5.30;0
237;bunker;3532.00;10.80;1420.00;2.73;0
237;bunker;3534.00;10.28;1439.00;5.81;0
237;bunker;3539.00;9.60;1432.00;5.13;0
237;bunker;3541.00;9.60;1456.00;2.56;0
237;bunker;3543.00;9.60;1424.00;4.18;0
237;bunker;3545.00;9.60;1436.00;4.28;0
237;bunker;3548.00;9.60;1444.00;0.13;0
237;fuel_silo;3522.00;9.93;1434.00;0.34;0
237;industrial_complex;3494.00;9.70;1445.00;0.50;0
237;industrial_complex;3501.00;9.70;1440.00;2.05;0
237;industrial_complex;3511.00;9.80;1477.00;2.56;0
237;industrial_complex;3515.00;9.70;1454.00;4.12;0
237;industrial_complex;3529.00;11.32;1445.00;0.50;0
237;industrial_complex;3531.00;10.38;1463.00;6.18;0
237;nuclear_reactor;3541.00;9.60;1456.00;5.37;0
237;radar_station;3529.00;9.88;1452.00;4.86;0
237;rocket_site;3518.00;9.85;1431.00;1.24;0
237;synthetic_refinery;3529.00;11.20;1438.00;2.19;0
238;air_base;3483.00;9.85;1478.00;2.56;0
238;anti_air_building;3456.00;9.80;1445.00;0.13;0
238;anti_air_building;3481.00;9.75;1475.00;2.80;0
238;anti_air_building;3491.00;9.80;1474.00;3.75;0
238;arms_factory;3449.00;9.82;1462.00;0.50;0
238;arms_factory;3460.00;9.85;1451.00;4.12;0
238;arms_factory;3468.00;9.80;1441.00;2.05;0
238;arms_factory;3479.00;9.70;1455.00;2.05;0
238;arms_factory;3485.00;10.23;1482.00;5.06;0
238;arms_factory;3493.00;9.80;1460.00;6.28;0
238;bunker;3437.00;9.70;1446.00;5.13;0
238;bunker;3440.00;9.70;1458.00;4.79;0
238;bunker;3446.00;9.70;1453.00;4.28;0
238;bunker;3448.00;9.80;1462.00;1.01;0
238;bunker;3449.00;9.82;1462.00;1.61;0
238;bunker;3452.00;9.75;1445.00;0.13;0
238;bunker;3457.00;10.13;1453.00;2.12;0
238;bunker;3460.00;9.73;1446.00;5.81;0
238;bunker;3462.00;9.70;1445.00;3.74;0
238;bunker;3466.00;9.70;1449.00;1.68;0
238;bunker;3466.00;9.75;1454.00;4.79;0
238;bunker;3473.00;9.70;1469.00;0.06;0
238;bunker;3475.00;9.70;1450.00;1.52;0
238;bunker;3476.00;9.80;1466.00;2.63;0
238;bunker;3478.00;9.70;1479.00;0.57;0
238;bunker;3478.00;9.80;1463.00;5.23;0
238;bunker;3480.00;9.80;1442.00;2.73;0
238;bunker;3483.00;9.78;1472.00;3.24;0
238;bunker;3487.00;9.80;1441.00;5.74;0
238;bunker;3487.00;9.80;1456.00;1.68;0
238;bunker;3490.00;10.23;1485.00;0.74;0
238;bunker;3492.00;9.80;1465.00;4.18;0
238;bunker;3493.00;9.75;1472.00;5.30;0
238;bunker;3496.00;9.80;1478.00;1.08;0
238;bunker;3500.00;9.80;1481.00;3.24;0
238;fuel_silo;3482.00;9.70;1453.00;3.36;0
238;industrial_complex;3438.00;9.70;1449.00;4.12;0
238;industrial_complex;3459.00;10.30;1455.00;0.50;0
238;industrial_complex;3469.00;10.20;1463.00;6.18;0
238;industrial_complex;3473.00;9.80;1443.00;5.83;0
238;industrial_complex;3474.00;9.80;1461.00;2.56;0
238;industrial_complex;3482.00;9.78;1474.00;4.62;0
238;nuclear_reactor;3480.00;9.80;1442.00;1.24;0
238;radar_station;3444.00;9.70;1457.00;2.19;0
238;rocket_site;3481.00;9.80;1463.00;4.86;0
238;synthetic_refinery;3477.00;9.75;1443.00;0.63;0
239;air_base;3518.00;9.95;1531.00;1.61;0
239;anti_air_building;3473.00;9.80;1546.00;2.19;0
239;anti_air_building;3487.00;9.80;1542.00;2.80;0
239;anti_air_building;3500.00;9.80;1539.00;0.63;0
239;arms_factory;3485.00;9.82;1555.00;0.50;0
239;arms_factory;3490.00;9.80;1544.00;6.18;0
239;arms_factory;3499.00;9.80;1548.00;4.12;0
239;arms_factory;3509.00;9.95;1539.00;6.28;0
239;arms_factory;3516.00;9.93;1548.00;2.05;0
239;arms_factory;3543.00;9.75;1557.00;2.56;0
239;bunker;3472.00;9.80;1551.00;0.13;0
239;bunker;3474.00;9.80;1557.00;4.28;0
239;bunker;3476.00;9.80;1540.00;2.63;0
239;bunker;3481.00;9.80;1540.00;4.79;0
239;bunker;3485.00;9.82;1555.00;3.74;0
239;bunker;3487.00;9.80;1545.00;5.74;0
239;bunker;3487.00;9.80;1558.00;1.68;0
239;bunker;3496.00;9.80;1543.00;0.13;0
239;bunker;3496.00;9.90;1557.00;5.30;0
239;bunker;3500.00;9.80;1552.00;2.73;0
239;bunker;3503.00;9.90;1546.00;5.13;0
239;bunker;3503.00;9.90;1555.00;0.06;0
239;bunker;3503.00;9.90;1560.00;1.68;0
239;bunker;3513.00;9.85;1536.00;2.12;0
239;bunker;3516.00;9.85;1539.00;3.24;0
239;bunker;3519.00;9.88;1562.00;0.74;0
239;bunker;3519.00;9.93;1533.00;0.57;0
239;bunker;3520.00;10.00;1553.00;3.24;0
239;bunker;3527.00;10.48;1559.00;5.81;0
239;bunker;3528.00;11.50;1551.00;3.75;0
239;bunker;3530.00;11.25;1557.00;4.18;0
239;bunker;3538.00;11.10;1565.00;1.08;0
239;bunker;3540.00;9.85;1558.00;4.79;0
239;bunker;3548.00;10.20;1561.00;1.01;0
239;bunker;3554.00;10.15;1565.00;1.52;0
239;fuel_silo;3533.00;11.65;1552.00;4.57;0
239;industrial_complex;3476.00;9.80;1555.00;4.62;0
239;industrial_complex;3498.00;9.90;1560.00;5.23;0
239;industrial_complex;3508.00;10.00;1555.00;4.12;0
239;industrial_complex;3515.00;9.85;1543.00;0.50;0
239;industrial_complex;3518.00;9.85;1557.00;2.56;0
239;industrial_complex;3539.00;10.40;1562.00;5.83;0
239;nuclear_reactor;3498.00;9.88;1555.00;5.47;0
239;radar_station;3509.00;10.05;1546.00;1.24;0
239;rocket_site;3481.00;9.80;1560.00;5.37;0
239;synthetic_refinery;3531.00;11.70;1555.00;4.86;0
240;air_base;3426.00;10.48;1524.00;4.62;0
240;anti_air_building;3376.00;9.90;1527.00;0.57;0
240;anti_air_building;3394.00;9.90;1526.00;1.52;0
240;anti_air_building;3410.00;9.80;1526.00;2.73;0
240;arms_factory;3398.00;10.00;1542.00;5.06;0
240;arms_factory;3404.00;9.80;1524.00;6.28;0
240;arms_factory;3404.00;9.90;1536.00;2.05;0
240;arms_factory;3408.00;9.90;1550.00;4.12;0
240;arms_factory;3418.00;9.90;1518.00;5.67;0
240;arms_factory;3426.00;9.88;1511.00;3.00;0
240;bunker;3379.00;9.90;1525.00;4.49;0
240;bunker;3384.00;9.90;1533.00;4.18;0
240;bunker;3390.00;9.95;1539.00;1.01;0
240;bunker;3392.00;9.90;1529.00;2.12;0
240;bunker;3396.00;10.05;1551.00;2.56;0
240;bunker;3397.00;9.90;1526.00;2.12;0
240;bunker;3397.00;10.00;1547.00;5.13;0
240;bunker;3402.00;10.00;1537.00;1.61;0
240;bunker;3406.00;9.80;1525.00;5.74;0
240;bunker;3409.00;9.98;1542.00;5.23;0
240;bunker;3410.00;9.95;1553.00;5.83;0
240;bunker;3410.00;10.23;1533.00;4.28;0
240;bunker;3412.00;9.98;1526.00;6.04;0
240;bunker;3413.00;9.80;1516.00;3.88;0
240;bunker;3419.00;10.45;1524.00;2.35;0
240;bunker;3423.00;9.93;1517.00;5.09;0
240;bunker;3424.00;10.50;1530.00;0.06;0
240;bunker;3426.00;10.48;1524.00;0.19;0
240;fuel_silo;3407.00;9.95;1544.00;2.41;0
240;industrial_complex;3378.00;9.90;1525.00;0.50;0
240;industrial_complex;3409.00;9.82;1519.00;0.50;0
240;industrial_complex;3410.00;9.80;1524.00;4.12;0
240;industrial_complex;3413.00;9.90;1540.00;2.05;0
240;industrial_complex;3413.00;10.25;1529.00;2.56;0
240;industrial_complex;3425.00;9.93;1514.00;6.18;0
240;nuclear_reactor;3408.00;9.80;1525.00;5.81;0
240;radar_station;3407.00;9.90;1538.00;5.74;0
240;rocket_site;3407.00;9.80;1528.00;1.68;0
240;synthetic_refinery;3399.00;9.90;1522.00;4.18;0
241;air_base;3295.00;9.80;1566.00;1.10;0
241;anti_air_building;3287.00;9.78;1565.00;4.62;0
241;anti_air_building;3290.00;9.80;1558.00;5.83;0
241;anti_air_building;3291.00;9.80;1566.00;3.67;0
241;arms_factory;3284.00;9.80;1566.00;2.05;0
241;arms_factory;3286.00;9.80;1564.00;3.60;0
241;arms_factory;3291.00;9.80;1558.00;1.55;0
241;arms_factory;3293.00;9.80;1563.00;0.94;0
241;arms_factory;3295.00;9.80;1568.00;1.44;0
241;arms_factory;3299.00;10.23;1559.00;5.67;0
241;bunker;3291.00;9.80;1561.00;0.50;0
241;bunker;3296.00;9.90;1562.00;5.22;0
241;fuel_silo;3289.00;9.80;1563.00;1.61;0
241;industrial_complex;3287.00;9.80;1559.00;6.18;0
241;industrial_complex;3290.00;9.80;1563.00;4.71;0
241;industrial_complex;3290.00;9.82;1565.00;2.05;0
241;industrial_complex;3294.00;9.80;1567.00;1.45;0
241;industrial_complex;3295.00;9.80;1563.00;4.11;0
241;industrial_complex;3295.00;9.82;1559.00;0.50;0
241;nuclear_reactor;3294.00;9.80;1565.00;3.68;0
241;radar_station;3291.00;9.80;1566.00;4.45;0
241;rocket_site;3295.00;10.18;1572.00;2.12;0
241;synthetic_refinery;3297.00;10.10;1561.00;0.40;0
242;air_base;3327.00;10.70;1631.00;4.34;0
242;anti_air_building;3317.00;10.50;1647.00;4.42;0
242;anti_air_building;3324.00;10.60;1638.00;0.80;0
242;anti_air_building;3326.00;9.95;1588.00;1.75;0
242;arms_factory;3301.00;10.00;1613.00;4.18;0
242;arms_factory;3317.00;10.65;1628.00;4.18;0
242;arms_factory;3319.00;10.63;1628.00;1.17;0
242;arms_factory;3323.00;10.60;1642.00;4.79;0
242;arms_factory;3325.00;9.90;1593.00;4.28;0
242;arms_factory;3329.00;10.53;1643.00;2.12;0
242;bunker;3297.00;10.00;1627.00;3.30;0
242;bunker;3305.00;10.10;1639.00;4.25;0
242;bunker;3306.00;10.03;1628.00;0.13;0
242;bunker;3306.00;10.05;1609.00;2.29;0
242;bunker;3311.00;10.45;1615.00;0.19;0
242;bunker;3313.00;10.32;1633.00;2.80;0
242;bunker;3313.00;10.53;1635.00;5.37;0
242;bunker;3313.00;10.60;1613.00;4.35;0
242;bunker;3314.00;10.15;1649.00;1.75;0
242;bunker;3317.00;10.60;1616.00;4.85;0
242;bunker;3317.00;10.60;1623.00;2.19;0
242;bunker;3320.00;9.90;1594.00;2.35;0
242;bunker;3322.00;10.60;1628.00;1.24;0
242;bunker;3322.00;10.60;1651.00;0.63;0
242;bunker;3323.00;9.98;1600.00;1.07;0
242;bunker;3325.00;9.90;1589.00;1.14;0
242;bunker;3326.00;10.00;1604.00;4.86;0
242;bunker;3328.00;10.60;1644.00;0.13;0
242;bunker;3329.00;10.70;1635.00;3.30;0
242;fuel_silo;3324.00;9.90;1589.00;5.02;0
242;industrial_complex;3303.00;9.93;1630.00;5.30;0
242;industrial_complex;3303.00;10.00;1611.00;0.57;0
242;industrial_complex;3314.00;10.60;1624.00;4.69;0
242;industrial_complex;3316.00;10.55;1624.00;1.68;0
242;industrial_complex;3321.00;9.90;1600.00;2.63;0
242;industrial_complex;3321.00;10.60;1628.00;5.90;0
242;nuclear_reactor;3324.00;10.00;1608.00;0.80;0
242;radar_station;3313.00;10.65;1622.00;3.88;0
242;rocket_site;3326.00;10.60;1638.00;0.70;0
242;synthetic_refinery;3306.00;10.00;1615.00;3.81;0
243;air_base;3310.00;9.90;1599.00;1.07;0
243;anti_air_building;3293.00;9.98;1605.00;2.35;0
243;anti_air_building;3296.00;9.80;1582.00;0.19;0
243;anti_air_building;3299.00;9.90;1600.00;1.14;0
243;arms_factory;3281.00;9.80;1580.00;4.28;0
243;arms_factory;3283.00;10.00;1606.00;4.18;0
243;arms_factory;3287.00;10.00;1613.00;2.12;0
243;arms_factory;3291.00;9.80;1592.00;0.57;0
243;arms_factory;3300.00;9.85;1594.00;1.17;0
243;arms_factory;3308.00;9.88;1590.00;4.79;0
243;bunker;3279.00;10.00;1615.00;5.37;0
243;bunker;3281.00;9.80;1570.00;2.80;0
243;bunker;3282.00;9.95;1605.00;0.13;0
243;bunker;3285.00;9.88;1598.00;4.35;0
243;bunker;3286.00;9.80;1576.00;0.13;0
243;bunker;3287.00;9.80;1586.00;0.63;0
243;bunker;3287.00;10.00;1611.00;4.86;0
243;bunker;3291.00;9.80;1592.00;4.25;0
243;bunker;3291.00;10.00;1615.00;2.19;0
243;bunker;3293.00;9.80;1582.00;2.29;0
243;bunker;3297.00;9.88;1597.00;1.75;0
243;bunker;3300.00;9.80;1584.00;3.30;0
243;bunker;3309.00;9.90;1600.00;4.85;0
243;bunker;3312.00;9.88;1590.00;3.30;0
243;bunker;3314.00;9.90;1585.00;1.24;0
243;fuel_silo;3296.00;9.90;1600.00;4.42;0
243;industrial_complex;3284.00;9.80;1595.00;1.68;0
243;industrial_complex;3286.00;9.80;1573.00;4.34;0
243;industrial_complex;3287.00;9.80;1595.00;4.69;0
243;industrial_complex;3296.00;9.80;1582.00;5.30;0
243;industrial_complex;3297.00;9.80;1594.00;5.90;0
243;industrial_complex;3304.00;9.90;1600.00;2.63;0
243;nuclear_reactor;3290.00;10.00;1612.00;5.02;0
243;radar_station;3295.00;9.82;1597.00;1.71;0
243;rocket_site;3293.00;9.80;1582.00;3.81;0
243;synthetic_refinery;3293.00;10.00;1612.00;1.75;0
244;air_base;3313.00;10.30;1717.00;2.73;0
244;anti_air_building;3305.00;10.30;1725.00;0.13;0
244;anti_air_building;3310.00;10.30;1708.00;1.68;0
244;anti_air_building;3321.00;10.30;1724.00;3.74;0
244;arms_factory;3295.00;10.30;1718.00;4.28;0
244;arms_factory;3300.00;10.30;1727.00;5.23;0
244;arms_factory;3304.00;10.30;1733.00;5.13;0
244;arms_factory;3305.00;10.30;1732.00;2.56;0
244;arms_factory;3313.00;10.30;1709.00;1.61;0
244;arms_factory;3315.00;9.90;1736.00;1.01;0
244;bunker;3296.00;10.30;1721.00;3.24;0
244;bunker;3300.00;10.30;1722.00;2.63;0
244;bunker;3310.00;10.30;1728.00;1.08;0
244;bunker;3313.00;10.30;1713.00;4.79;0
244;bunker;3314.00;10.30;1714.00;0.57;0
244;bunker;3315.00;10.30;1720.00;1.68;0
244;bunker;3317.00;10.30;1727.00;5.30;0
244;bunker;3321.00;10.23;1734.00;3.24;0
244;fuel_silo;3309.00;10.30;1704.00;0.85;0
244;industrial_complex;3293.00;10.30;1719.00;5.74;0
244;industrial_complex;3300.00;10.30;1728.00;0.06;0
244;industrial_complex;3305.00;10.30;1717.00;4.18;0
244;industrial_complex;3305.00;10.30;1734.00;1.52;0
244;industrial_complex;3316.00;9.78;1737.00;2.12;0
244;industrial_complex;3324.00;10.30;1722.00;4.79;0
244;nuclear_reactor;3304.00;10.30;1726.00;0.13;0
244;radar_station;3316.00;10.13;1735.00;0.74;0
244;rocket_site;3318.00;10.30;1729.00;3.75;0
244;synthetic_refinery;3324.00;10.40;1715.00;5.81;0
245;air_base;3468.00;9.70;1478.00;3.54;0
245;anti_air_building;3439.00;9.82;1490.00;3.51;0
245;anti_air_building;3465.00;9.75;1481.00;4.72;0
245;anti_air_building;3472.00;10.00;1498.00;1.46;0
245;arms_factory;3434.00;9.80;1498.00;1.31;0
245;arms_factory;3440.00;9.70;1471.00;6.04;0
245;arms_factory;3447.00;10.28;1483.00;3.98;0
245;arms_factory;3459.00;9.80;1481.00;4.49;0
245;arms_factory;3461.00;10.40;1505.00;1.82;0
245;arms_factory;3476.00;9.78;1484.00;3.37;0
245;bunker;3423.00;9.90;1494.00;5.07;0
245;bunker;3430.00;9.90;1481.00;4.05;0
245;bunker;3432.00;9.95;1489.00;1.99;0
245;bunker;3436.00;9.95;1508.00;2.50;0
245;bunker;3437.00;9.70;1467.00;6.28;0
245;bunker;3437.00;9.80;1505.00;2.93;0
245;bunker;3439.00;9.80;1492.00;6.11;0
245;bunker;3440.00;9.80;1495.00;4.12;0
245;bunker;3442.00;9.90;1483.00;0.43;0
245;bunker;3446.00;9.82;1503.00;0.27;0
245;bunker;3451.00;9.80;1488.00;6.21;0
245;bunker;3451.00;10.35;1477.00;5.00;0
245;bunker;3452.00;9.80;1496.00;0.43;0
245;bunker;3454.00;10.07;1482.00;3.00;0
245;bunker;3456.00;9.98;1498.00;5.60;0
245;bunker;3456.00;10.30;1471.00;4.21;0
245;bunker;3464.00;9.70;1472.00;4.56;0
245;bunker;3468.00;9.78;1480.00;0.94;0
245;bunker;3469.00;9.80;1487.00;3.45;0
245;bunker;3469.00;9.95;1500.00;5.16;0
245;bunker;3471.00;10.00;1499.00;5.51;0
245;bunker;3475.00;9.73;1484.00;2.49;0
245;bunker;3483.00;10.03;1502.00;0.94;0
245;bunker;3485.00;9.93;1495.00;5.67;0
245;fuel_silo;3446.00;9.70;1469.00;0.50;0
245;industrial_complex;3438.00;10.00;1483.00;6.04;0
245;industrial_complex;3440.00;9.98;1510.00;0.37;0
245;industrial_complex;3443.00;9.80;1496.00;0.26;0
245;industrial_complex;3461.00;9.80;1495.00;2.33;0
245;industrial_complex;3475.00;9.98;1495.00;2.43;0
245;industrial_complex;3483.00;9.90;1498.00;4.49;0
245;nuclear_reactor;3439.00;9.70;1466.00;2.57;0
245;radar_station;3456.00;9.80;1490.00;3.07;0
245;rocket_site;3438.00;9.80;1492.00;6.18;0
245;synthetic_refinery;3464.00;9.80;1490.00;4.12;0
246;anti_air_building;3328.00;10.30;1677.00;5.43;0
246;anti_air_building;3342.00;10.60;1654.00;5.54;0
246;anti_air_building;3346.00;10.60;1647.00;3.37;0
246;arms_factory;3324.00;10.13;1676.00;2.29;0
246;arms_factory;3327.00;10.60;1671.00;4.25;0
246;arms_factory;3328.00;10.10;1664.00;0.13;0
246;arms_factory;3332.00;10.70;1684.00;4.34;0
246;arms_factory;3332.00;10.70;1684.00;4.35;0
246;arms_factory;3336.00;10.63;1685.00;1.07;0
246;bunker;3312.00;10.93;1658.00;5.37;0
246;bunker;3316.00;10.10;1677.00;0.80;0
246;bunker;3320.00;10.55;1665.00;0.80;0
246;bunker;3329.00;10.65;1651.00;4.42;0
246;bunker;3331.00;10.20;1677.00;0.19;0
246;bunker;3336.00;10.50;1658.00;1.14;0
246;bunker;3337.00;10.70;1677.00;3.30;0
246;bunker;3338.00;10.65;1650.00;2.86;0
246;bunker;3339.00;10.10;1687.00;1.31;0
246;bunker;3339.00;10.70;1665.00;1.75;0
246;bunker;3340.00;10.60;1647.00;4.93;0
246;bunker;3344.00;10.43;1655.00;1.75;0
246;bunker;3345.00;10.70;1675.00;2.35;0
246;bunker;3348.00;9.90;1686.00;3.81;0
246;bunker;3351.00;10.55;1646.00;5.02;0
246;fuel_silo;3344.00;10.70;1676.00;2.42;0
246;industrial_complex;3314.00;11.28;1662.00;2.80;0
246;industrial_complex;3328.00;10.10;1664.00;0.13;0
246;industrial_complex;3347.00;9.90;1687.00;4.85;0
246;industrial_complex;3354.00;10.60;1647.00;0.63;0
246;industrial_complex;3355.00;10.60;1649.00;2.19;0
246;industrial_complex;3355.00;10.60;1649.00;3.30;0
246;nuclear_reactor;3347.00;10.60;1666.00;4.49;0
246;radar_station;3333.00;10.55;1666.00;5.59;0
246;rocket_site;3343.00;10.57;1654.00;1.82;0
246;synthetic_refinery;3349.00;10.60;1648.00;6.04;0
247;air_base;3382.00;10.32;1672.00;1.68;0
247;anti_air_building;3366.00;10.45;1691.00;3.81;0
247;anti_air_building;3373.00;10.40;1674.00;3.91;0
247;anti_air_building;3385.00;10.38;1678.00;5.97;0
247;arms_factory;3357.00;10.10;1689.00;2.12;0
247;arms_factory;3366.00;10.45;1672.00;4.18;0
247;arms_factory;3367.00;10.40;1694.00;1.52;0
247;arms_factory;3369.00;10.50;1680.00;0.06;0
247;arms_factory;3375.00;10.45;1665.00;4.79;0
247;arms_factory;3377.00;10.40;1671.00;5.74;0
247;bunker;3353.00;9.90;1691.00;0.74;0
247;bunker;3359.00;10.60;1680.00;1.68;0
247;bunker;3360.00;10.48;1695.00;2.80;0
247;bunker;3364.00;9.88;1662.00;5.81;0
247;bunker;3364.00;10.10;1655.00;3.30;0
247;bunker;3365.00;10.45;1672.00;2.19;0
247;bunker;3369.00;10.40;1697.00;1.24;0
247;bunker;3373.00;10.50;1681.00;3.75;0
247;bunker;3380.00;10.40;1666.00;1.08;0
247;bunker;3381.00;10.40;1663.00;0.13;0
247;bunker;3381.00;10.60;1654.00;3.74;0
247;bunker;3382.00;10.40;1677.00;4.86;0
247;bunker;3387.00;10.43;1696.00;5.37;0
247;bunker;3389.00;10.40;1661.00;3.37;0
247;bunker;3389.00;10.40;1679.00;0.63;0
247;bunker;3390.00;10.15;1667.00;3.24;0
247;bunker;3394.00;10.15;1670.00;0.13;0
247;bunker;3395.00;10.25;1666.00;5.47;0
247;fuel_silo;3357.00;10.50;1677.00;2.92;0
247;industrial_complex;3358.00;10.25;1692.00;2.73;0
247;industrial_complex;3374.00;10.40;1660.00;4.79;0
247;industrial_complex;3383.00;10.43;1662.00;3.24;0
247;industrial_complex;3384.00;10.07;1696.00;0.57;0
247;industrial_complex;3391.00;10.13;1672.00;5.30;0
247;industrial_complex;3392.00;10.38;1676.00;2.63;0
247;nuclear_reactor;3376.00;10.40;1669.00;3.81;0
247;radar_station;3378.00;10.43;1659.00;5.87;0
247;rocket_site;3373.00;10.40;1672.00;5.98;0
247;synthetic_refinery;3362.00;10.60;1678.00;1.75;0
248;air_base;3406.00;10.30;1679.00;1.08;0
248;anti_air_building;3400.00;10.40;1682.00;2.26;0
248;anti_air_building;3420.00;9.90;1670.00;4.42;0
248;anti_air_building;3455.00;10.40;1692.00;2.87;0
248;arms_factory;3396.00;10.40;1680.00;5.74;0
248;arms_factory;3405.00;9.80;1669.00;2.12;0
248;arms_factory;3415.00;10.30;1695.00;2.73;0
248;arms_factory;3416.00;10.30;1702.00;4.79;0
248;arms_factory;3416.00;10.40;1687.00;1.52;0
248;arms_factory;3435.00;9.80;1681.00;0.57;0
248;bunker;3393.00;10.50;1691.00;3.81;0
248;bunker;3394.00;10.50;1690.00;0.20;0
248;bunker;3400.00;9.80;1674.00;2.19;0
248;bunker;3402.00;9.82;1675.00;3.74;0
248;bunker;3403.00;10.40;1705.00;1.92;0
248;bunker;3408.00;10.40;1688.00;3.30;0
248;bunker;3410.00;9.90;1666.00;0.13;0
248;bunker;3411.00;9.50;1703.00;0.63;0
248;bunker;3411.00;10.25;1693.00;5.81;0
248;bunker;3411.00;10.48;1681.00;1.68;0
248;bunker;3414.00;10.00;1662.00;5.47;0
248;bunker;3417.00;10.00;1662.00;5.37;0
248;bunker;3420.00;10.40;1690.00;0.74;0
248;bunker;3424.00;10.00;1696.00;5.98;0
248;bunker;3425.00;10.45;1674.00;4.86;0
248;bunker;3426.00;10.43;1688.00;0.13;0
248;bunker;3427.00;10.20;1693.00;3.75;0
248;bunker;3429.00;9.85;1699.00;5.97;0
248;bunker;3435.00;9.95;1673.00;1.24;0
248;bunker;3437.00;10.40;1694.00;5.87;0
248;bunker;3439.00;10.43;1698.00;3.91;0
248;bunker;3441.00;9.82;1685.00;1.75;0
248;bunker;3441.00;9.95;1676.00;3.81;0
248;bunker;3454.00;10.15;1686.00;2.80;0
248;fuel_silo;3421.00;10.50;1678.00;5.58;0
248;industrial_complex;3405.00;10.00;1697.00;4.79;0
248;industrial_complex;3411.00;10.40;1687.00;1.68;0
248;industrial_complex;3419.00;10.45;1685.00;2.63;0
248;industrial_complex;3428.00;10.40;1676.00;3.24;0
248;industrial_complex;3439.00;10.23;1673.00;5.30;0
248;industrial_complex;3444.00;10.40;1699.00;3.24;0
248;nuclear_reactor;3425.00;10.40;1691.00;5.54;0
248;radar_station;3436.00;10.40;1696.00;1.31;0
248;rocket_site;3414.00;10.10;1699.00;2.87;0
248;synthetic_refinery;3437.00;10.50;1699.00;3.47;0
249;air_base;3601.00;10.32;1618.00;0.13;0
249;anti_air_building;3582.00;10.23;1643.00;1.31;0
249;anti_air_building;3599.00;10.35;1637.00;6.04;0
249;anti_air_building;3605.00;10.40;1621.00;3.37;0
249;arms_factory;3574.00;9.80;1634.00;4.79;0
249;arms_factory;3576.00;9.80;1634.00;0.57;0
249;arms_factory;3582.00;10.10;1645.00;3.24;0
249;arms_factory;3599.00;10.38;1643.00;2.73;0
249;arms_factory;3601.00;10.40;1643.00;4.79;0
249;arms_factory;3630.00;10.07;1612.00;1.52;0
249;bunker;3555.00;10.68;1618.00;5.54;0
249;bunker;3559.00;9.85;1638.00;1.24;0
249;bunker;3562.00;10.50;1635.00;3.81;0
249;bunker;3566.00;10.50;1622.00;2.26;0
249;bunker;3569.00;10.05;1629.00;2.19;0
249;bunker;3574.00;9.70;1622.00;1.31;0
249;bunker;3582.00;10.32;1641.00;2.87;0
249;bunker;3583.00;10.30;1635.00;5.47;0
249;bunker;3584.00;9.82;1625.00;5.97;0
249;bunker;3584.00;10.28;1646.00;1.68;0
249;bunker;3586.00;10.43;1613.00;3.47;0
249;bunker;3593.00;10.10;1623.00;3.75;0
249;bunker;3593.00;10.32;1614.00;5.37;0
249;bunker;3594.00;9.80;1638.00;4.86;0
249;bunker;3596.00;9.88;1637.00;3.81;0
249;bunker;3600.00;10.40;1646.00;0.20;0
249;bunker;3603.00;10.30;1615.00;0.13;0
249;bunker;3605.00;10.40;1622.00;1.75;0
249;bunker;3607.00;10.40;1615.00;0.74;0
249;bunker;3611.00;10.48;1634.00;5.87;0
249;bunker;3618.00;10.38;1629.00;5.81;0
249;bunker;3619.00;10.40;1611.00;3.91;0
249;bunker;3626.00;9.85;1624.00;3.30;0
249;bunker;3626.00;10.15;1610.00;2.80;0
249;bunker;3631.00;10.00;1633.00;0.63;0
249;bunker;3632.00;10.07;1635.00;5.98;0
249;bunker;3633.00;9.88;1622.00;2.87;0
249;bunker;3638.00;9.90;1613.00;4.42;0
249;fuel_silo;3614.00;10.60;1641.00;0.86;0
249;industrial_complex;3583.00;10.25;1646.00;1.08;0
249;industrial_complex;3584.00;10.25;1645.00;5.30;0
249;industrial_complex;3598.00;10.20;1618.00;2.63;0
249;industrial_complex;3599.00;10.15;1618.00;3.24;0
249;industrial_complex;3600.00;10.00;1623.00;3.74;0
249;industrial_complex;3603.00;10.43;1643.00;1.68;0
249;nuclear_reactor;3597.00;9.93;1622.00;6.04;0
249;radar_station;3601.00;10.50;1637.00;1.82;0
249;rocket_site;3570.00;9.85;1644.00;4.49;0
249;synthetic_refinery;3607.00;10.40;1621.00;3.98;0
250;air_base;3546.00;11.23;1576.00;4.42;0
250;anti_air_building;3532.00;10.78;1601.00;3.54;0
250;anti_air_building;3545.00;11.25;1599.00;2.93;0
250;anti_air_building;3561.00;11.07;1597.00;0.27;0
250;arms_factory;3510.00;9.90;1612.00;5.97;0
250;arms_factory;3528.00;10.25;1595.00;5.47;0
250;arms_factory;3531.00;10.55;1592.00;5.37;0
250;arms_factory;3539.00;10.05;1578.00;3.30;0
250;arms_factory;3540.00;10.20;1587.00;3.81;0
250;arms_factory;3559.00;11.43;1599.00;3.91;0
250;bunker;3511.00;9.93;1611.00;6.04;0
250;bunker;3520.00;10.15;1616.00;3.98;0
250;bunker;3521.00;10.73;1606.00;0.37;0
250;bunker;3527.00;10.68;1608.00;1.82;0
250;bunker;3533.00;10.63;1594.00;6.04;0
250;bunker;3533.00;10.65;1599.00;2.33;0
250;bunker;3537.00;10.82;1609.00;1.31;0
250;bunker;3539.00;9.90;1585.00;0.26;0
250;bunker;3544.00;10.68;1572.00;2.43;0
250;bunker;3545.00;11.23;1602.00;2.87;0
250;bunker;3548.00;11.48;1601.00;5.54;0
250;bunker;3550.00;10.68;1582.00;4.49;0
250;bunker;3551.00;11.25;1593.00;3.47;0
250;bunker;3552.00;11.55;1603.00;4.49;0
250;bunker;3553.00;11.38;1587.00;3.37;0
250;bunker;3557.00;10.53;1583.00;1.31;0
250;bunker;3559.00;10.05;1575.00;2.26;0
250;fuel_silo;3552.00;10.35;1579.00;1.99;0
250;industrial_complex;3516.00;10.25;1607.00;5.87;0
250;industrial_complex;3534.00;10.50;1599.00;5.98;0
250;industrial_complex;3536.00;10.60;1598.00;0.20;0
250;industrial_complex;3539.00;10.78;1592.00;2.87;0
250;industrial_complex;3541.00;9.80;1584.00;3.81;0
250;industrial_complex;3552.00;11.45;1609.00;1.75;0
250;nuclear_reactor;3529.00;10.38;1591.00;4.05;0
250;radar_station;3538.00;10.78;1595.00;4.51;0
250;rocket_site;3551.00;11.55;1603.00;6.21;0
250;synthetic_refinery;3533.00;10.68;1595.00;5.60;0
251;air_base;3574.00;11.05;1588.00;1.31;0
251;arms_factory;3579.00;9.78;1567.00;3.91;0
251;arms_factory;3593.00;10.10;1588.00;5.98;0
251;arms_factory;3604.00;9.70;1570.00;5.87;0
251;arms_factory;3605.00;10.40;1601.00;3.81;0
251;arms_factory;3608.00;9.70;1573.00;1.75;0
251;arms_factory;3608.00;10.40;1604.00;5.97;0
251;bunker;3561.00;10.13;1609.00;4.49;0
251;bunker;3565.00;9.80;1568.00;3.98;0
251;bunker;3569.00;9.75;1566.00;1.31;0
251;bunker;3569.00;10.13;1578.00;6.04;0
251;bunker;3571.00;9.75;1595.00;2.43;0
251;bunker;3571.00;10.40;1591.00;3.54;0
251;bunker;3574.00;9.98;1608.00;4.49;0
251;bunker;3577.00;10.20;1586.00;1.82;0
251;bunker;3583.00;10.25;1595.00;6.04;0
251;bunker;3585.00;9.73;1580.00;5.60;0
251;bunker;3586.00;9.73;1561.00;6.21;0
251;bunker;3588.00;9.70;1572.00;2.33;0
251;bunker;3591.00;9.95;1586.00;5.54;0
251;bunker;3594.00;9.80;1565.00;4.05;0
251;bunker;3595.00;9.70;1561.00;5.00;0
251;bunker;3598.00;9.82;1573.00;0.37;0
251;bunker;3603.00;10.30;1606.00;1.99;0
251;bunker;3604.00;10.32;1597.00;2.87;0
251;bunker;3609.00;9.80;1583.00;0.27;0
251;bunker;3611.00;9.90;1594.00;2.93;0
251;bunker;3612.00;10.53;1602.00;0.26;0
251;fuel_silo;3560.00;10.60;1606.00;5.51;0
251;industrial_complex;3572.00;9.78;1612.00;0.20;0
251;industrial_complex;3574.00;10.60;1585.00;2.87;0
251;industrial_complex;3581.00;10.32;1590.00;3.81;0
251;industrial_complex;3588.00;9.70;1573.00;4.42;0
251;industrial_complex;3591.00;9.80;1564.00;2.26;0
251;industrial_complex;3614.00;9.80;1586.00;3.47;0
251;nuclear_reactor;3586.00;9.70;1576.00;0.94;0
251;radar_station;3591.00;9.80;1584.00;0.70;0
251;rocket_site;3605.00;10.28;1608.00;4.56;0
251;synthetic_refinery;3603.00;9.80;1592.00;2.49;0
252;air_base;3460.00;10.40;1640.00;2.80;0
252;anti_air_building;3493.00;10.38;1659.00;5.60;0
252;anti_air_building;3502.00;9.80;1672.00;1.99;0
252;anti_air_building;3505.00;9.78;1670.00;5.00;0
252;arms_factory;3475.00;9.80;1616.00;5.30;0
252;arms_factory;3500.00;9.90;1663.00;1.68;0
252;arms_factory;3502.00;10.45;1657.00;3.24;0
252;arms_factory;3510.00;10.05;1651.00;3.74;0
252;arms_factory;3513.00;9.90;1639.00;2.63;0
252;arms_factory;3515.00;10.23;1656.00;1.08;0
252;bunker;3460.00;10.40;1631.00;6.04;0
252;bunker;3465.00;10.40;1629.00;2.33;0
252;bunker;3466.00;10.03;1622.00;3.98;0
252;bunker;3469.00;9.80;1642.00;3.54;0
252;bunker;3474.00;9.80;1641.00;0.26;0
252;bunker;3477.00;9.88;1642.00;3.30;0
252;bunker;3478.00;9.80;1620.00;3.47;0
252;bunker;3478.00;9.80;1648.00;2.87;0
252;bunker;3478.00;9.82;1629.00;1.82;0
252;bunker;3480.00;9.80;1655.00;5.37;0
252;bunker;3483.00;9.80;1626.00;2.43;0
252;bunker;3486.00;10.40;1668.00;5.98;0
252;bunker;3489.00;10.30;1664.00;3.81;0
252;bunker;3492.00;9.90;1637.00;2.87;0
252;bunker;3494.00;9.98;1653.00;0.20;0
252;bunker;3494.00;10.00;1620.00;1.31;0
252;bunker;3495.00;9.90;1637.00;6.04;0
252;bunker;3496.00;9.90;1633.00;4.42;0
252;bunker;3496.00;9.90;1648.00;4.86;0
252;bunker;3496.00;10.00;1611.00;5.47;0
252;bunker;3496.00;10.00;1614.00;1.75;0
252;bunker;3498.00;9.80;1670.00;3.91;0
252;bunker;3502.00;9.80;1651.00;3.81;0
252;bunker;3505.00;9.98;1619.00;0.37;0
252;bunker;3506.00;9.82;1670.00;4.49;0
252;bunker;3506.00;10.00;1618.00;0.27;0
252;bunker;3507.00;9.90;1629.00;1.24;0
252;bunker;3508.00;9.90;1646.00;5.87;0
252;bunker;3509.00;9.80;1636.00;2.93;0
252;bunker;3509.00;9.80;1675.00;0.63;0
252;bunker;3513.00;10.40;1654.00;4.49;0
252;bunker;3517.00;9.90;1639.00;5.97;0
252;bunker;3517.00;9.90;1647.00;2.26;0
252;bunker;3517.00;10.00;1630.00;5.54;0
252;bunker;3518.00;9.80;1674.00;3.37;0
252;bunker;3520.00;9.95;1625.00;1.31;0
252;bunker;3522.00;10.40;1663.00;2.19;0
252;fuel_silo;3491.00;9.95;1618.00;4.03;0
252;industrial_complex;3468.00;10.38;1634.00;0.13;0
252;industrial_complex;3484.00;9.80;1652.00;3.75;0
252;industrial_complex;3484.00;10.07;1635.00;5.81;0
252;industrial_complex;3491.00;9.90;1641.00;0.74;0
252;industrial_complex;3506.00;9.95;1640.00;1.68;0
252;industrial_complex;3518.00;10.00;1626.00;0.13;0
252;nuclear_reactor;3483.00;9.80;1648.00;3.45;0
252;radar_station;3486.00;9.82;1628.00;4.05;0
252;rocket_site;3506.00;9.85;1636.00;0.43;0
252;synthetic_refinery;3509.00;9.90;1630.00;6.21;0
253;air_base;3457.00;9.80;1667.00;2.19;0
253;anti_air_building;3432.00;9.80;1648.00;3.54;0
253;anti_air_building;3443.00;10.05;1652.00;2.33;0
253;anti_air_building;3472.00;9.80;1677.00;0.27;0
253;arms_factory;3423.00;9.90;1658.00;1.08;0
253;arms_factory;3440.00;9.80;1640.00;0.13;0
253;arms_factory;3446.00;10.25;1664.00;3.24;0
253;arms_factory;3456.00;10.32;1627.00;1.68;0
253;arms_factory;3460.00;10.40;1650.00;3.74;0
253;arms_factory;3466.00;9.80;1669.00;1.68;0
253;bunker;3408.00;10.32;1645.00;6.04;0
253;bunker;3415.00;10.30;1644.00;5.98;0
253;bunker;3417.00;9.85;1650.00;3.98;0
253;bunker;3423.00;9.90;1657.00;0.37;0
253;bunker;3426.00;10.05;1648.00;3.81;0
253;bunker;3432.00;10.03;1665.00;2.43;0
253;bunker;3434.00;9.80;1630.00;3.37;0
253;bunker;3435.00;9.80;1639.00;2.26;0
253;bunker;3435.00;9.88;1657.00;3.30;0
253;bunker;3437.00;9.80;1643.00;4.86;0
253;bunker;3439.00;9.80;1628.00;1.31;0
253;bunker;3439.00;10.50;1662.00;4.49;0
253;bunker;3440.00;10.45;1664.00;5.97;0
253;bunker;3441.00;9.80;1645.00;0.26;0
253;bunker;3444.00;9.80;1634.00;5.87;0
253;bunker;3444.00;9.80;1640.00;0.20;0
253;bunker;3449.00;9.80;1670.00;3.47;0
253;bunker;3451.00;9.80;1633.00;4.49;0
253;bunker;3451.00;10.35;1654.00;1.75;0
253;bunker;3453.00;9.82;1628.00;3.81;0
253;bunker;3453.00;10.10;1648.00;3.91;0
253;bunker;3455.00;10.40;1657.00;4.42;0
253;bunker;3458.00;10.05;1679.00;2.87;0
253;bunker;3460.00;10.40;1657.00;5.37;0
253;bunker;3463.00;9.80;1665.00;5.47;0
253;bunker;3466.00;9.80;1672.00;1.31;0
253;bunker;3471.00;10.03;1657.00;1.24;0
253;bunker;3473.00;9.82;1673.00;2.87;0
253;bunker;3473.00;10.15;1661.00;5.54;0
253;bunker;3481.00;10.35;1667.00;1.82;0
253;bunker;3485.00;10.13;1673.00;6.04;0
253;fuel_silo;3446.00;9.88;1670.00;5.59;0
253;industrial_complex;3419.00;10.00;1646.00;0.13;0
253;industrial_complex;3425.00;9.90;1657.00;3.75;0
253;industrial_complex;3427.00;10.23;1639.00;2.80;0
253;industrial_complex;3433.00;9.80;1644.00;0.74;0
253;industrial_complex;3454.00;9.98;1627.00;0.63;0
253;industrial_complex;3464.00;9.80;1669.00;5.81;0
253;nuclear_reactor;3440.00;9.80;1652.00;5.00;0
253;radar_station;3426.00;10.40;1643.00;5.60;0
253;rocket_site;3458.00;10.40;1653.00;1.99;0
253;synthetic_refinery;3455.00;10.30;1662.00;2.93;0
254;air_base;3418.00;10.18;1604.00;1.24;0
254;anti_air_building;3427.00;9.93;1597.00;0.26;0
254;anti_air_building;3442.00;10.25;1611.00;6.04;0
254;anti_air_building;3448.00;9.98;1609.00;2.43;0
254;arms_factory;3427.00;9.90;1607.00;1.08;0
254;arms_factory;3428.00;10.10;1614.00;3.74;0
254;arms_factory;3442.00;9.80;1605.00;1.68;0
254;arms_factory;3446.00;9.82;1617.00;5.81;0
254;arms_factory;3447.00;10.15;1590.00;0.74;0
254;arms_factory;3453.00;10.40;1614.00;0.13;0
254;bunker;3408.00;10.07;1596.00;4.49;0
254;bunker;3409.00;10.13;1608.00;3.81;0
254;bunker;3415.00;10.50;1609.00;1.82;0
254;bunker;3418.00;10.00;1587.00;2.26;0
254;bunker;3425.00;9.90;1609.00;5.47;0
254;bunker;3426.00;9.90;1594.00;5.87;0
254;bunker;3428.00;9.90;1609.00;5.37;0
254;bunker;3431.00;10.00;1594.00;5.97;0
254;bunker;3432.00;9.93;1589.00;3.47;0
254;bunker;3433.00;10.35;1623.00;1.31;0
254;bunker;3434.00;10.23;1616.00;3.98;0
254;bunker;3436.00;10.15;1596.00;5.54;0
254;bunker;3438.00;9.80;1604.00;1.75;0
254;bunker;3441.00;9.80;1619.00;0.20;0
254;bunker;3444.00;9.88;1597.00;1.31;0
254;bunker;3445.00;10.40;1611.00;2.87;0
254;bunker;3449.00;10.25;1592.00;3.91;0
254;bunker;3451.00;9.82;1621.00;3.30;0
254;bunker;3452.00;10.28;1607.00;3.81;0
254;bunker;3452.00;10.40;1612.00;2.87;0
254;bunker;3453.00;10.00;1599.00;4.42;0
254;bunker;3459.00;10.25;1599.00;3.37;0
254;bunker;3463.00;10.20;1605.00;5.98;0
254;bunker;3465.00;9.80;1616.00;6.04;0
254;fuel_silo;3429.00;10.48;1619.00;3.42;0
254;industrial_complex;3413.00;10.07;1597.00;0.13;0
254;industrial_complex;3424.00;9.90;1608.00;4.86;0
254;industrial_complex;3439.00;9.80;1605.00;2.19;0
254;industrial_complex;3441.00;9.80;1622.00;0.63;0
254;industrial_complex;3442.00;10.20;1610.00;2.80;0
254;industrial_complex;3464.00;9.80;1595.00;3.75;0
254;nuclear_reactor;3456.00;10.05;1597.00;3.54;0
254;radar_station;3418.00;10.00;1591.00;4.49;0
254;rocket_site;3453.00;10.03;1600.00;2.33;0
254;synthetic_refinery;3423.00;10.00;1610.00;0.37;0
255;air_base;3530.00;9.82;1579.00;5.47;0
255;anti_air_building;3472.00;9.80;1595.00;6.21;0
255;anti_air_building;3492.00;9.93;1580.00;5.00;0
255;anti_air_building;3504.00;10.25;1578.00;1.99;0
255;arms_factory;3471.00;9.80;1597.00;0.13;0
255;arms_factory;3471.00;9.80;1605.00;5.81;0
255;arms_factory;3477.00;9.90;1591.00;1.68;0
255;arms_factory;3502.00;10.95;1601.00;0.13;0
255;arms_factory;3506.00;10.00;1567.00;3.75;0
255;arms_factory;3514.00;10.10;1576.00;0.74;0
255;bunker;3467.00;9.80;1597.00;5.87;0
255;bunker;3467.00;9.90;1587.00;4.42;0
255;bunker;3471.00;9.90;1582.00;6.04;0
255;bunker;3477.00;9.90;1589.00;2.87;0
255;bunker;3477.00;9.90;1611.00;0.20;0
255;bunker;3480.00;9.80;1566.00;3.37;0
255;bunker;3481.00;9.90;1580.00;4.49;0
255;bunker;3483.00;9.90;1606.00;3.30;0
255;bunker;3483.00;9.90;1610.00;5.54;0
255;bunker;3484.00;9.85;1581.00;4.49;0
255;bunker;3487.00;9.90;1572.00;2.93;0
255;bunker;3487.00;9.90;1582.00;3.98;0
255;bunker;3489.00;10.00;1598.00;5.97;0
255;bunker;3491.00;10.00;1582.00;2.33;0
255;bunker;3491.00;10.00;1602.00;3.47;0
255;bunker;3494.00;11.10;1592.00;0.26;0
255;bunker;3495.00;9.90;1573.00;3.54;0
255;bunker;3499.00;10.00;1570.00;2.87;0
255;bunker;3501.00;11.50;1588.00;2.26;0
255;bunker;3502.00;10.13;1577.00;5.60;0
255;bunker;3504.00;10.18;1606.00;1.75;0
255;bunker;3504.00;10.68;1580.00;1.31;0
255;bunker;3509.00;11.60;1596.00;0.27;0
255;bunker;3513.00;10.10;1568.00;0.37;0
255;bunker;3514.00;10.10;1574.00;1.82;0
255;bunker;3515.00;11.23;1588.00;5.98;0
255;bunker;3518.00;9.95;1569.00;3.81;0
255;bunker;3519.00;10.50;1587.00;1.31;0
255;bunker;3521.00;10.68;1586.00;2.43;0
255;bunker;3522.00;9.80;1573.00;3.91;0
255;bunker;3532.00;9.85;1580.00;3.81;0
255;bunker;3535.00;10.60;1573.00;6.04;0
255;fuel_silo;3475.00;9.85;1612.00;4.64;0
255;industrial_complex;3472.00;9.88;1590.00;2.19;0
255;industrial_complex;3473.00;9.90;1579.00;4.86;0
255;industrial_complex;3484.00;9.80;1614.00;1.24;0
255;industrial_complex;3491.00;10.00;1604.00;0.63;0
255;industrial_complex;3493.00;11.00;1592.00;2.80;0
255;industrial_complex;3500.00;11.18;1595.00;5.37;0
255;nuclear_reactor;3510.00;10.00;1565.00;6.11;0
255;radar_station;3482.00;9.80;1567.00;0.43;0
255;rocket_site;3512.00;10.10;1575.00;3.45;0
255;synthetic_refinery;3526.00;9.80;1574.00;4.05;0
256;air_base;3533.00;10.45;1670.00;5.97;0
256;anti_air_building;3541.00;10.50;1617.00;0.27;0
256;anti_air_building;3557.00;9.80;1642.00;2.93;0
256;anti_air_building;3561.00;10.10;1655.00;3.54;0
256;arms_factory;3537.00;10.23;1653.00;2.80;0
256;arms_factory;3548.00;10.10;1676.00;0.63;0
256;arms_factory;3551.00;10.40;1656.00;5.81;0
256;arms_factory;3554.00;9.80;1643.00;0.74;0
256;arms_factory;3573.00;10.35;1660.00;3.75;0
256;arms_factory;3576.00;10.30;1654.00;0.13;0
256;bunker;3520.00;9.80;1652.00;3.81;0
256;bunker;3525.00;9.95;1635.00;1.31;0
256;bunker;3526.00;10.40;1657.00;2.87;0
256;bunker;3529.00;9.85;1643.00;0.20;0
256;bunker;3529.00;10.35;1623.00;2.33;0
256;bunker;3530.00;10.40;1671.00;2.26;0
256;bunker;3535.00;10.70;1613.00;1.82;0
256;bunker;3536.00;10.00;1629.00;1.31;0
256;bunker;3539.00;9.93;1649.00;3.91;0
256;bunker;3540.00;10.40;1661.00;2.87;0
256;bunker;3542.00;10.03;1625.00;4.42;0
256;bunker;3544.00;9.90;1646.00;5.87;0
256;bunker;3544.00;10.40;1668.00;1.75;0
256;bunker;3544.00;11.13;1611.00;2.43;0
256;bunker;3545.00;10.40;1675.00;3.98;0
256;bunker;3545.00;10.40;1676.00;0.37;0
256;bunker;3548.00;9.95;1640.00;3.47;0
256;bunker;3550.00;9.90;1639.00;6.04;0
256;bunker;3553.00;9.80;1645.00;5.98;0
256;bunker;3553.00;10.00;1653.00;5.54;0
256;bunker;3554.00;9.80;1670.00;3.81;0
256;bunker;3561.00;9.80;1645.00;4.49;0
256;bunker;3567.00;10.45;1660.00;3.37;0
256;bunker;3571.00;10.40;1654.00;4.49;0
256;bunker;3571.00;10.40;1665.00;6.04;0
256;bunker;3577.00;10.30;1660.00;0.26;0
256;fuel_silo;3532.00;9.80;1644.00;2.48;0
256;industrial_complex;3532.00;10.00;1628.00;2.19;0
256;industrial_complex;3548.00;10.00;1634.00;5.47;0
256;industrial_complex;3555.00;10.40;1662.00;1.24;0
256;industrial_complex;3558.00;9.93;1649.00;5.37;0
256;industrial_complex;3562.00;10.32;1654.00;4.86;0
256;industrial_complex;3567.00;10.40;1663.00;3.30;0
256;nuclear_reactor;3557.00;9.75;1670.00;6.21;0
256;radar_station;3569.00;10.40;1663.00;1.99;0
256;rocket_site;3537.00;10.07;1652.00;5.00;0
256;synthetic_refinery;3551.00;9.90;1634.00;5.60;0
257;air_base;3445.00;9.80;1570.00;3.91;0
257;anti_air_building;3434.00;10.05;1579.00;0.26;0
257;anti_air_building;3451.00;10.13;1583.00;2.43;0
257;anti_air_building;3461.00;9.80;1552.00;0.37;0
257;arms_factory;3437.00;10.30;1572.00;3.75;0
257;arms_factory;3448.00;9.80;1557.00;2.80;0
257;arms_factory;3455.00;9.90;1570.00;2.19;0
257;arms_factory;3469.00;9.85;1566.00;0.13;0
257;arms_factory;3471.00;9.90;1570.00;4.86;0
257;arms_factory;3475.00;9.82;1568.00;0.63;0
257;bunker;3436.00;10.23;1569.00;4.49;0
257;bunker;3441.00;10.35;1576.00;2.26;0
257;bunker;3442.00;9.80;1581.00;0.20;0
257;bunker;3442.00;9.90;1561.00;4.42;0
257;bunker;3443.00;9.90;1562.00;3.37;0
257;bunker;3447.00;9.80;1567.00;3.47;0
257;bunker;3451.00;9.80;1560.00;1.82;0
257;bunker;3452.00;10.23;1585.00;3.98;0
257;bunker;3453.00;9.80;1554.00;5.54;0
257;bunker;3454.00;9.82;1589.00;6.04;0
257;bunker;3455.00;9.90;1579.00;1.31;0
257;bunker;3457.00;9.80;1557.00;5.87;0
257;bunker;3458.00;9.80;1580.00;2.87;0
257;bunker;3460.00;9.85;1566.00;6.04;0
257;bunker;3464.00;9.80;1568.00;5.98;0
257;bunker;3467.00;9.80;1549.00;1.75;0
257;bunker;3469.00;9.80;1558.00;2.87;0
257;bunker;3471.00;9.85;1562.00;3.81;0
257;bunker;3471.00;9.90;1570.00;1.31;0
257;fuel_silo;3466.00;9.85;1570.00;4.03;0
257;industrial_complex;3450.00;9.80;1568.00;5.97;0
257;industrial_complex;3453.00;10.00;1588.00;5.37;0
257;industrial_complex;3457.00;9.88;1581.00;3.81;0
257;industrial_complex;3462.00;9.80;1578.00;3.30;0
257;industrial_complex;3466.00;9.80;1566.00;1.24;0
257;industrial_complex;3467.00;9.80;1568.00;5.47;0
257;nuclear_reactor;3461.00;9.80;1577.00;0.27;0
257;radar_station;3457.00;9.90;1576.00;2.33;0
257;rocket_site;3469.00;9.80;1562.00;3.54;0
257;synthetic_refinery;3434.00;9.98;1581.00;4.49;0
258;air_base;3402.00;10.00;1563.00;5.87;0
258;anti_air_building;3410.00;10.00;1582.00;1.82;0
258;anti_air_building;3411.00;10.00;1572.00;1.31;0
258;anti_air_building;3411.00;10.00;1576.00;3.98;0
258;arms_factory;3400.00;10.00;1574.00;5.37;0
258;arms_factory;3405.00;9.98;1574.00;2.19;0
258;arms_factory;3408.00;10.00;1559.00;1.24;0
258;arms_factory;3427.00;10.03;1561.00;4.86;0
258;arms_factory;3428.00;9.82;1565.00;0.63;0
258;arms_factory;3434.00;9.80;1559.00;2.80;0
258;bunker;3401.00;10.00;1570.00;5.98;0
258;bunker;3403.00;9.95;1574.00;0.20;0
258;bunker;3403.00;10.00;1563.00;4.42;0
258;bunker;3409.00;10.00;1560.00;2.87;0
258;bunker;3410.00;10.10;1585.00;3.47;0
258;bunker;3416.00;10.00;1572.00;1.31;0
258;bunker;3418.00;9.90;1580.00;3.81;0
258;bunker;3419.00;10.20;1561.00;2.26;0
258;bunker;3424.00;10.05;1578.00;3.37;0
258;bunker;3425.00;10.05;1556.00;2.87;0
258;bunker;3426.00;9.88;1566.00;5.54;0
258;bunker;3434.00;9.80;1559.00;6.04;0
258;fuel_silo;3408.00;10.00;1573.00;0.41;0
258;industrial_complex;3401.00;10.00;1557.00;1.75;0
258;industrial_complex;3409.00;10.00;1580.00;5.47;0
258;industrial_complex;3419.00;9.95;1573.00;3.30;0
258;industrial_complex;3421.00;10.32;1562.00;5.97;0
258;industrial_complex;3424.00;9.90;1585.00;3.91;0
258;industrial_complex;3425.00;10.10;1563.00;3.81;0
258;nuclear_reactor;3425.00;10.05;1555.00;0.26;0
258;radar_station;3414.00;10.00;1564.00;6.04;0
258;rocket_site;3420.00;9.90;1571.00;2.43;0
258;synthetic_refinery;3426.00;10.10;1575.00;4.49;0
259;air_base;3338.00;9.95;1507.00;3.81;0
259;anti_air_building;3322.00;9.80;1502.00;1.31;0
259;anti_air_building;3329.00;9.80;1516.00;1.82;0
259;anti_air_building;3347.00;10.07;1508.00;3.98;0
259;arms_factory;3330.00;9.80;1496.00;4.86;0
259;arms_factory;3331.00;9.80;1509.00;1.24;0
259;arms_factory;3332.00;9.80;1519.00;2.19;0
259;arms_factory;3337.00;9.80;1496.00;5.37;0
259;arms_factory;3348.00;9.80;1516.00;3.30;0
259;arms_factory;3353.00;9.80;1510.00;5.47;0
259;bunker;3313.00;9.85;1505.00;5.30;0
259;bunker;3317.00;9.80;1507.00;5.54;0
259;bunker;3324.00;9.90;1499.00;3.47;0
259;bunker;3325.00;9.80;1510.00;2.26;0
259;bunker;3327.00;9.80;1518.00;0.20;0
259;bunker;3332.00;9.80;1508.00;4.42;0
259;bunker;3336.00;9.80;1495.00;6.04;0
259;bunker;3337.00;9.80;1522.00;2.87;0
259;bunker;3348.00;9.75;1502.00;1.31;0
259;bunker;3350.00;9.75;1501.00;3.37;0
259;bunker;3352.00;9.80;1512.00;2.87;0
259;fuel_silo;3321.00;9.80;1514.00;3.08;0
259;industrial_complex;3321.00;9.80;1514.00;5.97;0
259;industrial_complex;3329.00;9.80;1512.00;5.98;0
259;industrial_complex;3331.00;9.80;1522.00;1.75;0
259;industrial_complex;3332.00;9.80;1507.00;5.87;0
259;industrial_complex;3334.00;9.80;1521.00;3.81;0
259;industrial_complex;3347.00;9.80;1502.00;3.91;0
259;nuclear_reactor;3329.00;9.80;1523.00;0.26;0
259;radar_station;3352.00;9.80;1510.00;6.04;0
259;rocket_site;3338.00;10.40;1512.00;2.43;0
259;synthetic_refinery;3349.00;9.75;1502.00;4.49;0
260;air_base;3435.00;9.80;1546.00;2.87;0
260;anti_air_building;3427.00;9.95;1538.00;0.43;0
260;anti_air_building;3434.00;10.50;1521.00;5.16;0
260;anti_air_building;3437.00;10.45;1523.00;4.56;0
260;arms_factory;3421.00;10.18;1543.00;0.13;0
260;arms_factory;3425.00;10.10;1546.00;0.63;0
260;arms_factory;3428.00;10.30;1531.00;2.80;0
260;arms_factory;3435.00;9.90;1536.00;2.19;0
260;arms_factory;3436.00;10.48;1523.00;4.86;0
260;arms_factory;3458.00;9.90;1544.00;1.24;0
260;bunker;3419.00;10.28;1550.00;2.26;0
260;bunker;3420.00;10.30;1537.00;2.33;0
260;bunker;3428.00;9.82;1550.00;6.04;0
260;bunker;3432.00;9.90;1536.00;1.31;0
260;bunker;3433.00;10.15;1529.00;2.87;0
260;bunker;3437.00;9.80;1545.00;3.54;0
260;bunker;3437.00;10.50;1519.00;5.54;0
260;bunker;3442.00;10.23;1523.00;4.42;0
260;bunker;3443.00;10.50;1517.00;1.82;0
260;bunker;3447.00;9.80;1533.00;2.43;0
260;bunker;3449.00;9.90;1544.00;2.93;0
260;bunker;3452.00;9.90;1546.00;4.49;0
260;bunker;3465.00;9.95;1539.00;0.37;0
260;fuel_silo;3436.00;9.80;1544.00;0.92;0
260;industrial_complex;3436.00;10.48;1523.00;5.98;0
260;industrial_complex;3443.00;10.32;1521.00;3.91;0
260;industrial_complex;3447.00;9.80;1539.00;3.81;0
260;industrial_complex;3448.00;9.85;1533.00;0.20;0
260;industrial_complex;3451.00;9.90;1545.00;5.87;0
260;industrial_complex;3459.00;9.90;1541.00;1.75;0
260;nuclear_reactor;3423.00;9.95;1540.00;0.94;0
260;radar_station;3433.00;10.50;1521.00;4.05;0
260;rocket_site;3463.00;10.00;1543.00;0.43;0
260;synthetic_refinery;3440.00;9.80;1544.00;6.21;0
261;air_base;1488.00;10.30;1546.00;2.26;0
261;anti_air_building;1514.00;10.70;1520.00;0.43;0
261;anti_air_building;1519.00;10.90;1549.00;3.45;0
261;anti_air_building;1535.00;10.68;1571.00;6.11;0
261;arms_factory;1499.00;10.25;1544.00;3.81;0
261;arms_factory;1502.00;10.60;1572.00;1.75;0
261;arms_factory;1526.00;11.00;1564.00;5.97;0
261;arms_factory;1539.00;12.50;1537.00;3.30;0
261;arms_factory;1545.00;10.90;1570.00;3.91;0
261;arms_factory;1546.00;10.55;1575.00;5.47;0
261;bunker;1489.00;10.28;1543.00;0.37;0
261;bunker;1489.00;10.30;1549.00;2.87;0
261;bunker;1490.00;10.78;1527.00;1.82;0
261;bunker;1492.00;10.70;1568.00;3.54;0
261;bunker;1496.00;10.68;1572.00;0.63;0
261;bunker;1498.00;10.88;1560.00;6.04;0
261;bunker;1499.00;10.30;1547.00;4.49;0
261;bunker;1499.00;10.60;1570.00;3.47;0
261;bunker;1503.00;12.03;1531.00;2.33;0
261;bunker;1506.00;10.43;1544.00;1.31;0
261;bunker;1507.00;10.63;1524.00;6.04;0
261;bunker;1510.00;10.75;1545.00;6.21;0
261;bunker;1511.00;10.80;1556.00;1.99;0
261;bunker;1518.00;12.07;1534.00;3.37;0
261;bunker;1520.00;11.00;1565.00;4.05;0
261;bunker;1520.00;11.03;1558.00;2.93;0
261;bunker;1521.00;10.15;1525.00;2.43;0
261;bunker;1526.00;10.80;1544.00;5.54;0
261;bunker;1528.00;10.35;1534.00;5.60;0
261;bunker;1529.00;10.40;1562.00;0.27;0
261;bunker;1530.00;10.45;1563.00;5.00;0
261;bunker;1536.00;12.23;1537.00;4.49;0
261;bunker;1539.00;10.98;1572.00;1.31;0
261;bunker;1540.00;11.03;1556.00;3.98;0
261;bunker;1545.00;11.00;1567.00;0.26;0
261;fuel_silo;1505.00;10.60;1571.00;1.02;0
261;industrial_complex;1486.00;10.45;1527.00;0.20;0
261;industrial_complex;1494.00;10.88;1539.00;5.98;0
261;industrial_complex;1509.00;10.53;1525.00;3.81;0
261;industrial_complex;1520.00;12.40;1535.00;4.42;0
261;industrial_complex;1525.00;10.95;1567.00;5.87;0
261;industrial_complex;1531.00;10.35;1560.00;2.87;0
261;nuclear_reactor;1534.00;9.50;1575.00;4.56;0
261;radar_station;1542.00;9.75;1578.00;5.51;0
261;rocket_site;1532.00;11.18;1540.00;0.43;0
261;synthetic_refinery;1492.00;10.30;1552.00;2.49;0
262;air_base;3707.00;9.80;1907.00;4.49;0
262;anti_air_building;3604.00;10.60;1875.00;4.79;0
262;anti_air_building;3621.00;10.23;1923.00;2.12;0
262;anti_air_building;3688.00;9.78;1941.00;1.17;0
262;arms_factory;3555.00;9.68;1919.00;0.40;0
262;arms_factory;3566.00;9.82;1901.00;4.62;0
262;arms_factory;3571.00;9.88;1890.00;1.61;0
262;arms_factory;3589.00;10.10;1876.00;5.83;0
262;arms_factory;3777.00;9.88;1918.00;3.67;0
262;arms_factory;3781.00;9.90;1911.00;0.50;0
262;bunker;3526.00;9.75;1935.00;1.38;0
262;bunker;3573.00;9.80;1909.00;3.44;0
262;bunker;3595.00;9.80;1888.00;0.43;0
262;bunker;3628.00;9.80;1898.00;6.11;0
262;bunker;3652.00;10.35;1920.00;4.05;0
262;bunker;3680.00;10.28;1909.00;1.88;0
262;bunker;3700.00;9.80;1942.00;5.60;0
262;bunker;3804.00;9.93;1941.00;0.87;0
262;coastal_bunker;3534.00;9.50;1904.00;-2.97;0
262;coastal_bunker;3584.00;9.50;1936.00;-3.03;0
262;coastal_bunker;3655.00;9.60;1941.00;-2.76;0
262;coastal_bunker;3679.00;9.60;1951.00;-2.55;0
262;coastal_bunker;3818.00;9.50;1972.00;-4.59;0
262;dockyard;3741.00;9.50;1950.00;-2.07;0
262;fuel_silo;3671.00;9.68;2017.00;0.50;0
262;industrial_complex;3548.00;9.78;1893.00;3.68;0
262;industrial_complex;3575.00;10.00;1875.00;0.06;0
262;industrial_complex;3579.00;10.10;1871.00;4.18;0
262;industrial_complex;3675.00;9.80;1944.00;5.73;0
262;industrial_complex;3759.00;9.80;1934.00;2.12;0
262;industrial_complex;3784.00;9.88;1908.00;4.28;0
262;naval_base;3544.00;9.57;1906.00;-2.97;5740
262;naval_base;3588.00;9.50;1938.00;-3.03;8370
262;naval_base;3624.00;9.50;1952.00;-2.76;8370
262;naval_base;3663.00;9.50;2009.00;-2.07;8370
262;naval_base;3671.00;9.50;1950.00;-2.55;8370
262;nuclear_reactor;3542.00;9.70;1890.00;0.57;0
262;radar_station;3664.00;10.05;1930.00;2.92;0
262;rocket_site;3696.00;9.80;1925.00;4.18;0
262;synthetic_refinery;3611.00;10.28;1924.00;4.12;0
263;air_base;3318.00;10.32;1686.00;5.54;0
263;anti_air_building;3294.00;10.28;1707.00;2.93;0
263;anti_air_building;3299.00;10.28;1700.00;1.99;0
263;anti_air_building;3321.00;10.45;1688.00;5.60;0
263;arms_factory;3272.00;9.70;1694.00;3.91;0
263;arms_factory;3290.00;10.15;1684.00;0.20;0
263;arms_factory;3296.00;10.13;1677.00;1.75;0
263;arms_factory;3304.00;11.50;1670.00;5.87;0
263;arms_factory;3311.00;11.13;1674.00;5.98;0
263;arms_factory;3313.00;10.30;1686.00;3.81;0
263;bunker;3279.00;9.70;1696.00;3.37;0
263;bunker;3285.00;9.70;1690.00;3.54;0
263;bunker;3287.00;9.70;1701.00;1.82;0
263;bunker;3287.00;10.40;1677.00;0.27;0
263;bunker;3295.00;10.18;1707.00;0.37;0
263;bunker;3297.00;10.30;1691.00;1.31;0
263;bunker;3301.00;10.30;1688.00;6.04;0
263;bunker;3302.00;10.30;1699.00;4.49;0
263;bunker;3304.00;11.38;1674.00;4.49;0
263;bunker;3305.00;10.25;1704.00;0.26;0
263;bunker;3307.00;10.30;1691.00;2.43;0
263;bunker;3314.00;10.23;1684.00;2.33;0
263;bunker;3320.00;10.40;1685.00;3.98;0
263;bunker;3321.00;10.40;1702.00;6.04;0
263;fuel_silo;3299.00;9.70;1705.00;2.98;0
263;industrial_complex;3276.00;9.70;1694.00;2.26;0
263;industrial_complex;3286.00;10.28;1678.00;3.47;0
263;industrial_complex;3289.00;10.20;1686.00;1.31;0
263;industrial_complex;3303.00;11.38;1673.00;4.42;0
263;industrial_complex;3306.00;10.35;1685.00;2.87;0
263;industrial_complex;3311.00;11.10;1675.00;2.87;0
263;nuclear_reactor;3305.00;10.30;1696.00;0.43;0
263;radar_station;3287.00;10.00;1689.00;6.21;0
263;rocket_site;3296.00;10.30;1710.00;4.05;0
263;synthetic_refinery;3289.00;10.23;1691.00;5.00;0
264;air_base;3327.00;10.40;1712.00;6.04;0
264;anti_air_building;3339.00;10.35;1750.00;3.00;0
264;anti_air_building;3349.00;10.50;1734.00;4.21;0
264;anti_air_building;3374.00;10.40;1704.00;5.16;0
264;arms_factory;3329.00;10.20;1705.00;2.87;0
264;arms_factory;3333.00;10.03;1704.00;3.81;0
264;arms_factory;3337.00;9.70;1754.00;5.87;0
264;arms_factory;3352.00;10.48;1703.00;4.42;0
264;arms_factory;3362.00;10.50;1729.00;5.98;0
264;arms_factory;3369.00;10.50;1729.00;0.20;0
264;bunker;3323.00;10.25;1744.00;6.21;0
264;bunker;3328.00;10.00;1732.00;0.27;0
264;bunker;3328.00;10.40;1714.00;0.43;0
264;bunker;3332.00;9.98;1730.00;0.43;0
264;bunker;3333.00;9.90;1697.00;2.49;0
264;bunker;3336.00;10.32;1743.00;6.11;0
264;bunker;3337.00;9.90;1697.00;4.05;0
264;bunker;3338.00;9.80;1753.00;4.56;0
264;bunker;3342.00;10.50;1723.00;0.26;0
264;bunker;3343.00;10.00;1703.00;5.60;0
264;bunker;3344.00;10.40;1736.00;2.33;0
264;bunker;3345.00;10.50;1706.00;3.54;0
264;bunker;3349.00;10.50;1716.00;5.51;0
264;bunker;3350.00;9.85;1695.00;1.31;0
264;bunker;3352.00;10.45;1749.00;4.49;0
264;bunker;3352.00;10.50;1748.00;5.00;0
264;bunker;3353.00;10.45;1719.00;2.43;0
264;bunker;3355.00;10.43;1719.00;3.98;0
264;bunker;3356.00;10.48;1751.00;1.82;0
264;bunker;3362.00;10.48;1704.00;0.94;0
264;bunker;3363.00;10.40;1722.00;2.93;0
264;bunker;3364.00;10.50;1728.00;3.45;0
264;bunker;3366.00;10.45;1707.00;6.04;0
264;bunker;3375.00;10.40;1724.00;4.49;0
264;bunker;3379.00;10.40;1713.00;2.50;0
264;bunker;3379.00;10.50;1707.00;1.99;0
264;bunker;3384.00;9.90;1702.00;0.37;0
264;bunker;3385.00;10.40;1709.00;0.60;0
264;fuel_silo;3332.00;10.25;1725.00;4.54;0
264;industrial_complex;3328.00;10.40;1711.00;5.54;0
264;industrial_complex;3330.00;10.30;1743.00;1.31;0
264;industrial_complex;3335.00;10.35;1705.00;2.26;0
264;industrial_complex;3344.00;9.90;1695.00;3.37;0
264;industrial_complex;3345.00;10.35;1704.00;3.47;0
264;industrial_complex;3351.00;10.50;1704.00;2.87;0
264;nuclear_reactor;3332.00;10.00;1694.00;4.12;0
264;radar_station;3331.00;10.10;1693.00;5.07;0
264;rocket_site;3330.00;9.98;1702.00;6.28;0
264;synthetic_refinery;3335.00;10.13;1751.00;0.94;0
265;air_base;3464.00;10.35;1510.00;3.98;0
265;anti_air_building;3455.00;10.50;1516.00;0.94;0
265;anti_air_building;3465.00;9.82;1518.00;5.16;0
265;anti_air_building;3488.00;9.70;1519.00;2.50;0
265;arms_factory;3451.00;10.48;1513.00;3.47;0
265;arms_factory;3457.00;10.30;1520.00;3.81;0
265;arms_factory;3461.00;9.88;1522.00;2.87;0
265;arms_factory;3471.00;9.98;1514.00;2.26;0
265;arms_factory;3477.00;9.80;1525.00;4.42;0
265;arms_factory;3490.00;9.90;1514.00;0.20;0
265;bunker;3451.00;10.43;1517.00;6.11;0
265;bunker;3453.00;9.80;1527.00;2.93;0
265;bunker;3459.00;9.80;1533.00;0.26;0
265;bunker;3459.00;10.40;1510.00;1.82;0
265;bunker;3463.00;10.43;1512.00;2.49;0
265;bunker;3468.00;9.90;1536.00;1.99;0
265;bunker;3471.00;9.85;1518.00;0.37;0
265;bunker;3471.00;9.90;1523.00;4.56;0
265;bunker;3476.00;9.88;1516.00;6.04;0
265;bunker;3477.00;10.10;1505.00;0.43;0
265;bunker;3483.00;9.82;1507.00;0.27;0
265;bunker;3486.00;9.80;1534.00;4.49;0
265;bunker;3489.00;9.78;1522.00;2.43;0
265;bunker;3490.00;10.40;1502.00;4.49;0
265;bunker;3492.00;9.80;1526.00;3.45;0
265;bunker;3497.00;10.35;1509.00;0.43;0
265;bunker;3499.00;9.90;1535.00;5.00;0
265;bunker;3501.00;9.80;1522.00;3.54;0
265;bunker;3504.00;9.73;1512.00;5.51;0
265;bunker;3507.00;10.07;1514.00;5.60;0
265;bunker;3508.00;10.23;1523.00;2.33;0
265;bunker;3516.00;10.25;1522.00;4.05;0
265;fuel_silo;3466.00;9.90;1529.00;0.92;0
265;industrial_complex;3460.00;10.15;1517.00;5.54;0
265;industrial_complex;3469.00;9.85;1519.00;6.04;0
265;industrial_complex;3476.00;9.85;1511.00;2.87;0
265;industrial_complex;3486.00;9.95;1509.00;1.31;0
265;industrial_complex;3493.00;10.50;1508.00;3.37;0
265;industrial_complex;3502.00;9.80;1516.00;1.31;0
265;nuclear_reactor;3503.00;9.80;1514.00;5.07;0
265;radar_station;3509.00;10.10;1524.00;4.21;0
265;rocket_site;3454.00;10.40;1509.00;0.94;0
265;synthetic_refinery;3475.00;9.80;1520.00;3.00;0
266;bunker;3576.00;13.73;1210.00;5.97;0
266;bunker;3587.00;12.10;1250.00;2.87;0
266;bunker;3598.00;13.28;1220.00;0.20;0
266;bunker;3601.00;12.18;1247.00;3.81;0
266;bunker;3613.00;11.68;1228.00;1.75;0
267;air_base;3830.00;13.53;1253.00;4.87;0
267;anti_air_building;3803.00;13.05;1240.00;6.05;0
267;anti_air_building;3854.00;11.50;1263.00;3.38;0
267;anti_air_building;3917.00;16.98;1274.00;5.54;0
267;arms_factory;3825.00;11.10;1262.00;3.75;0
267;arms_factory;3838.00;12.23;1259.00;4.35;0
267;arms_factory;3850.00;16.98;1245.00;0.13;0
267;arms_factory;3872.00;10.53;1263.00;3.15;0
267;arms_factory;3873.00;15.95;1247.00;4.36;0
267;arms_factory;3880.00;15.55;1196.00;1.09;0
267;bunker;3801.00;14.43;1230.00;1.76;0
267;bunker;3804.00;12.10;1243.00;1.75;0
267;bunker;3819.00;16.65;1226.00;4.94;0
267;bunker;3820.00;14.00;1243.00;0.21;0
267;bunker;3845.00;12.95;1258.00;1.16;0
267;bunker;3848.00;17.85;1234.00;0.82;0
267;bunker;3861.00;18.60;1229.00;5.37;0
267;bunker;3873.00;13.78;1252.00;5.44;0
267;bunker;3875.00;17.85;1206.00;0.81;0
267;bunker;3876.00;11.23;1258.00;2.87;0
267;bunker;3877.00;15.75;1197.00;5.38;0
267;bunker;3895.00;14.90;1244.00;0.71;0
267;bunker;3901.00;15.13;1233.00;3.32;0
267;bunker;3905.00;16.13;1209.00;2.71;0
267;bunker;3908.00;13.75;1271.00;2.36;0
267;bunker;3917.00;20.45;1247.00;3.83;0
267;bunker;3919.00;18.30;1282.00;4.43;0
267;bunker;3964.00;20.95;1271.00;1.32;0
267;fuel_silo;3804.00;11.90;1244.00;5.45;0
267;industrial_complex;3799.00;11.75;1245.00;4.86;0
267;industrial_complex;3818.00;16.90;1224.00;3.31;0
267;industrial_complex;3820.00;13.98;1245.00;0.14;0
267;industrial_complex;3847.00;10.80;1269.00;2.20;0
267;industrial_complex;3848.00;14.28;1256.00;2.80;0
267;industrial_complex;3904.00;18.75;1239.00;0.65;0
267;nuclear_reactor;3882.00;10.80;1266.00;6.05;0
267;radar_station;3880.00;16.73;1237.00;0.96;0
267;rocket_site;3874.00;12.73;1254.00;4.49;0
267;synthetic_refinery;3847.00;10.80;1268.00;2.43;0
268;air_base;3476.00;9.70;841.00;0.37;0
268;anti_air_building;3459.00;10.80;829.00;4.05;0
268;anti_air_building;3462.00;11.18;827.00;6.21;0
268;anti_air_building;3476.00;10.03;833.00;5.00;0
268;arms_factory;3462.00;11.18;827.00;2.87;0
268;arms_factory;3470.00;9.93;840.00;6.04;0
268;arms_factory;3471.00;10.32;841.00;1.31;0
268;arms_factory;3471.00;11.40;845.00;3.37;0
268;arms_factory;3473.00;11.32;844.00;5.54;0
268;arms_factory;3474.00;10.18;832.00;1.31;0
268;bunker;3466.00;11.00;828.00;3.54;0
268;bunker;3477.00;10.70;845.00;0.27;0
268;coastal_bunker;3471.00;9.85;833.00;-4.25;0
268;coastal_bunker;3476.00;9.50;839.00;1.03;0
268;dockyard;3483.00;9.55;846.00;1.03;0
268;fuel_silo;3475.00;9.78;841.00;1.53;0
268;industrial_complex;3461.00;11.00;828.00;4.49;0
268;industrial_complex;3464.00;10.60;832.00;3.98;0
268;industrial_complex;3475.00;9.68;840.00;0.26;0
268;industrial_complex;3475.00;11.07;851.00;1.82;0
268;industrial_complex;3476.00;11.23;846.00;2.43;0
268;industrial_complex;3477.00;10.35;844.00;6.04;0
268;naval_base;3479.00;9.70;834.00;-4.25;2776
268;naval_base;3481.00;9.73;849.00;1.03;2776
268;nuclear_reactor;3462.00;10.57;833.00;2.49;0
268;radar_station;3469.00;9.98;840.00;3.45;0
268;rocket_site;3471.00;10.32;841.00;6.11;0
268;synthetic_refinery;3470.00;11.10;846.00;0.43;0
269;air_base;3529.00;11.98;808.00;1.68;0
269;anti_air_building;3503.00;12.50;796.00;5.97;0
269;anti_air_building;3521.00;12.25;797.00;3.81;0
269;anti_air_building;3529.00;11.30;783.00;3.30;0
269;arms_factory;3480.00;12.90;817.00;2.12;0
269;arms_factory;3480.00;13.55;811.00;0.06;0
269;arms_factory;3481.00;9.95;830.00;4.18;0
269;arms_factory;3516.00;14.70;810.00;4.79;0
269;arms_factory;3537.00;10.57;819.00;1.52;0
269;arms_factory;3537.00;11.35;803.00;5.74;0
269;bunker;3499.00;12.15;811.00;2.80;0
269;bunker;3506.00;12.53;801.00;1.68;0
269;bunker;3512.00;12.40;814.00;0.63;0
269;bunker;3527.00;11.68;815.00;3.75;0
269;bunker;3530.00;11.80;799.00;0.13;0
269;bunker;3535.00;11.45;787.00;0.74;0
269;coastal_bunker;3492.00;9.73;820.00;-3.85;0
269;coastal_bunker;3511.00;9.50;818.00;-2.36;0
269;coastal_bunker;3520.00;9.65;822.00;-2.74;0
269;dockyard;3499.00;9.63;816.00;-3.85;0
269;fuel_silo;3503.00;12.43;801.00;1.75;0
269;industrial_complex;3483.00;10.25;825.00;2.73;0
269;industrial_complex;3517.00;11.78;789.00;5.30;0
269;industrial_complex;3518.00;12.60;799.00;2.63;0
269;industrial_complex;3521.00;13.28;808.00;4.79;0
269;industrial_complex;3530.00;12.20;811.00;0.57;0
269;industrial_complex;3540.00;11.43;785.00;3.24;0
269;naval_base;3485.00;9.68;827.00;-3.85;2776
269;naval_base;3510.00;9.50;817.00;-2.36;2776
269;naval_base;3537.00;9.50;823.00;-2.74;2753
269;nuclear_reactor;3526.00;11.95;795.00;3.81;0
269;radar_station;3509.00;13.80;807.00;5.25;0
269;rocket_site;3492.00;11.23;816.00;5.98;0
269;synthetic_refinery;3492.00;12.70;810.00;3.91;0
270;air_base;1050.00;9.70;312.00;0.27;0
270;anti_air_building;1051.00;10.13;316.00;6.21;0
270;anti_air_building;1057.00;10.05;316.00;0.43;0
270;anti_air_building;1060.00;9.70;315.00;4.05;0
270;arms_factory;1049.00;9.60;313.00;6.04;0
270;arms_factory;1050.00;9.63;317.00;1.31;0
270;arms_factory;1052.00;10.98;315.00;4.49;0
270;arms_factory;1053.00;10.75;317.00;6.04;0
270;arms_factory;1055.00;10.75;315.00;1.82;0
270;arms_factory;1059.00;9.70;314.00;3.98;0
270;bunker;1061.00;9.70;317.00;5.60;0
270;coastal_bunker;1055.00;9.50;309.00;-1.57;0
270;dockyard;1060.00;9.50;312.00;-1.57;0
270;fuel_silo;1061.00;9.70;316.00;2.04;0
270;industrial_complex;1049.00;9.57;311.00;3.54;0
270;industrial_complex;1049.00;9.60;314.00;4.49;0
270;industrial_complex;1052.00;9.70;311.00;2.33;0
270;industrial_complex;1053.00;10.00;313.00;0.37;0
270;industrial_complex;1056.00;9.70;313.00;0.26;0
270;industrial_complex;1059.00;9.70;315.00;2.43;0
270;naval_base;1048.00;9.50;314.00;-1.57;8816
270;nuclear_reactor;1057.00;9.78;314.00;5.51;0
270;radar_station;1051.00;9.88;314.00;6.11;0
270;rocket_site;1060.00;9.70;314.00;2.49;0
270;synthetic_refinery;1053.00;10.85;314.00;3.45;0
271;air_base;3353.00;11.98;775.00;1.31;0
271;anti_air_building;3384.00;14.40;767.00;1.82;0
271;anti_air_building;3394.00;15.23;783.00;3.98;0
271;anti_air_building;3408.00;17.40;802.00;2.42;0
271;arms_factory;3343.00;12.20;797.00;1.75;0
271;arms_factory;3356.00;14.03;785.00;2.35;0
271;arms_factory;3362.00;14.65;780.00;0.80;0
271;arms_factory;3375.00;15.43;785.00;1.14;0
271;arms_factory;3382.00;14.35;769.00;0.19;0
271;arms_factory;3406.00;18.20;785.00;4.42;0
271;bunker;3353.00;13.78;802.00;5.43;0
271;bunker;3355.00;14.03;784.00;5.54;0
271;bunker;3365.00;14.03;799.00;3.37;0
271;bunker;3410.00;16.20;813.00;6.04;0
271;fuel_silo;3348.00;13.65;810.00;6.04;0
271;industrial_complex;3362.00;14.18;791.00;0.80;0
271;industrial_complex;3368.00;12.57;807.00;2.86;0
271;industrial_complex;3370.00;12.73;805.00;0.70;0
271;industrial_complex;3370.00;13.65;798.00;4.93;0
271;industrial_complex;3377.00;14.43;793.00;3.81;0
271;industrial_complex;3416.00;17.75;800.00;5.02;0
271;nuclear_reactor;3385.00;14.80;795.00;2.93;0
271;radar_station;3380.00;14.65;796.00;2.96;0
271;rocket_site;3386.00;15.70;803.00;5.09;0
271;synthetic_refinery;3375.00;14.15;792.00;4.49;0
272;air_base;2567.00;9.70;884.00;5.00;0
272;anti_air_building;2547.00;9.60;890.00;0.94;0
272;anti_air_building;2568.00;10.23;877.00;5.07;0
272;anti_air_building;2580.00;10.45;871.00;4.21;0
272;arms_factory;2556.00;10.13;877.00;2.43;0
272;arms_factory;2568.00;11.18;871.00;4.49;0
272;arms_factory;2590.00;9.70;884.00;4.49;0
272;arms_factory;2593.00;9.93;906.00;0.26;0
272;arms_factory;2602.00;9.85;859.00;0.37;0
272;arms_factory;2606.00;10.00;887.00;6.04;0
272;bunker;2552.00;9.70;892.00;6.11;0
272;bunker;2553.00;10.25;875.00;4.56;0
272;bunker;2558.00;9.70;913.00;1.24;0
272;bunker;2570.00;9.70;860.00;5.51;0
272;bunker;2583.00;9.85;880.00;2.49;0
272;bunker;2597.00;9.78;861.00;3.45;0
272;bunker;2603.00;9.90;893.00;0.43;0
272;coastal_bunker;2542.00;9.57;891.00;-1.41;0
272;coastal_bunker;2548.00;9.50;867.00;-1.36;0
272;coastal_bunker;2548.00;9.50;904.00;-1.48;0
272;coastal_bunker;2562.00;9.55;854.00;-1.40;0
272;dockyard;2537.00;10.20;887.00;-1.41;0
272;fuel_silo;2560.00;10.32;878.00;6.26;0
272;industrial_complex;2565.00;9.70;906.00;2.33;0
272;industrial_complex;2568.00;10.48;876.00;2.93;0
272;industrial_complex;2571.00;9.70;898.00;1.99;0
272;industrial_complex;2573.00;9.70;912.00;0.27;0
272;industrial_complex;2592.00;11.23;870.00;3.54;0
272;industrial_complex;2594.00;10.05;903.00;5.60;0
272;naval_base;2539.47;9.50;884.71;-1.16;594
272;naval_base;2547.00;9.50;855.00;-1.40;8889
272;naval_base;2548.08;9.50;907.44;-1.48;412
272;naval_base;2558.00;9.63;866.00;-1.36;8889
272;nuclear_reactor;2616.00;10.30;868.00;3.51;0
272;radar_station;2600.00;9.70;878.00;4.12;0
272;rocket_site;2570.00;9.70;885.00;5.67;0
272;synthetic_refinery;2573.00;9.70;910.00;6.28;0
273;air_base;3046.00;10.93;1087.00;3.81;0
273;anti_air_building;2973.00;12.10;1059.00;0.80;0
273;anti_air_building;3006.00;15.28;1050.00;0.70;0
273;anti_air_building;3034.00;10.68;1088.00;2.86;0
273;arms_factory;2969.00;11.90;1058.00;3.30;0
273;arms_factory;3016.00;11.73;1050.00;4.86;0
273;arms_factory;3023.00;11.10;1119.00;1.75;0
273;arms_factory;3045.00;11.13;1124.00;5.37;0
273;arms_factory;3051.00;11.00;1087.00;3.30;0
273;arms_factory;3055.00;10.75;1118.00;1.24;0
273;bunker;2960.00;10.98;1094.00;5.02;0
273;fuel_silo;3013.00;10.90;1119.00;1.31;0
273;industrial_complex;2964.00;12.13;1058.00;2.35;0
273;industrial_complex;2966.00;10.98;1094.00;1.14;0
273;industrial_complex;2978.00;11.73;1059.00;1.75;0
273;industrial_complex;3011.00;13.00;1050.00;0.19;0
273;industrial_complex;3018.00;10.90;1119.00;0.80;0
273;industrial_complex;3040.00;10.98;1124.00;4.42;0
273;nuclear_reactor;3029.00;10.73;1088.00;3.37;0
273;radar_station;3027.00;10.75;1089.00;4.18;0
273;rocket_site;2974.00;11.13;1082.00;5.54;0
273;synthetic_refinery;3056.00;10.78;1113.00;4.93;0
274;air_base;2798.40;10.00;740.84;3.55;0
274;anti_air_building;2785.00;10.38;810.00;2.19;0
274;anti_air_building;2801.00;10.35;796.00;1.24;0
274;anti_air_building;2802.00;9.63;779.00;4.86;0
274;arms_factory;2768.00;10.20;822.00;5.30;0
274;arms_factory;2775.00;10.75;799.00;1.08;0
274;arms_factory;2779.00;10.45;785.00;0.13;0
274;arms_factory;2799.00;9.68;759.00;3.74;0
274;arms_factory;2803.00;10.50;814.00;3.24;0
274;arms_factory;2817.00;9.63;747.00;1.68;0
274;bunker;2769.00;10.15;741.00;3.51;0
274;bunker;2771.00;10.20;812.00;4.12;0
274;bunker;2778.00;10.20;759.00;5.16;0
274;bunker;2797.00;9.90;747.00;0.94;0
274;bunker;2799.00;10.00;823.00;0.63;0
274;bunker;2811.21;9.70;750.79;4.89;0
274;coastal_bunker;2779.00;9.50;729.00;0.15;0
274;coastal_bunker;2799.00;9.57;738.00;0.46;0
274;coastal_bunker;2817.00;9.50;742.00;0.28;0
274;dockyard;2764.00;9.50;730.00;0.15;0
274;fuel_silo;2792.00;10.40;806.00;0.48;0
274;industrial_complex;2768.00;10.20;818.00;3.75;0
274;industrial_complex;2774.00;9.80;738.00;5.81;0
274;industrial_complex;2779.00;10.40;756.00;2.80;0
274;industrial_complex;2780.00;10.60;769.00;0.74;0
274;industrial_complex;2799.00;10.40;802.00;1.68;0
274;industrial_complex;2803.00;9.70;744.00;0.13;0
274;naval_base;2767.00;9.50;729.00;0.15;1661
274;naval_base;2803.85;9.70;738.47;0.46;1661
274;naval_base;2820.75;9.70;742.50;0.28;4026
274;nuclear_reactor;2780.00;10.40;790.00;0.06;0
274;radar_station;2766.00;10.20;823.00;1.01;0
274;rocket_site;2794.00;9.82;766.00;5.47;0
274;synthetic_refinery;2780.00;9.70;732.00;5.37;0
275;air_base;3243.00;13.73;252.00;0.43;0
275;anti_air_building;3241.00;13.28;235.00;3.17;0
275;anti_air_building;3286.00;12.93;205.00;6.18;0
275;anti_air_building;3295.00;10.40;266.00;2.57;0
275;arms_factory;3212.00;14.00;220.00;4.49;0
275;arms_factory;3232.00;14.28;224.00;0.26;0
275;arms_factory;3236.00;13.00;241.00;0.37;0
275;arms_factory;3240.00;13.00;262.00;2.33;0
275;arms_factory;3241.00;13.00;241.00;0.27;0
275;arms_factory;3285.00;13.10;235.00;3.54;0
275;bunker;3206.00;13.68;213.00;5.51;0
275;bunker;3221.00;13.30;236.00;4.12;0
275;bunker;3224.00;14.20;225.00;3.45;0
275;bunker;3232.00;13.00;245.00;4.56;0
275;bunker;3236.00;13.70;231.00;4.72;0
275;bunker;3243.00;13.38;259.00;0.94;0
275;bunker;3247.00;13.45;235.00;3.00;0
275;bunker;3247.00;14.25;226.00;5.67;0
275;bunker;3251.00;14.25;217.00;0.50;0
275;bunker;3257.00;13.43;259.00;5.16;0
275;bunker;3260.00;12.78;244.00;0.94;0
275;bunker;3270.00;14.70;224.00;4.21;0
275;bunker;3274.00;14.80;208.00;2.50;0
275;bunker;3275.00;11.00;287.00;6.11;0
275;bunker;3277.00;12.75;280.00;2.49;0
275;bunker;3281.00;12.03;254.00;3.51;0
275;bunker;3281.00;13.88;206.00;4.12;0
275;bunker;3282.00;14.25;239.00;5.07;0
275;bunker;3285.00;10.90;261.00;1.46;0
275;bunker;3288.00;12.65;229.00;6.28;0
275;bunker;3300.00;10.35;243.00;0.43;0
275;fuel_silo;3258.00;13.25;262.00;3.07;0
275;industrial_complex;3201.00;13.18;211.00;6.21;0
275;industrial_complex;3251.00;12.80;271.00;5.00;0
275;industrial_complex;3269.00;11.23;288.00;1.99;0
275;industrial_complex;3270.00;12.95;276.00;2.93;0
275;industrial_complex;3279.00;12.13;253.00;5.60;0
275;industrial_complex;3288.00;12.65;205.00;4.05;0
275;nuclear_reactor;3266.00;12.70;245.00;3.68;0
275;radar_station;3250.00;13.10;243.00;4.47;0
275;rocket_site;3274.00;13.18;245.00;1.01;0
275;synthetic_refinery;3282.00;14.40;225.00;5.23;0
276;air_base;1553.01;10.70;1618.26;4.57;0
276;anti_air_building;1555.00;9.65;1646.00;4.70;0
276;anti_air_building;1555.00;10.40;1658.00;0.58;0
276;anti_air_building;1569.63;10.60;1634.15;4.20;0
276;arms_factory;1528.87;10.60;1599.62;4.05;0
276;arms_factory;1556.54;10.80;1615.82;4.05;0
276;arms_factory;1556.74;10.30;1609.95;3.45;0
276;arms_factory;1560.51;9.80;1599.82;4.66;0
276;arms_factory;1562.00;10.15;1618.00;1.39;0
276;arms_factory;1573.21;10.30;1621.97;5.61;0
276;bunker;1521.00;9.70;1588.00;0.51;0
276;bunker;1526.00;9.90;1602.00;6.25;0
276;bunker;1531.00;9.55;1615.00;1.55;0
276;bunker;1532.00;9.70;1609.00;4.29;0
276;bunker;1538.00;9.55;1632.00;4.63;0
276;bunker;1539.00;11.60;1603.00;4.12;0
276;bunker;1544.00;10.80;1613.00;4.72;0
276;bunker;1548.00;10.20;1600.00;0.95;0
276;bunker;1549.00;10.60;1624.00;2.12;0
276;bunker;1553.00;10.35;1605.00;3.68;0
276;bunker;1558.00;10.10;1652.00;2.57;0
276;bunker;1559.00;9.68;1644.00;0.50;0
276;bunker;1560.00;10.57;1623.00;3.61;0
276;bunker;1563.00;10.35;1629.00;3.69;0
276;bunker;1564.00;9.70;1601.00;1.62;0
276;bunker;1565.00;10.60;1625.00;0.41;0
276;bunker;1567.00;10.57;1663.00;4.19;0
276;bunker;1569.00;9.50;1614.00;1.18;0
276;bunker;1569.00;10.30;1651.00;3.52;0
276;bunker;1573.00;10.65;1643.00;5.67;0
276;bunker;1577.00;10.65;1635.00;0.07;0
276;bunker;1581.00;11.18;1654.00;2.13;0
276;bunker;1585.00;9.50;1618.00;2.06;0
276;bunker;1585.00;10.63;1639.00;1.46;0
276;bunker;1591.00;9.80;1625.00;5.23;0
276;bunker;1594.00;10.43;1648.00;1.45;0
276;bunker;1594.00;10.53;1633.00;1.01;0
276;bunker;1600.00;9.73;1622.00;6.19;0
276;bunker;1603.00;10.48;1636.00;5.74;0
276;fuel_silo;1574.60;10.60;1627.80;2.64;0
276;industrial_complex;1524.61;10.50;1596.37;5.16;0
276;industrial_complex;1558.28;10.10;1604.37;3.96;0
276;industrial_complex;1561.97;10.70;1614.15;4.56;0
276;industrial_complex;1566.68;9.90;1618.21;0.44;0
276;industrial_complex;1569.15;10.60;1623.98;3.00;0
276;industrial_complex;1576.71;9.70;1617.26;6.12;0
276;nuclear_reactor;1578.79;9.90;1622.76;4.35;0
276;radar_station;1580.41;10.60;1629.55;5.16;0
276;rocket_site;1578.90;10.70;1640.64;1.69;0
276;synthetic_refinery;1558.83;10.10;1609.01;5.91;0
277;air_base;1243.64;14.00;1210.67;0.94;0
277;anti_air_building;1225.04;13.60;1202.45;5.07;0
277;anti_air_building;1231.58;13.90;1209.52;6.28;0
277;anti_air_building;1239.33;12.90;1181.97;4.12;0
277;arms_factory;1220.67;13.60;1199.40;6.21;0
277;arms_factory;1226.31;13.90;1210.23;4.05;0
277;arms_factory;1232.00;13.35;1185.00;0.43;0
277;arms_factory;1245.24;14.30;1193.58;5.60;0
277;arms_factory;1252.18;14.50;1190.21;5.00;0
277;arms_factory;1252.91;14.20;1196.25;1.99;0
277;bunker;1218.22;13.60;1202.76;4.21;0
277;bunker;1230.10;13.60;1189.54;0.94;0
277;bunker;1241.78;13.60;1217.55;2.50;0
277;bunker;1254.13;14.50;1186.33;5.16;0
277;bunker;1262.63;13.70;1200.43;3.00;0
277;fuel_silo;1237.00;13.45;1187.00;1.09;0
277;industrial_complex;1236.78;14.00;1199.42;4.56;0
277;industrial_complex;1241.13;14.10;1189.28;3.45;0
277;industrial_complex;1244.74;13.70;1177.47;0.43;0
277;industrial_complex;1257.75;14.40;1179.69;6.11;0
277;industrial_complex;1263.00;13.13;1210.00;5.51;0
277;industrial_complex;1263.77;14.10;1194.24;2.49;0
277;nuclear_reactor;1260.41;13.40;1206.33;1.46;0
277;radar_station;1262.47;14.00;1177.11;3.51;0
277;rocket_site;1259.55;14.00;1196.55;4.72;0
277;synthetic_refinery;1246.84;14.30;1184.42;5.67;0
278;air_base;1884.00;9.90;256.00;1.82;0
278;anti_air_building;1879.00;9.68;273.00;1.01;0
278;anti_air_building;1896.00;9.73;276.00;3.17;0
278;anti_air_building;1908.00;9.70;257.00;3.07;0
278;arms_factory;1836.00;9.80;275.00;4.42;0
278;arms_factory;1847.00;9.80;274.00;2.26;0
278;arms_factory;1862.00;10.05;256.00;1.31;0
278;arms_factory;1864.00;9.63;227.00;2.87;0
278;arms_factory;1868.00;10.00;252.00;0.20;0
278;arms_factory;1870.00;10.05;261.00;3.47;0
278;bunker;1818.00;9.80;287.00;0.43;0
278;bunker;1819.00;9.80;278.00;5.00;0
278;bunker;1822.00;9.98;250.00;6.21;0
278;bunker;1827.00;10.10;215.00;6.28;0
278;bunker;1828.00;10.03;234.00;5.07;0
278;bunker;1828.00;10.13;199.00;5.51;0
278;bunker;1832.00;9.98;225.00;3.45;0
278;bunker;1839.00;10.50;251.00;4.56;0
278;bunker;1846.00;9.80;286.00;6.11;0
278;bunker;1849.00;9.82;272.00;4.21;0
278;bunker;1853.00;9.60;231.00;2.49;0
278;bunker;1853.00;9.98;253.00;2.50;0
278;bunker;1857.00;9.70;289.00;3.00;0
278;bunker;1865.00;10.10;259.00;1.99;0
278;bunker;1868.00;9.70;287.00;4.05;0
278;bunker;1874.00;9.73;301.00;4.12;0
278;bunker;1876.00;9.68;280.00;2.93;0
278;bunker;1881.00;9.60;234.00;0.94;0
278;bunker;1886.00;9.75;287.00;5.60;0
278;bunker;1889.00;9.65;239.00;0.43;0
278;bunker;1894.00;9.70;272.00;5.16;0
278;bunker;1895.00;9.73;260.00;0.94;0
278;coastal_bunker;1829.00;9.50;192.00;0.95;0
278;coastal_bunker;1834.00;9.60;216.00;1.37;0
278;coastal_bunker;1836.00;9.50;223.00;0.00;0
278;coastal_bunker;1843.00;9.50;220.00;-0.62;0
278;coastal_bunker;1886.00;9.65;298.00;-4.33;0
278;coastal_bunker;1890.00;9.50;228.00;0.32;0
278;coastal_bunker;1892.00;9.50;229.00;-0.15;0
278;coastal_bunker;1897.00;9.53;288.00;-4.39;0
278;coastal_bunker;1910.00;9.70;262.00;-4.61;0
278;dockyard;1901.00;9.53;272.00;-4.39;0
278;fuel_silo;1854.00;9.78;303.00;0.06;0
278;industrial_complex;1832.00;9.93;262.00;2.87;0
278;industrial_complex;1832.00;10.15;248.00;5.54;0
278;industrial_complex;1833.00;9.82;266.00;3.98;0
278;industrial_complex;1843.00;9.78;240.00;3.37;0
278;industrial_complex;1844.00;10.00;224.00;6.04;0
278;industrial_complex;1855.00;9.98;252.00;1.31;0
278;naval_base;1832.00;9.50;202.00;0.95;9009
278;naval_base;1833.00;9.75;222.00;1.37;9009
278;naval_base;1839.00;9.50;222.00;0.00;9009
278;naval_base;1852.00;9.50;219.00;-0.62;9009
278;naval_base;1886.00;9.55;227.00;0.32;5926
278;naval_base;1890.00;9.60;291.00;-4.33;5951
278;naval_base;1900.00;9.65;285.00;-4.39;5951
278;naval_base;1902.00;9.50;240.00;1.11;9037
278;naval_base;1908.00;9.60;262.00;-4.61;5951
278;nuclear_reactor;1905.00;9.70;258.00;0.67;0
278;radar_station;1864.00;10.05;254.00;1.84;0
278;rocket_site;1898.00;9.78;283.00;5.74;0
278;synthetic_refinery;1874.00;9.80;267.00;3.68;0
279;air_base;1713.00;12.10;311.20;2.05;0
279;anti_air_building;1689.00;9.70;258.00;3.17;0
279;anti_air_building;1697.00;10.40;274.00;1.01;0
279;anti_air_building;1708.00;13.00;291.00;3.68;0
279;arms_factory;1686.00;9.68;252.00;3.00;0
279;arms_factory;1703.00;13.03;274.00;0.34;0
279;arms_factory;1704.00;12.73;281.00;0.43;0
279;arms_factory;1709.00;10.80;314.00;4.56;0
279;arms_factory;1709.00;11.63;302.00;3.60;0
279;arms_factory;1712.00;11.80;319.00;0.94;0
279;bunker;1697.00;10.88;262.00;6.05;0
279;bunker;1698.00;9.55;307.00;0.50;0
279;bunker;1699.00;9.60;298.00;6.18;0
279;bunker;1699.00;11.35;254.00;5.23;0
279;bunker;1702.00;9.95;337.00;4.12;0
279;bunker;1702.00;10.63;287.00;3.17;0
279;bunker;1707.00;13.63;283.00;3.17;0
279;bunker;1711.00;11.30;313.00;3.68;0
279;coastal_bunker;1687.00;9.50;258.00;-1.95;0
279;coastal_bunker;1693.00;9.50;321.00;-1.41;0
279;coastal_bunker;1694.00;9.50;289.00;-1.57;0
279;coastal_bunker;1696.00;9.50;334.00;-0.71;0
279;coastal_bunker;1697.00;9.50;296.00;-1.37;0
279;dockyard;1681.00;9.50;255.00;-2.11;0
279;fuel_silo;1698.00;9.55;305.00;0.49;0
279;industrial_complex;1693.00;9.70;272.00;5.06;0
279;industrial_complex;1696.00;9.70;279.00;6.28;0
279;industrial_complex;1696.00;10.50;252.00;0.50;0
279;industrial_complex;1702.00;10.03;338.00;5.67;0
279;industrial_complex;1702.00;11.38;283.00;2.05;0
279;industrial_complex;1710.00;11.07;329.00;4.12;0
279;naval_base;1690.00;9.50;267.00;-2.11;2482
279;naval_base;1693.00;9.50;280.00;-1.95;2482
279;naval_base;1695.00;9.50;329.00;-1.25;5353
279;naval_base;1697.00;9.50;308.00;-1.41;5353
279;naval_base;1698.00;9.50;298.00;-1.37;5353
279;nuclear_reactor;1706.00;13.05;258.00;2.56;0
279;radar_station;1706.00;13.45;280.00;5.83;0
279;rocket_site;1709.00;10.65;326.00;3.24;0
279;synthetic_refinery;1699.00;9.70;290.00;4.62;0
280;bunker;1946.00;10.40;664.00;1.77;0
280;bunker;1947.00;10.68;711.00;3.93;0
280;bunker;1953.00;10.30;694.00;6.06;0
280;bunker;1982.00;10.25;695.00;3.32;0
280;bunker;1983.00;10.30;668.00;0.21;0
280;bunker;1984.00;10.28;708.00;5.45;0
280;bunker;1996.00;10.20;697.00;2.78;0
280;bunker;2010.00;10.10;696.00;2.44;0
280;radar_station;1940.00;10.40;662.00;3.00;0
281;air_base;3937.00;9.55;710.00;4.12;0
281;anti_air_building;3937.00;9.55;709.00;0.50;0
281;anti_air_building;3938.00;9.70;707.00;3.17;0
281;anti_air_building;3948.00;9.60;676.00;4.12;0
281;arms_factory;3938.00;9.53;704.00;5.51;0
281;arms_factory;3941.00;9.55;756.00;2.49;0
281;arms_factory;3948.00;9.53;716.00;2.50;0
281;arms_factory;3948.00;9.55;694.00;0.43;0
281;arms_factory;3948.00;9.55;694.00;4.56;0
281;arms_factory;3950.00;9.60;717.00;0.94;0
281;bunker;3938.00;9.53;736.00;3.51;0
281;coastal_bunker;3947.00;9.50;733.00;-3.05;0
281;dockyard;3941.00;9.50;697.00;-3.05;0
281;fuel_silo;3948.00;9.55;695.00;5.82;0
281;industrial_complex;3938.00;9.70;710.00;6.28;0
281;industrial_complex;3940.00;9.55;752.00;5.16;0
281;industrial_complex;3942.00;9.70;685.00;0.94;0
281;industrial_complex;3943.00;9.60;746.00;3.00;0
281;industrial_complex;3943.00;9.70;684.00;5.07;0
281;industrial_complex;3945.00;9.60;741.00;4.21;0
281;naval_base;3948.00;9.50;733.00;-3.05;2491
281;nuclear_reactor;3947.00;9.70;653.00;3.07;0
281;radar_station;3940.00;9.68;730.00;2.57;0
281;rocket_site;3939.00;9.53;729.00;5.23;0
281;synthetic_refinery;3937.00;9.55;706.00;6.18;0
282;bunker;4985.00;9.70;1241.00;3.68;0
282;bunker;4994.00;9.70;1236.00;5.23;0
282;bunker;4995.00;9.70;1244.00;5.74;0
282;coastal_bunker;4986.00;9.53;1243.00;0.00;0
282;coastal_bunker;4991.00;9.50;1231.00;-0.79;0
282;coastal_bunker;4997.00;9.60;1241.00;1.57;0
282;naval_base;4986.00;9.53;1243.00;0.00;5664
282;naval_base;4993.00;9.50;1241.00;-0.79;5664
282;naval_base;4999.00;9.50;1242.00;1.57;5716
282;rocket_site;4994.00;9.70;1244.00;1.68;0
283;anti_air_building;4413.00;17.83;1222.00;1.87;0
283;anti_air_building;4440.00;14.82;1258.00;5.99;0
283;anti_air_building;4447.00;15.10;1263.00;0.31;0
283;bunker;4416.00;18.00;1227.00;4.98;0
283;bunker;4418.00;18.35;1217.00;4.53;0
283;bunker;4424.00;17.05;1230.00;0.75;0
283;bunker;4429.00;14.60;1253.00;2.82;0
283;bunker;4432.00;15.07;1238.00;3.93;0
283;bunker;4434.00;14.55;1270.00;2.81;0
283;bunker;4445.00;14.23;1222.00;4.88;0
283;bunker;4450.00;15.38;1250.00;1.26;0
283;bunker;4456.00;13.28;1195.00;4.37;0
283;bunker;4458.00;12.95;1215.00;0.25;0
283;bunker;4463.00;14.45;1247.00;2.31;0
283;fuel_silo;4476.00;13.20;1250.00;5.05;0
283;radar_station;4441.00;15.25;1241.00;3.44;0
283;synthetic_refinery;4425.00;14.48;1246.00;2.38;0
284;air_base;5565.00;12.85;153.00;0.50;0
284;anti_air_building;5577.00;11.75;157.00;2.94;0
284;anti_air_building;5589.00;10.55;171.00;0.78;0
284;anti_air_building;5593.00;10.57;162.00;0.88;0
284;arms_factory;5551.00;10.23;148.00;4.21;0
284;arms_factory;5558.00;10.57;150.00;5.07;0
284;arms_factory;5564.00;11.00;121.00;6.28;0
284;arms_factory;5565.00;10.60;137.00;5.16;0
284;arms_factory;5578.00;11.20;162.00;0.94;0
284;arms_factory;5582.00;10.30;145.00;3.00;0
284;bunker;5540.00;9.53;148.00;3.74;0
284;bunker;5555.00;10.20;156.00;3.75;0
284;bunker;5556.00;9.75;140.00;0.13;0
284;bunker;5557.00;10.68;164.00;5.81;0
284;bunker;5560.00;10.18;128.00;3.91;0
284;bunker;5562.00;10.45;114.00;5.98;0
284;bunker;5563.00;11.07;169.00;4.42;0
284;bunker;5564.00;11.20;122.00;3.24;0
284;bunker;5564.00;11.20;144.00;5.91;0
284;bunker;5569.00;12.25;148.00;1.24;0
284;bunker;5578.00;11.43;160.00;2.36;0
284;bunker;5579.00;10.65;172.00;4.26;0
284;bunker;5581.00;10.20;147.00;3.31;0
284;bunker;5581.00;10.55;170.00;1.75;0
284;bunker;5594.00;11.05;166.00;2.20;0
284;bunker;5602.00;9.78;181.00;1.68;0
284;coastal_bunker;5536.00;9.50;153.00;-1.82;0
284;coastal_bunker;5549.00;9.50;166.00;-1.57;0
284;coastal_bunker;5549.00;9.57;160.00;-2.03;0
284;coastal_bunker;5552.00;9.50;111.00;-0.46;0
284;coastal_bunker;5556.00;9.50;136.00;-0.54;0
284;coastal_bunker;5557.00;9.50;127.00;-1.57;0
284;coastal_bunker;5572.00;9.50;117.00;0.79;0
284;coastal_bunker;5574.00;9.53;181.00;-3.61;0
284;coastal_bunker;5579.00;9.70;177.00;-3.14;0
284;coastal_bunker;5583.00;9.65;135.00;-4.17;0
284;coastal_bunker;5585.00;9.55;152.00;1.21;0
284;coastal_bunker;5592.00;9.53;176.00;-3.31;0
284;coastal_bunker;5599.00;9.60;158.00;0.64;0
284;fuel_silo;5572.00;10.50;176.00;1.60;0
284;industrial_complex;5551.00;10.23;148.00;3.51;0
284;industrial_complex;5551.00;10.30;150.00;5.67;0
284;industrial_complex;5557.00;10.45;150.00;1.46;0
284;industrial_complex;5565.00;12.85;153.00;4.12;0
284;industrial_complex;5568.00;11.50;144.00;4.72;0
284;industrial_complex;5570.00;10.98;170.00;4.12;0
284;naval_base;5544.00;9.55;156.00;-1.82;5637
284;naval_base;5547.00;9.50;159.00;-2.03;5637
284;naval_base;5550.00;9.50;168.00;-1.57;5637
284;naval_base;5556.00;9.50;126.00;-1.57;5637
284;naval_base;5557.00;9.50;136.00;-0.54;5637
284;naval_base;5565.00;9.57;113.00;-0.46;5386
284;naval_base;5573.00;9.57;119.00;0.79;5386
284;naval_base;5575.00;9.60;180.00;-3.61;5611
284;naval_base;5584.00;9.60;176.00;-3.14;5611
284;naval_base;5585.00;9.57;138.00;-4.17;5585
284;naval_base;5585.00;9.68;153.00;1.21;5585
284;naval_base;5587.00;9.50;154.00;0.64;5585
284;naval_base;5605.00;9.68;173.00;-3.31;5611
284;nuclear_reactor;5576.00;11.78;157.00;5.61;0
284;radar_station;5579.00;10.75;139.00;1.38;0
284;synthetic_refinery;5571.00;12.20;148.00;5.00;0
285;anti_air_building;5032.00;9.75;145.00;5.60;0
285;anti_air_building;5056.00;9.93;187.00;1.99;0
285;anti_air_building;5083.00;10.38;207.00;2.93;0
285;arms_factory;5017.00;9.70;158.00;4.79;0
285;arms_factory;5022.00;9.70;151.00;0.57;0
285;arms_factory;5074.00;10.30;169.00;2.63;0
285;arms_factory;5101.00;9.93;192.00;3.24;0
285;bunker;5010.00;9.70;159.00;5.98;0
285;bunker;5033.00;9.70;139.00;3.81;0
285;bunker;5046.00;9.80;174.00;2.26;0
285;bunker;5049.00;9.80;198.00;5.47;0
285;bunker;5050.00;9.80;162.00;1.24;0
285;bunker;5066.00;9.80;208.00;4.49;0
285;bunker;5071.00;10.20;178.00;5.37;0
285;bunker;5082.00;9.80;192.00;5.54;0
285;bunker;5088.00;9.80;201.00;1.75;0
285;bunker;5096.00;9.80;200.00;4.42;0
285;industrial_complex;5006.00;9.70;157.00;3.74;0
285;industrial_complex;5006.00;9.80;165.00;1.68;0
285;industrial_complex;5008.00;9.70;145.00;3.24;0
285;industrial_complex;5076.00;10.03;185.00;1.08;0
285;nuclear_reactor;5070.00;10.28;167.00;0.43;0
285;radar_station;5081.00;10.00;173.00;1.17;0
286;air_base;4484.00;9.75;817.00;5.23;0
286;anti_air_building;4474.00;9.60;822.00;5.90;0
286;anti_air_building;4479.00;11.10;850.00;2.88;0
286;anti_air_building;4488.00;10.78;827.00;0.22;0
286;arms_factory;4479.00;10.55;844.00;0.67;0
286;arms_factory;4481.00;9.75;820.00;3.33;0
286;arms_factory;4483.00;11.43;830.00;4.88;0
286;arms_factory;4484.00;9.75;818.00;5.38;0
286;arms_factory;4484.00;10.65;824.00;1.26;0
286;arms_factory;4488.00;9.88;824.00;2.22;0
286;bunker;4459.00;9.70;826.00;1.24;0
286;bunker;4472.00;10.00;832.00;2.71;0
286;bunker;4474.00;9.60;822.00;5.30;0
286;bunker;4478.00;9.63;818.00;1.68;0
286;bunker;4479.00;11.07;837.00;4.42;0
286;bunker;4482.00;11.43;850.00;1.75;0
286;bunker;4489.00;11.35;829.00;3.31;0
286;bunker;4491.00;13.65;841.00;1.32;0
286;coastal_bunker;4475.00;9.50;817.00;0.14;0
286;coastal_bunker;4478.00;9.50;815.00;-0.17;0
286;coastal_bunker;4492.00;9.55;821.00;0.64;0
286;dockyard;4479.00;9.50;815.00;-0.17;0
286;fuel_silo;4485.00;11.15;827.00;2.10;0
286;industrial_complex;4464.00;9.70;829.00;2.73;0
286;industrial_complex;4467.00;9.68;824.00;5.90;0
286;industrial_complex;4472.00;9.88;829.00;1.77;0
286;industrial_complex;4481.00;11.45;835.00;1.17;0
286;industrial_complex;4487.00;13.10;842.00;5.39;0
286;industrial_complex;4489.00;13.32;836.00;6.00;0
286;naval_base;4473.95;9.70;817.44;0.14;3218
286;naval_base;4480.34;9.80;813.51;-0.17;3218
286;naval_base;4491.00;9.55;820.00;0.64;4466
286;nuclear_reactor;4479.00;11.20;836.00;2.29;0
286;radar_station;4491.00;11.95;831.00;4.12;0
286;rocket_site;4473.00;9.93;835.00;5.16;0
286;synthetic_refinery;4481.00;11.35;850.00;1.46;0
287;air_base;4216.00;12.57;1343.00;0.16;0
287;anti_air_building;4202.00;12.82;1330.00;6.07;0
287;anti_air_building;4202.00;16.63;1309.00;5.47;0
287;anti_air_building;4241.00;12.32;1339.00;2.45;0
287;arms_factory;4053.00;23.02;1245.00;2.05;0
287;arms_factory;4070.00;21.63;1262.00;1.10;0
287;arms_factory;4166.00;21.63;1264.00;3.26;0
287;arms_factory;4204.00;21.93;1268.00;6.28;0
287;arms_factory;4233.00;12.68;1328.00;1.20;0
287;arms_factory;4254.00;14.07;1326.00;5.32;0
287;bunker;4057.00;22.90;1245.00;4.96;0
287;bunker;4074.00;19.05;1266.00;2.29;0
287;bunker;4091.00;22.98;1253.00;2.73;0
287;bunker;4097.00;22.93;1262.00;2.89;0
287;bunker;4119.00;20.27;1276.00;2.80;0
287;bunker;4131.00;21.98;1260.00;5.99;0
287;bunker;4138.00;20.85;1276.00;0.06;0
287;bunker;4142.00;22.15;1271.00;5.84;0
287;bunker;4149.00;13.93;1295.00;1.26;0
287;bunker;4168.00;17.02;1297.00;0.23;0
287;bunker;4175.00;22.15;1273.00;3.40;0
287;bunker;4178.00;15.68;1303.00;0.22;0
287;bunker;4180.00;20.23;1291.00;3.33;0
287;bunker;4187.00;19.25;1295.00;0.74;0
287;bunker;4188.00;21.85;1278.00;2.22;0
287;bunker;4191.00;12.63;1338.00;4.00;0
287;bunker;4198.00;12.73;1320.00;6.00;0
287;bunker;4200.00;12.88;1332.00;4.79;0
287;bunker;4206.00;21.35;1277.00;3.24;0
287;bunker;4209.00;16.75;1309.00;3.93;0
287;bunker;4210.00;21.35;1264.00;4.28;0
287;bunker;4211.00;21.70;1273.00;3.41;0
287;bunker;4216.00;18.50;1299.00;0.74;0
287;bunker;4220.00;21.40;1259.00;1.78;0
287;bunker;4231.00;15.28;1320.00;4.45;0
287;bunker;4237.00;12.57;1345.00;0.67;0
287;bunker;4244.00;13.32;1328.00;4.95;0
287;fuel_silo;4198.00;18.40;1299.00;4.51;0
287;industrial_complex;4116.00;22.80;1253.00;1.68;0
287;industrial_complex;4146.00;21.95;1273.00;5.91;0
287;industrial_complex;4171.00;21.98;1269.00;5.81;0
287;industrial_complex;4179.00;17.65;1299.00;3.24;0
287;industrial_complex;4197.00;12.65;1327.00;5.30;0
287;industrial_complex;4245.00;15.82;1320.00;3.74;0
287;nuclear_reactor;4098.00;22.77;1243.00;0.30;0
287;radar_station;4144.00;20.50;1281.00;4.77;0
287;rocket_site;4151.00;16.45;1292.00;3.91;0
287;synthetic_refinery;4197.00;22.02;1275.00;1.85;0
288;air_base;4297.00;10.35;907.00;3.68;0
288;anti_air_building;4292.00;9.95;944.00;3.68;0
288;anti_air_building;4306.00;10.68;926.00;0.67;0
288;anti_air_building;4315.00;10.60;931.00;5.74;0
288;arms_factory;4296.00;10.90;918.00;3.17;0
288;arms_factory;4301.00;10.63;916.00;0.50;0
288;arms_factory;4302.00;10.57;917.00;4.12;0
288;arms_factory;4308.00;10.63;921.00;6.18;0
288;arms_factory;4311.00;10.65;920.00;2.57;0
288;arms_factory;4318.00;10.38;943.00;1.46;0
288;bunker;4281.00;10.10;916.00;0.13;0
288;bunker;4285.00;10.90;954.00;0.74;0
288;bunker;4286.00;9.70;936.00;0.58;0
288;bunker;4290.00;9.90;950.00;4.86;0
288;bunker;4292.00;10.65;910.00;1.82;0
288;bunker;4293.00;10.90;920.00;3.31;0
288;bunker;4297.00;10.90;921.00;2.71;0
288;bunker;4299.00;10.55;912.00;3.22;0
288;bunker;4300.00;10.48;912.00;4.93;0
288;bunker;4305.00;10.15;957.00;4.26;0
288;bunker;4305.00;10.38;948.00;2.20;0
288;bunker;4305.00;10.63;923.00;4.35;0
288;bunker;4306.00;10.65;938.00;2.36;0
288;bunker;4310.00;10.10;954.00;3.75;0
288;bunker;4312.00;10.80;927.00;1.75;0
288;bunker;4314.00;10.15;947.00;1.68;0
288;bunker;4321.00;11.55;955.00;5.30;0
288;bunker;4327.00;10.43;939.00;4.42;0
288;bunker;4329.00;9.60;919.00;0.71;0
288;coastal_bunker;4280.00;9.50;917.00;-1.25;0
288;coastal_bunker;4282.00;9.50;934.00;-1.77;0
288;coastal_bunker;4290.00;9.68;908.00;-0.46;0
288;coastal_bunker;4292.00;9.50;903.00;-0.24;0
288;coastal_bunker;4307.00;9.90;916.00;1.11;0
288;coastal_bunker;4310.00;9.50;915.00;0.46;0
288;coastal_bunker;4317.00;9.98;928.00;0.67;0
288;coastal_bunker;4323.00;9.50;921.00;-0.32;0
288;dockyard;4326.00;9.50;916.00;-0.32;0
288;fuel_silo;4292.00;10.28;958.00;0.04;0
288;industrial_complex;4290.00;10.05;932.00;3.17;0
288;industrial_complex;4292.00;10.75;912.00;3.68;0
288;industrial_complex;4293.00;10.85;922.00;5.23;0
288;industrial_complex;4296.00;10.53;909.00;0.06;0
288;industrial_complex;4297.00;10.25;955.00;1.01;0
288;industrial_complex;4312.00;10.20;949.00;3.07;0
288;naval_base;4278.00;9.55;912.00;-1.25;5823
288;naval_base;4281.00;9.50;936.00;-1.77;5823
288;naval_base;4283.00;9.50;907.00;-0.46;5692
288;naval_base;4296.00;9.50;902.00;-0.24;5692
288;naval_base;4307.00;9.50;912.00;1.11;5692
288;naval_base;4309.00;9.73;919.00;0.46;5692
288;naval_base;4319.00;9.50;929.00;0.67;5692
288;naval_base;4321.00;9.50;927.00;-0.32;5692
288;nuclear_reactor;4310.00;10.63;938.00;0.57;0
288;radar_station;4323.00;9.70;929.00;1.52;0
288;rocket_site;4323.00;9.70;928.00;4.19;0
288;synthetic_refinery;4314.00;11.40;963.00;1.39;0
289;air_base;4378.38;9.60;872.70;1.61;0
289;anti_air_building;4361.30;10.30;863.67;2.13;0
289;anti_air_building;4361.84;9.70;882.85;0.67;0
289;anti_air_building;4384.59;10.10;879.49;4.29;0
289;arms_factory;4368.66;9.60;865.78;1.65;0
289;arms_factory;4370.18;9.70;873.90;1.46;0
289;arms_factory;4370.49;9.70;875.56;4.62;0
289;arms_factory;4380.91;9.70;873.26;0.09;0
289;arms_factory;4381.06;9.60;871.84;0.12;0
289;arms_factory;4381.06;9.70;874.69;1.65;0
289;bunker;4345.98;11.00;891.70;-0.93;0
289;bunker;4352.00;10.20;877.62;5.39;0
289;bunker;4357.00;9.65;824.00;5.74;0
289;bunker;4357.00;10.43;887.00;3.74;0
289;bunker;4357.92;11.00;854.63;0.02;0
289;bunker;4359.24;10.20;869.88;-0.06;0
289;bunker;4360.67;9.90;850.61;-0.18;0
289;bunker;4361.83;9.60;841.58;0.41;0
289;bunker;4366.05;9.70;890.68;3.38;0
289;bunker;4368.18;9.70;880.90;4.91;0
289;bunker;4368.77;9.50;869.72;4.74;0
289;bunker;4379.64;9.80;895.53;4.42;0
289;bunker;4380.76;9.90;884.64;3.75;0
289;bunker;4383.47;9.70;867.50;2.10;0
289;bunker;4384.68;9.70;875.72;2.08;0
289;coastal_bunker;4361.60;9.50;831.52;1.27;0
289;coastal_bunker;4366.46;9.50;849.67;-4.55;0
289;coastal_bunker;4366.94;9.70;843.29;1.25;0
289;coastal_bunker;4374.64;9.50;871.61;1.04;0
289;coastal_bunker;4377.86;9.70;867.69;-1.10;0
289;dockyard;4372.60;9.70;864.25;0.14;0
289;fuel_silo;4363.00;9.60;849.00;4.17;0
289;industrial_complex;4370.67;9.60;866.17;4.82;0
289;industrial_complex;4372.49;9.70;879.56;1.57;0
289;industrial_complex;4372.55;9.70;877.25;1.46;0
289;industrial_complex;4375.38;9.70;883.38;0.11;0
289;industrial_complex;4377.39;9.70;875.53;0.10;0
289;industrial_complex;4377.57;9.60;870.40;4.83;0
289;naval_base;4359.00;9.53;827.00;1.57;4002
289;naval_base;4365.00;9.50;840.00;1.25;4002
289;naval_base;4367.00;9.60;856.00;-4.25;4002
289;naval_base;4369.82;9.70;863.64;0.14;4002
289;naval_base;4379.11;9.70;864.07;-0.20;4002
289;nuclear_reactor;4376.71;9.70;880.71;4.70;0
289;radar_station;4380.40;9.70;877.40;4.20;0
289;rocket_site;4382.74;9.80;897.64;0.58;0
289;synthetic_refinery;4373.28;9.70;874.56;1.48;0
290;air_base;2720.00;9.82;1244.00;0.67;0
290;anti_air_building;2734.00;12.78;1231.00;2.20;0
290;anti_air_building;2752.00;13.30;1226.00;4.35;0
290;anti_air_building;2758.00;9.75;1234.00;4.86;0
290;arms_factory;2714.00;9.55;1244.00;2.57;0
290;arms_factory;2714.00;10.00;1239.00;5.23;0
290;arms_factory;2720.00;11.43;1234.00;3.07;0
290;arms_factory;2721.00;10.07;1243.00;0.50;0
290;arms_factory;2721.00;11.57;1238.00;3.17;0
290;arms_factory;2749.00;13.20;1231.00;6.18;0
290;bunker;2718.00;9.82;1243.00;3.74;0
290;bunker;2721.00;11.53;1235.00;0.58;0
290;bunker;2732.00;12.05;1231.00;1.17;0
290;bunker;2734.00;12.18;1229.00;3.24;0
290;bunker;2751.00;13.43;1228.00;5.91;0
290;bunker;2757.00;11.95;1227.00;5.30;0
290;coastal_bunker;2710.00;9.50;1236.00;-1.85;0
290;coastal_bunker;2723.00;9.82;1242.00;-3.46;0
290;coastal_bunker;2724.00;10.50;1240.00;-3.79;0
290;coastal_bunker;2741.00;9.50;1235.00;-3.34;0
290;coastal_bunker;2752.00;9.65;1235.00;-3.14;0
290;coastal_bunker;2760.00;9.50;1237.00;-3.93;0
290;dockyard;2736.00;10.03;1234.00;-3.34;0
290;fuel_silo;2738.00;12.45;1229.00;5.38;0
290;industrial_complex;2711.00;10.10;1235.00;5.74;0
290;industrial_complex;2716.00;9.70;1244.00;3.17;0
290;industrial_complex;2716.00;10.03;1239.00;1.01;0
290;industrial_complex;2718.00;9.70;1244.00;0.06;0
290;industrial_complex;2722.00;11.38;1234.00;3.68;0
290;industrial_complex;2731.00;11.48;1230.00;1.62;0
290;naval_base;2710.00;9.50;1235.00;-1.85;2400
290;naval_base;2722.41;9.70;1245.55;-4.36;5407
290;naval_base;2727.00;10.88;1238.00;-3.79;5407
290;naval_base;2739.00;10.00;1234.00;-3.34;5407
290;naval_base;2749.00;9.50;1236.00;-3.14;5407
290;naval_base;2759.64;9.50;1235.72;-4.23;8793
290;nuclear_reactor;2749.00;13.80;1227.00;3.31;0
290;radar_station;2736.00;13.07;1231.00;4.26;0
290;rocket_site;2752.00;12.23;1231.00;0.64;0
290;synthetic_refinery;2747.00;13.98;1227.00;1.24;0
291;air_base;3519.00;9.70;1174.00;3.81;0
291;anti_air_building;3518.00;10.10;1197.00;5.54;0
291;anti_air_building;3527.00;9.70;1161.00;2.87;0
291;anti_air_building;3543.00;9.70;1175.00;1.31;0
291;arms_factory;3503.00;9.88;1167.00;2.80;0
291;arms_factory;3508.00;10.00;1159.00;0.13;0
291;arms_factory;3509.00;10.15;1153.00;2.19;0
291;arms_factory;3520.00;10.03;1202.00;0.63;0
291;arms_factory;3521.00;9.70;1172.00;3.75;0
291;arms_factory;3535.00;9.70;1188.00;0.74;0
291;bunker;3486.00;10.05;1180.00;5.98;0
291;bunker;3496.00;10.10;1170.00;3.47;0
291;bunker;3507.00;10.20;1197.00;3.81;0
291;bunker;3511.00;10.00;1211.00;4.42;0
291;bunker;3513.00;9.70;1170.00;1.75;0
291;bunker;3517.00;10.00;1191.00;5.87;0
291;bunker;3518.00;9.70;1184.00;2.26;0
291;bunker;3521.00;9.70;1163.00;2.87;0
291;bunker;3527.00;9.70;1188.00;0.20;0
291;bunker;3538.00;9.70;1183.00;3.91;0
291;fuel_silo;3487.00;10.00;1181.00;6.04;0
291;industrial_complex;3487.00;9.90;1184.00;4.86;0
291;industrial_complex;3499.00;10.25;1204.00;3.30;0
291;industrial_complex;3505.00;9.70;1182.00;5.47;0
291;industrial_complex;3513.00;9.88;1189.00;1.24;0
291;industrial_complex;3528.00;9.70;1186.00;5.37;0
291;industrial_complex;3532.00;9.70;1167.00;5.97;0
291;nuclear_reactor;3505.00;9.70;1178.00;1.82;0
291;radar_station;3514.00;9.70;1184.00;1.39;0
291;rocket_site;3528.00;9.70;1182.00;3.98;0
291;synthetic_refinery;3487.00;10.10;1176.00;3.37;0
292;air_base;3510.00;11.57;1003.00;0.64;0
292;anti_air_building;3513.00;11.43;1008.00;1.75;0
292;anti_air_building;3537.00;11.68;1010.00;4.42;0
292;anti_air_building;3548.00;11.15;1031.00;5.98;0
292;arms_factory;3497.00;11.82;981.00;0.13;0
292;arms_factory;3511.00;11.50;994.00;5.81;0
292;arms_factory;3534.00;11.10;983.00;1.68;0
292;arms_factory;3535.00;11.10;1065.00;3.75;0
292;arms_factory;3537.00;11.73;1027.00;5.30;0
292;arms_factory;3550.00;10.95;1005.00;0.74;0
292;bunker;3510.00;11.78;990.00;5.98;0
292;bunker;3521.00;11.28;1009.00;3.31;0
292;bunker;3542.00;11.38;1058.00;3.91;0
292;bunker;3545.00;11.43;1037.00;2.71;0
292;fuel_silo;3535.00;11.32;991.00;0.20;0
292;industrial_complex;3511.00;11.30;1000.00;4.35;0
292;industrial_complex;3524.00;11.15;982.00;1.24;0
292;industrial_complex;3531.00;11.75;1007.00;2.20;0
292;industrial_complex;3532.00;11.03;1070.00;4.86;0
292;industrial_complex;3542.00;11.00;985.00;4.25;0
292;industrial_complex;3543.00;11.00;987.00;4.26;0
292;nuclear_reactor;3533.00;11.75;1034.00;2.26;0
292;radar_station;3525.00;11.43;1020.00;1.34;0
292;rocket_site;3527.00;11.85;1012.00;4.42;0
292;synthetic_refinery;3495.00;11.57;986.00;2.36;0
293;air_base;3477.00;9.98;894.00;2.51;0
293;anti_air_building;3499.00;13.93;903.00;5.69;0
293;anti_air_building;3524.00;11.85;916.00;4.73;0
293;anti_air_building;3525.00;11.82;904.00;3.52;0
293;arms_factory;3480.00;10.43;897.00;2.34;0
293;arms_factory;3502.00;13.63;923.00;3.55;0
293;arms_factory;3503.00;13.85;893.00;5.61;0
293;arms_factory;3505.00;13.48;873.00;1.99;0
293;arms_factory;3526.00;11.70;922.00;2.95;0
293;arms_factory;3528.00;11.75;910.00;0.28;0
293;bunker;3482.00;10.10;876.00;3.02;0
293;bunker;3500.00;13.88;890.00;0.95;0
293;bunker;3503.00;13.63;921.00;2.51;0
293;bunker;3514.00;12.55;919.00;5.18;0
293;bunker;3515.00;13.65;879.00;5.68;0
293;coastal_bunker;3475.00;9.50;907.00;-1.13;0
293;coastal_bunker;3481.00;9.50;867.00;-1.33;0
293;dockyard;3479.00;9.50;874.00;-1.33;0
293;fuel_silo;3498.00;13.35;917.00;1.16;0
293;industrial_complex;3485.00;10.65;875.00;6.12;0
293;industrial_complex;3487.00;13.90;924.00;0.79;0
293;industrial_complex;3488.00;12.65;897.00;4.06;0
293;industrial_complex;3498.00;13.75;885.00;3.46;0
293;industrial_complex;3517.00;12.25;919.00;6.22;0
293;industrial_complex;3520.00;11.93;907.00;5.01;0
293;naval_base;3476.00;9.50;887.00;-1.57;2800
293;naval_base;3477.00;9.50;882.00;-1.33;2800
293;nuclear_reactor;3514.00;12.63;913.00;4.64;0
293;radar_station;3506.00;13.60;892.00;2.89;0
293;rocket_site;3498.00;13.82;881.00;0.52;0
293;synthetic_refinery;3492.00;13.05;886.00;1.46;0
294;air_base;3685.00;10.05;950.00;4.42;0
294;anti_air_building;3714.00;12.73;1022.00;1.31;0
294;anti_air_building;3720.00;9.82;994.00;3.47;0
294;anti_air_building;3731.00;11.75;1014.00;2.26;0
294;arms_factory;3686.00;10.05;951.00;3.30;0
294;arms_factory;3697.00;9.85;969.00;5.37;0
294;arms_factory;3715.00;9.90;987.00;5.97;0
294;arms_factory;3717.00;9.65;980.00;5.47;0
294;arms_factory;3717.00;12.57;1022.00;3.91;0
294;arms_factory;3723.00;9.75;994.00;3.81;0
294;bunker;3693.00;11.93;1035.00;4.42;0
294;bunker;3700.00;9.80;964.00;0.26;0
294;bunker;3703.00;9.78;981.00;3.91;0
294;bunker;3721.00;11.65;1027.00;1.75;0
294;bunker;3722.00;10.82;1003.00;5.98;0
294;coastal_bunker;3686.00;10.18;1052.00;-3.14;0
294;coastal_bunker;3688.00;9.50;942.00;0.98;0
294;coastal_bunker;3703.00;9.78;1036.00;-3.61;0
294;coastal_bunker;3723.00;9.50;979.00;1.35;0
294;coastal_bunker;3738.00;9.50;1009.00;-4.47;0
294;dockyard;3689.00;9.70;947.00;0.98;0
294;fuel_silo;3686.00;10.10;950.00;2.71;0
294;industrial_complex;3682.00;10.98;1035.00;5.87;0
294;industrial_complex;3689.00;12.18;1039.00;3.81;0
294;industrial_complex;3708.00;9.88;980.00;2.87;0
294;industrial_complex;3709.00;9.90;999.00;1.75;0
294;industrial_complex;3715.00;10.98;1030.00;5.98;0
294;industrial_complex;3720.00;11.00;1003.00;0.20;0
294;naval_base;3690.00;10.10;1046.00;-3.86;2943
294;naval_base;3707.00;9.50;956.00;0.98;2762
294;naval_base;3724.00;10.35;1028.00;-3.61;2943
294;naval_base;3726.00;9.57;994.00;1.35;2716
294;naval_base;3737.00;9.63;1007.00;-4.47;2640
294;nuclear_reactor;3696.00;10.15;960.00;3.45;0
294;radar_station;3709.00;9.82;997.00;4.02;0
294;rocket_site;3699.00;11.05;1034.00;5.54;0
294;synthetic_refinery;3695.00;11.85;1033.00;6.21;0
295;air_base;3093.00;11.55;553.00;2.26;0
295;anti_air_building;3072.00;11.25;560.00;3.98;0
295;anti_air_building;3125.00;10.85;566.00;1.32;0
295;anti_air_building;3131.00;10.80;575.00;4.93;0
295;arms_factory;3086.00;11.25;529.00;3.31;0
295;arms_factory;3090.00;11.35;524.00;5.98;0
295;arms_factory;3095.00;11.78;533.00;0.64;0
295;arms_factory;3099.00;11.90;531.00;1.75;0
295;arms_factory;3105.00;10.88;573.00;3.91;0
295;arms_factory;3108.00;10.85;578.00;2.71;0
295;bunker;3066.00;10.80;590.00;0.21;0
295;bunker;3069.00;11.10;570.00;0.71;0
295;bunker;3101.00;11.80;540.00;4.93;0
295;bunker;3116.00;11.20;566.00;2.87;0
295;bunker;3123.00;10.70;571.00;1.92;0
295;fuel_silo;3084.00;11.20;531.00;0.55;0
295;industrial_complex;3100.00;10.95;576.00;2.36;0
295;industrial_complex;3113.00;11.65;538.00;0.20;0
295;industrial_complex;3121.00;11.20;545.00;4.42;0
295;industrial_complex;3125.00;11.20;539.00;5.98;0
295;industrial_complex;3127.00;11.03;548.00;3.22;0
295;industrial_complex;3131.00;11.15;542.00;4.42;0
295;nuclear_reactor;3074.00;10.95;569.00;2.43;0
295;radar_station;3095.00;11.25;560.00;3.75;0
295;rocket_site;3127.00;10.80;571.00;6.04;0
295;synthetic_refinery;3108.00;11.50;548.00;1.82;0
296;air_base;2582.00;9.70;845.00;3.74;0
296;anti_air_building;2573.00;9.60;847.00;4.35;0
296;anti_air_building;2574.00;9.68;842.00;4.86;0
296;anti_air_building;2587.00;9.70;846.00;2.20;0
296;arms_factory;2552.00;9.60;848.00;2.13;0
296;arms_factory;2570.00;9.60;846.00;1.52;0
296;arms_factory;2570.00;9.60;848.00;3.68;0
296;arms_factory;2574.00;9.63;849.00;0.57;0
296;arms_factory;2576.00;9.60;841.00;0.67;0
296;arms_factory;2577.00;9.60;837.00;4.19;0
296;bunker;2554.00;9.68;843.00;0.74;0
296;bunker;2583.00;9.70;849.00;5.81;0
296;coastal_bunker;2556.00;9.50;840.00;-0.88;0
296;coastal_bunker;2573.00;9.53;837.00;-1.39;0
296;dockyard;2545.00;9.50;849.00;-2.03;0
296;fuel_silo;2556.00;9.68;845.00;4.68;0
296;industrial_complex;2560.00;9.70;847.00;5.91;0
296;industrial_complex;2568.00;9.60;834.00;1.17;0
296;industrial_complex;2569.00;9.65;845.00;5.30;0
296;industrial_complex;2575.00;9.63;842.00;0.58;0
296;industrial_complex;2581.00;9.70;839.00;6.25;0
296;industrial_complex;2582.00;9.70;838.00;3.24;0
296;naval_base;2562.64;9.50;840.55;-0.18;991
296;naval_base;2572.00;9.50;837.00;-1.39;991
296;nuclear_reactor;2577.00;9.70;850.00;3.31;0
296;radar_station;2586.00;9.70;850.00;4.26;0
296;rocket_site;2567.00;9.55;838.00;0.64;0
296;synthetic_refinery;2548.00;9.68;849.00;1.24;0
297;air_base;2956.00;9.70;672.00;1.68;0
297;anti_air_building;2962.00;10.10;680.00;4.86;0
297;anti_air_building;2969.00;12.00;684.00;4.26;0
297;anti_air_building;2974.00;12.60;672.00;1.24;0
297;arms_factory;2964.00;10.80;671.00;2.13;0
297;arms_factory;2968.00;12.32;669.00;1.52;0
297;arms_factory;2970.00;12.88;674.00;4.19;0
297;arms_factory;2972.00;13.07;676.00;6.25;0
297;arms_factory;2979.00;11.45;672.00;0.57;0
297;arms_factory;2981.00;11.57;674.00;1.17;0
297;bunker;2942.00;9.55;706.00;0.13;0
297;bunker;2982.00;11.57;673.00;3.75;0
297;coastal_bunker;2939.00;9.50;702.00;-1.57;0
297;coastal_bunker;2959.00;9.50;684.00;-1.64;0
297;dockyard;2944.00;9.57;707.00;-1.57;0
297;fuel_silo;2969.00;12.25;676.00;5.89;0
297;industrial_complex;2958.00;10.03;670.00;5.91;0
297;industrial_complex;2960.00;10.00;677.00;3.24;0
297;industrial_complex;2962.00;10.05;681.00;3.74;0
297;industrial_complex;2963.00;10.13;668.00;5.30;0
297;industrial_complex;2971.00;12.90;673.00;5.30;0
297;industrial_complex;2978.00;12.07;678.00;0.58;0
297;naval_base;2945.00;9.50;707.00;0.93;3818
297;naval_base;2957.00;9.50;677.00;-1.64;3818
297;nuclear_reactor;2973.00;13.07;678.00;2.71;0
297;radar_station;2976.00;12.48;674.00;3.31;0
297;rocket_site;2959.00;9.93;673.00;5.98;0
297;synthetic_refinery;2968.00;12.57;676.00;0.64;0
298;air_base;2654.00;10.38;753.00;1.32;0
298;anti_air_building;2646.00;10.95;777.00;5.43;0
298;anti_air_building;2648.00;10.40;762.00;4.83;0
298;anti_air_building;2671.00;10.05;742.00;1.81;0
298;arms_factory;2648.00;10.50;765.00;2.59;0
298;arms_factory;2652.00;11.10;776.00;3.81;0
298;arms_factory;2654.00;10.55;762.00;5.86;0
298;arms_factory;2655.00;10.63;771.00;4.31;0
298;arms_factory;2665.00;10.15;757.00;1.65;0
298;arms_factory;2667.00;10.15;758.00;3.20;0
298;bunker;2654.00;10.38;753.00;4.35;0
298;bunker;2657.00;9.68;739.00;4.25;0
298;bunker;2662.00;10.20;758.00;2.76;0
298;bunker;2672.00;10.10;759.00;0.09;0
298;coastal_bunker;2640.00;9.50;750.00;-0.95;0
298;coastal_bunker;2682.00;9.50;722.00;-0.32;0
298;dockyard;2675.00;9.50;725.00;-0.32;0
298;fuel_silo;2644.00;10.57;770.00;2.13;0
298;industrial_complex;2648.00;10.98;774.00;4.32;0
298;industrial_complex;2653.00;10.60;764.00;5.87;0
298;industrial_complex;2673.00;10.07;755.00;0.09;0
298;industrial_complex;2674.00;10.20;760.00;1.65;0
298;industrial_complex;2678.00;10.07;740.00;2.25;0
298;industrial_complex;2688.00;10.00;738.00;2.16;0
298;naval_base;2634.00;9.50;755.00;-0.95;1212
298;naval_base;2670.00;9.50;727.00;-0.32;8757
298;nuclear_reactor;2666.00;10.40;745.00;3.27;0
298;radar_station;2664.00;10.23;756.00;6.28;0
298;rocket_site;2678.00;9.70;726.00;3.91;0
298;synthetic_refinery;2673.00;10.15;763.00;1.21;0
299;air_base;1901.00;9.70;78.00;0.13;0
299;anti_air_building;1877.00;9.53;70.00;0.64;0
299;anti_air_building;1878.00;9.55;70.00;4.26;0
299;anti_air_building;1907.00;9.70;78.00;1.24;0
299;arms_factory;1886.00;9.70;77.00;5.30;0
299;arms_factory;1888.00;9.68;77.00;1.17;0
299;arms_factory;1889.00;9.70;80.00;0.58;0
299;arms_factory;1902.00;9.70;78.00;6.25;0
299;arms_factory;1912.00;9.60;78.00;5.91;0
299;arms_factory;1914.00;9.60;78.00;3.24;0
299;bunker;1884.00;9.60;77.00;4.35;0
299;coastal_bunker;1881.00;9.50;70.00;0.46;0
299;dockyard;1891.00;9.50;72.00;0.46;0
299;fuel_silo;1898.00;9.70;75.00;5.28;0
299;industrial_complex;1878.00;9.55;70.00;5.30;0
299;industrial_complex;1880.00;9.68;71.00;3.75;0
299;industrial_complex;1884.00;9.60;75.00;0.74;0
299;industrial_complex;1886.00;9.60;75.00;5.81;0
299;industrial_complex;1892.00;9.57;70.00;3.74;0
299;industrial_complex;1903.00;9.70;80.00;1.68;0
299;naval_base;1900.00;9.50;82.00;-2.47;2580
299;nuclear_reactor;1879.00;9.70;71.00;3.91;0
299;radar_station;1887.00;9.70;79.00;5.98;0
299;rocket_site;1901.00;9.70;74.00;2.71;0
299;synthetic_refinery;1901.00;9.60;80.00;3.31;0
300;air_base;1920.72;9.60;293.92;4.35;0
300;anti_air_building;1909.00;9.70;304.00;3.98;0
300;anti_air_building;1936.00;9.82;306.00;3.38;0
300;anti_air_building;1952.00;9.70;321.00;1.82;0
300;arms_factory;1894.00;9.65;312.00;3.24;0
300;arms_factory;1919.00;9.70;301.00;5.30;0
300;arms_factory;1921.00;9.78;328.00;0.58;0
300;arms_factory;1921.00;9.80;313.00;5.30;0
300;arms_factory;1923.00;9.70;305.00;5.91;0
300;arms_factory;1959.00;9.70;311.00;3.74;0
300;bunker;1904.00;9.70;305.00;4.93;0
300;bunker;1904.00;9.75;350.00;1.75;0
300;bunker;1913.00;9.80;328.00;3.91;0
300;bunker;1915.00;9.80;312.00;3.22;0
300;bunker;1917.00;9.70;299.00;5.98;0
300;bunker;1923.00;10.05;355.00;4.42;0
300;bunker;1930.00;9.70;303.00;0.20;0
300;bunker;1936.00;9.80;329.00;4.42;0
300;bunker;1937.00;9.80;332.00;5.98;0
300;bunker;1938.00;9.90;352.00;3.31;0
300;bunker;1958.00;9.70;313.00;2.71;0
300;bunker;1960.00;9.70;322.00;2.26;0
300;bunker;1964.00;9.70;323.00;2.36;0
300;coastal_bunker;1891.00;9.53;317.00;-1.08;0
300;coastal_bunker;1892.00;9.50;302.00;-0.79;0
300;coastal_bunker;1912.00;9.50;292.00;-0.14;0
300;coastal_bunker;1951.00;9.50;293.00;0.36;0
300;coastal_bunker;1961.00;9.60;308.00;1.25;0
300;dockyard;1895.00;9.50;297.00;-0.79;0
300;fuel_silo;1920.00;9.80;320.00;1.67;0
300;industrial_complex;1890.00;9.70;309.00;0.74;0
300;industrial_complex;1902.00;9.70;345.00;4.25;0
300;industrial_complex;1903.00;9.70;300.00;1.68;0
300;industrial_complex;1921.00;9.80;368.00;3.75;0
300;industrial_complex;1950.00;9.70;316.00;5.81;0
300;industrial_complex;1955.00;9.80;307.00;0.13;0
300;naval_base;1891.00;9.50;303.00;-0.79;5951
300;naval_base;1893.00;9.50;323.00;-1.08;5951
300;naval_base;1928.00;9.50;290.00;-0.14;5951
300;naval_base;1953.00;9.57;296.00;0.36;5951
300;naval_base;1957.00;9.50;299.00;0.00;5951
300;nuclear_reactor;1963.00;9.70;328.00;0.37;0
300;radar_station;1944.00;9.80;315.00;2.43;0
300;rocket_site;1920.00;10.00;348.00;5.45;0
300;synthetic_refinery;1911.00;9.80;340.00;6.04;0
301;air_base;1917.13;9.80;458.82;4.86;0
301;anti_air_building;1925.00;10.15;489.00;3.91;0
301;anti_air_building;1931.00;10.20;476.00;2.71;0
301;anti_air_building;1942.00;10.32;468.00;1.75;0
301;arms_factory;1902.00;10.30;430.00;1.68;0
301;arms_factory;1913.00;10.40;419.00;5.30;0
301;arms_factory;1928.00;10.05;460.00;3.24;0
301;arms_factory;1928.00;10.35;497.00;5.81;0
301;arms_factory;1937.00;10.82;435.00;5.91;0
301;arms_factory;1938.00;10.07;461.00;3.74;0
301;bunker;1915.00;9.82;481.00;2.58;0
301;bunker;1915.00;10.25;503.00;4.26;0
301;bunker;1918.00;10.50;438.00;3.31;0
301;bunker;1920.00;10.40;445.00;5.98;0
301;bunker;1925.00;10.53;441.00;0.64;0
301;bunker;1942.00;10.45;473.00;1.24;0
301;fuel_silo;1932.00;10.05;473.00;4.33;0
301;industrial_complex;1905.00;9.80;501.00;0.13;0
301;industrial_complex;1915.00;9.80;482.00;2.20;0
301;industrial_complex;1921.00;10.30;454.00;3.75;0
301;industrial_complex;1928.00;10.10;459.00;4.35;0
301;industrial_complex;1944.00;10.28;456.00;4.25;0
301;industrial_complex;1944.00;10.48;478.00;0.74;0
301;nuclear_reactor;1920.00;10.40;431.00;0.20;0
301;radar_station;1935.00;10.20;450.00;5.98;0
301;rocket_site;1922.00;10.23;503.00;2.36;0
301;synthetic_refinery;1938.00;10.82;437.00;4.42;0
302;air_base;1742.00;14.30;621.00;2.87;0
302;anti_air_building;1729.00;16.55;620.00;4.49;0
302;anti_air_building;1736.00;20.25;598.00;3.98;0
302;anti_air_building;1758.00;17.18;590.00;1.82;0
302;arms_factory;1728.00;15.18;631.00;5.98;0
302;arms_factory;1732.00;12.43;602.00;5.87;0
302;arms_factory;1735.00;10.80;607.00;1.75;0
302;arms_factory;1746.00;12.88;625.00;3.81;0
302;arms_factory;1753.00;10.40;655.00;3.81;0
302;arms_factory;1753.00;11.68;610.00;3.91;0
302;bunker;1731.00;13.28;617.00;5.54;0
302;bunker;1745.00;20.13;591.00;6.04;0
302;bunker;1752.00;12.85;604.00;1.31;0
302;bunker;1753.00;10.40;656.00;3.37;0
302;fuel_silo;1744.00;10.50;647.00;2.43;0
302;industrial_complex;1734.00;10.55;654.00;2.87;0
302;industrial_complex;1736.00;14.15;629.00;1.31;0
302;industrial_complex;1743.00;10.50;648.00;4.42;0
302;industrial_complex;1745.00;10.50;659.00;0.20;0
302;industrial_complex;1747.00;15.05;603.00;2.26;0
302;industrial_complex;1749.00;15.98;599.00;3.47;0
302;nuclear_reactor;1742.00;20.75;594.00;4.49;0
302;radar_station;1743.00;14.50;623.00;5.74;0
302;rocket_site;1746.00;18.68;599.00;0.37;0
302;synthetic_refinery;1746.00;13.55;615.00;6.04;0
303;air_base;1613.83;12.00;669.32;3.31;0
303;anti_air_building;1580.00;10.00;731.00;2.72;0
303;anti_air_building;1585.00;14.55;736.00;5.38;0
303;anti_air_building;1615.66;14.00;686.26;1.77;0
303;arms_factory;1593.11;10.10;698.77;1.92;0
303;arms_factory;1595.10;10.10;694.23;1.82;0
303;arms_factory;1605.34;10.60;684.55;0.71;0
303;arms_factory;1607.21;14.70;728.45;4.93;0
303;arms_factory;1607.72;10.80;678.47;3.98;0
303;arms_factory;1625.51;14.60;702.62;1.32;0
303;bunker;1586.00;13.88;733.00;4.78;0
303;bunker;1595.00;12.82;708.00;1.02;0
303;bunker;1598.78;14.70;737.30;3.22;0
303;bunker;1604.00;10.15;681.00;0.21;0
303;bunker;1616.96;14.50;695.32;4.93;0
303;bunker;1617.00;13.57;666.00;6.04;0
303;bunker;1645.00;12.28;686.00;4.42;0
303;coastal_bunker;1582.00;9.50;721.00;-1.06;0
303;coastal_bunker;1587.00;9.50;708.00;-1.71;0
303;coastal_bunker;1604.00;9.50;675.00;-1.35;0
303;coastal_bunker;1610.00;9.50;665.00;-1.25;0
303;dockyard;1579.00;9.50;728.00;-1.19;0
303;fuel_silo;1606.00;14.50;722.00;2.27;0
303;industrial_complex;1580.00;10.00;730.00;4.37;0
303;industrial_complex;1616.00;12.57;728.00;0.15;0
303;industrial_complex;1618.52;12.00;660.77;3.16;0
303;industrial_complex;1629.51;15.10;662.67;2.81;0
303;industrial_complex;1632.09;14.50;683.71;2.21;0
303;industrial_complex;1635.12;14.10;686.53;4.88;0
303;naval_base;1579.00;9.50;728.00;-1.19;4485
303;naval_base;1591.00;9.50;700.00;-1.11;4708
303;naval_base;1595.00;9.50;690.00;-1.35;4708
303;naval_base;1611.00;9.50;665.00;-1.25;4708
303;nuclear_reactor;1616.68;14.80;712.33;0.37;0
303;radar_station;1637.44;14.90;679.35;2.43;0
303;rocket_site;1596.00;18.23;731.00;5.45;0
303;synthetic_refinery;1601.00;17.73;730.00;3.32;0
304;bunker;1567.99;9.80;1017.61;0.11;0
304;bunker;1581.00;9.98;1014.00;4.42;0
304;bunker;1589.00;9.88;997.00;3.22;0
304;coastal_bunker;1570.14;9.50;1021.21;-3.14;0
304;coastal_bunker;1581.00;9.50;1007.00;-0.98;0
304;coastal_bunker;1587.00;9.50;988.00;-0.27;0
304;naval_base;1569.93;9.50;1021.47;-3.14;2284
304;naval_base;1577.06;9.70;1010.41;-0.98;8857
304;naval_base;1583.00;9.50;996.00;-1.57;8857
305;air_base;1587.80;13.80;873.91;4.42;0
305;anti_air_building;1566.00;9.90;873.00;2.43;0
305;anti_air_building;1567.00;14.05;803.00;3.38;0
305;anti_air_building;1590.00;12.50;832.00;6.04;0
305;arms_factory;1559.00;9.75;815.00;1.24;0
305;arms_factory;1573.00;12.78;838.00;4.35;0
305;arms_factory;1584.00;13.55;816.00;4.86;0
305;arms_factory;1591.00;16.30;862.00;4.26;0
305;arms_factory;1594.00;11.80;836.00;4.25;0
305;arms_factory;1625.00;10.00;851.00;2.20;0
305;bunker;1551.00;10.13;841.00;0.71;0
305;bunker;1558.00;10.10;863.00;5.76;0
305;bunker;1560.00;12.55;804.00;4.42;0
305;bunker;1571.00;11.75;853.00;2.26;0
305;bunker;1575.00;11.75;877.00;0.21;0
305;bunker;1585.40;14.40;862.35;4.93;0
305;bunker;1589.00;11.73;823.00;1.92;0
305;bunker;1590.00;12.80;853.00;1.63;0
305;bunker;1617.00;10.15;851.00;2.87;0
305;bunker;1627.00;10.00;862.00;3.22;0
305;coastal_bunker;1556.00;9.57;868.00;-1.57;0
305;coastal_bunker;1558.00;9.50;830.00;-0.32;0
305;coastal_bunker;1558.00;9.57;817.00;-2.40;0
305;coastal_bunker;1561.00;9.57;883.00;-1.57;0
305;dockyard;1557.00;9.57;869.00;-1.57;0
305;fuel_silo;1584.00;14.10;865.00;2.78;0
305;industrial_complex;1553.00;10.05;846.00;5.98;0
305;industrial_complex;1559.00;9.98;856.00;2.71;0
305;industrial_complex;1570.00;11.30;842.00;1.75;0
305;industrial_complex;1611.00;10.32;872.00;3.31;0
305;industrial_complex;1617.00;10.10;838.00;3.91;0
305;industrial_complex;1627.00;10.00;858.00;0.64;0
305;naval_base;1543.00;9.50;834.00;-0.32;2335
305;naval_base;1553.00;9.50;816.00;-2.40;2335
305;naval_base;1557.00;9.50;874.00;-1.70;3634
305;naval_base;1572.00;9.57;887.00;-3.42;2311
305;nuclear_reactor;1574.00;14.50;859.00;0.87;0
305;radar_station;1615.00;10.50;859.00;0.37;0
305;rocket_site;1572.00;15.43;821.00;4.49;0
305;synthetic_refinery;1598.00;10.73;849.00;5.45;0
306;air_base;1644.00;12.35;937.00;4.56;0
306;anti_air_building;1656.00;11.00;973.00;3.00;0
306;anti_air_building;1659.00;10.85;1012.00;5.16;0
306;anti_air_building;1660.00;12.93;973.00;3.96;0
306;arms_factory;1652.00;11.35;968.00;0.78;0
306;arms_factory;1652.00;13.75;946.00;1.38;0
306;arms_factory;1656.00;10.43;976.00;5.00;0
306;arms_factory;1659.00;12.80;946.00;0.88;0
306;arms_factory;1665.00;12.73;972.00;4.05;0
306;arms_factory;1669.00;10.53;1007.00;2.94;0
306;bunker;1641.00;10.93;943.00;0.21;0
306;bunker;1663.00;11.38;983.00;0.96;0
306;bunker;1665.00;14.20;957.00;4.42;0
306;bunker;1671.00;10.55;1003.00;6.12;0
306;fuel_silo;1665.00;11.57;986.00;4.34;0
306;industrial_complex;1653.00;14.82;956.00;1.39;0
306;industrial_complex;1655.00;9.75;995.00;4.05;0
306;industrial_complex;1656.00;9.70;990.00;5.61;0
306;industrial_complex;1657.00;10.15;1006.00;0.44;0
306;industrial_complex;1663.00;11.75;995.00;4.66;0
306;industrial_complex;1671.00;13.07;971.00;3.45;0
306;nuclear_reactor;1667.00;12.32;977.00;1.45;0
306;radar_station;1654.00;9.80;982.00;0.95;0
306;rocket_site;1663.00;12.53;978.00;0.13;0
306;synthetic_refinery;1644.00;12.35;949.00;4.57;0
307;air_base;1737.00;9.70;993.00;3.22;0
307;anti_air_building;1737.00;9.70;994.00;4.86;0
307;anti_air_building;1762.00;9.70;1006.00;4.36;0
307;anti_air_building;1773.00;10.40;1003.00;2.20;0
307;arms_factory;1689.00;9.90;984.00;4.20;0
307;arms_factory;1701.00;9.82;994.00;2.64;0
307;arms_factory;1710.00;9.80;997.00;5.91;0
307;arms_factory;1729.00;9.75;972.00;5.31;0
307;arms_factory;1740.00;9.73;982.00;4.70;0
307;arms_factory;1742.00;9.70;1005.00;0.58;0
307;bunker;1719.00;9.80;1000.00;1.32;0
307;bunker;1736.00;9.75;969.00;5.45;0
307;bunker;1736.00;9.80;983.00;2.58;0
307;bunker;1740.00;9.70;990.00;4.93;0
307;bunker;1754.00;9.70;1002.00;0.71;0
307;fuel_silo;1750.00;9.70;995.00;2.17;0
307;industrial_complex;1699.00;9.80;991.00;1.69;0
307;industrial_complex;1713.00;10.10;1010.00;3.75;0
307;industrial_complex;1721.00;9.80;987.00;1.09;0
307;industrial_complex;1725.00;9.70;982.00;3.15;0
307;industrial_complex;1753.00;9.80;1009.00;0.13;0
307;industrial_complex;1754.00;9.70;996.00;4.35;0
307;nuclear_reactor;1768.00;9.90;1017.00;2.80;0
307;radar_station;1755.00;9.95;1022.00;0.14;0
307;rocket_site;1763.00;9.70;996.00;3.45;0
307;synthetic_refinery;1723.00;9.80;972.00;4.05;0
308;air_base;1849.00;9.68;1115.00;2.26;0
308;anti_air_building;1848.00;9.55;1116.00;3.98;0
308;anti_air_building;1848.00;9.60;1117.00;1.82;0
308;anti_air_building;1848.00;9.70;1119.00;3.38;0
308;arms_factory;1847.00;9.55;1119.00;5.98;0
308;arms_factory;1848.00;9.55;1116.00;2.71;0
308;arms_factory;1848.00;9.60;1117.00;1.75;0
308;arms_factory;1849.00;9.50;1113.00;0.64;0
308;arms_factory;1849.00;9.70;1118.00;3.91;0
308;arms_factory;1850.00;9.70;1116.00;3.31;0
308;bunker;1836.00;9.57;1138.00;0.71;0
308;bunker;1847.00;9.55;1120.00;2.87;0
308;coastal_bunker;1832.00;9.50;1145.00;-2.03;0
308;coastal_bunker;1850.00;9.60;1119.00;-1.57;0
308;dockyard;1848.00;9.68;1120.00;-1.57;0
308;fuel_silo;1848.00;9.53;1115.00;4.84;0
308;industrial_complex;1836.00;9.57;1138.00;5.98;0
308;industrial_complex;1836.00;9.65;1139.00;4.42;0
308;industrial_complex;1847.00;9.53;1118.00;4.42;0
308;industrial_complex;1847.00;9.55;1119.00;2.36;0
308;industrial_complex;1847.00;9.55;1120.00;0.20;0
308;industrial_complex;1848.00;9.68;1118.00;3.22;0
308;naval_base;1825.00;9.50;1148.00;-2.03;2887
308;naval_base;1849.00;9.60;1120.00;-1.57;5533
308;nuclear_reactor;1849.00;9.70;1119.00;0.37;0
308;radar_station;1847.00;9.55;1119.00;2.43;0
308;rocket_site;1849.00;9.70;1117.00;5.45;0
308;synthetic_refinery;1847.00;9.53;1118.00;6.04;0
309;air_base;1924.00;9.68;960.00;3.98;0
309;anti_air_building;1918.00;9.63;959.00;0.28;0
309;anti_air_building;1926.00;9.70;959.00;3.54;0
309;anti_air_building;1937.00;9.70;962.00;2.34;0
309;arms_factory;1919.00;9.70;963.00;3.47;0
309;arms_factory;1920.00;9.68;958.00;0.21;0
309;arms_factory;1923.00;9.65;961.00;5.54;0
309;arms_factory;1926.00;9.70;957.00;2.87;0
309;arms_factory;1937.00;9.70;963.00;2.27;0
309;arms_factory;1944.00;9.70;962.00;3.82;0
309;bunker;1919.00;9.70;961.00;2.43;0
309;bunker;1941.00;9.70;962.00;6.05;0
309;coastal_bunker;1932.00;9.60;961.00;-3.14;0
309;coastal_bunker;1941.00;9.55;964.00;-2.36;0
309;dockyard;1963.00;9.60;960.00;-4.61;0
309;fuel_silo;1937.00;9.65;960.00;0.12;0
309;industrial_complex;1921.00;9.70;959.00;4.34;0
309;industrial_complex;1929.00;9.70;958.00;5.54;0
309;industrial_complex;1929.00;9.70;959.00;1.31;0
309;industrial_complex;1942.00;9.70;961.00;3.38;0
309;industrial_complex;1958.00;9.70;962.00;2.78;0
309;industrial_complex;1960.00;9.70;960.00;6.04;0
309;naval_base;1923.00;9.55;964.00;-3.14;1665
309;naval_base;1962.00;9.60;961.00;-4.61;2670
309;nuclear_reactor;1955.00;9.70;962.00;5.01;0
309;radar_station;1938.00;9.65;960.00;6.09;0
309;rocket_site;1957.00;9.70;960.00;1.99;0
309;synthetic_refinery;1932.00;9.70;960.00;2.94;0
310;air_base;1988.00;9.70;947.00;2.93;0
310;anti_air_building;1988.00;9.70;947.00;4.05;0
310;anti_air_building;1989.00;9.70;946.00;6.21;0
310;anti_air_building;1996.00;9.70;940.00;5.01;0
310;arms_factory;1981.00;9.70;951.00;2.78;0
310;arms_factory;1982.00;9.70;950.00;6.04;0
310;arms_factory;1985.00;9.70;948.00;3.38;0
310;arms_factory;1987.00;9.70;947.00;5.54;0
310;arms_factory;1991.00;9.70;945.00;4.34;0
310;arms_factory;1997.00;9.70;939.00;1.31;0
310;bunker;1981.00;9.70;952.00;3.54;0
310;bunker;1998.00;9.70;936.00;0.28;0
310;coastal_bunker;1976.00;9.55;956.00;-3.14;0
310;coastal_bunker;1986.00;9.60;949.00;-4.39;0
310;dockyard;1981.00;9.68;954.00;-3.14;0
310;fuel_silo;1986.00;9.70;948.00;2.78;0
310;industrial_complex;1966.00;9.70;959.00;6.05;0
310;industrial_complex;1970.00;9.70;957.00;4.49;0
310;industrial_complex;1975.00;9.70;955.00;1.83;0
310;industrial_complex;1981.00;9.70;953.00;3.98;0
310;industrial_complex;1991.00;9.70;945.00;0.27;0
310;industrial_complex;1997.00;9.70;939.00;2.43;0
310;naval_base;1971.00;9.53;958.00;-3.14;2670
310;naval_base;1985.00;9.68;949.00;-4.39;2670
310;nuclear_reactor;1979.00;9.70;954.00;2.50;0
310;radar_station;1982.00;9.70;948.00;3.05;0
310;rocket_site;1981.00;9.70;952.00;6.12;0
310;synthetic_refinery;1983.00;9.70;949.00;1.89;0
311;air_base;1427.00;9.70;1161.00;4.93;0
311;anti_air_building;1417.00;10.88;1134.00;5.45;0
311;anti_air_building;1418.00;9.80;1153.00;6.04;0
311;anti_air_building;1418.00;9.95;1146.00;2.43;0
311;arms_factory;1419.00;9.98;1132.00;4.42;0
311;arms_factory;1420.00;9.70;1157.00;4.42;0
311;arms_factory;1425.00;9.70;1164.00;3.22;0
311;arms_factory;1426.00;9.70;1148.00;2.36;0
311;arms_factory;1426.00;9.70;1161.00;5.98;0
311;arms_factory;1426.00;9.85;1141.00;0.20;0
311;bunker;1420.00;9.70;1152.00;3.46;0
311;bunker;1421.00;10.35;1144.00;3.98;0
311;coastal_bunker;1418.00;9.50;1126.00;1.57;0
311;coastal_bunker;1427.00;9.68;1165.00;-4.25;0
311;dockyard;1421.00;9.50;1130.00;1.57;0
311;fuel_silo;1421.00;9.70;1150.00;0.62;0
311;industrial_complex;1416.00;11.00;1134.00;0.21;0
311;industrial_complex;1417.00;10.43;1143.00;1.92;0
311;industrial_complex;1422.00;9.80;1147.00;0.71;0
311;industrial_complex;1423.00;9.70;1150.00;2.26;0
311;industrial_complex;1426.00;9.70;1138.00;4.93;0
311;industrial_complex;1427.00;9.70;1151.00;2.87;0
311;naval_base;1422.00;9.50;1131.00;1.37;5814
311;naval_base;1428.00;9.60;1152.00;1.57;5814
311;nuclear_reactor;1426.00;9.70;1138.00;3.89;0
311;radar_station;1423.00;9.75;1147.00;4.49;0
311;rocket_site;1418.00;10.53;1143.00;0.87;0
311;synthetic_refinery;1425.00;9.70;1164.00;0.37;0
313;bunker;1374.99;14.30;1110.79;4.85;0
313;bunker;1376.40;9.70;1097.33;5.18;0
313;bunker;1377.18;14.40;1119.64;4.85;0
313;bunker;1382.77;13.60;1106.91;0.87;0
313;coastal_bunker;1371.06;9.70;1099.37;-0.40;0
313;coastal_bunker;1378.00;9.50;1094.00;-0.24;0
313;dockyard;1383.00;9.50;1093.00;-0.24;0
313;naval_base;1371.02;9.70;1099.70;-1.57;2889
313;naval_base;1379.20;9.70;1094.27;-0.17;2912
313;nuclear_reactor;1372.55;13.90;1117.49;3.45;0
313;radar_station;1378.00;11.48;1104.00;4.05;0
313;synthetic_refinery;1377.69;14.10;1106.80;1.38;0
314;air_base;1421.00;9.53;1083.00;2.43;0
314;anti_air_building;1416.00;9.88;1088.00;5.00;0
314;anti_air_building;1417.00;10.45;1093.00;0.78;0
314;anti_air_building;1418.00;10.60;1095.00;0.88;0
314;arms_factory;1410.00;10.45;1090.00;2.87;0
314;arms_factory;1414.00;10.55;1093.00;1.92;0
314;arms_factory;1421.00;9.85;1087.00;0.71;0
314;arms_factory;1421.00;10.05;1089.00;2.26;0
314;arms_factory;1430.00;10.38;1091.00;4.93;0
314;arms_factory;1433.00;9.55;1082.00;0.21;0
314;bunker;1410.00;10.85;1097.00;0.87;0
314;bunker;1413.94;10.60;1088.42;1.23;0
314;bunker;1417.16;12.20;1096.30;1.23;0
314;bunker;1424.00;9.93;1089.00;4.49;0
314;bunker;1426.16;10.00;1084.89;1.23;0
314;bunker;1434.72;10.30;1086.60;1.23;0
314;coastal_bunker;1400.00;9.50;1091.00;-0.88;0
314;coastal_bunker;1411.44;10.70;1086.34;-0.79;0
314;coastal_bunker;1424.16;9.70;1082.09;0.00;0
314;coastal_bunker;1430.00;9.50;1081.00;0.00;0
314;dockyard;1419.00;9.50;1083.00;0.00;0
314;fuel_silo;1414.00;10.60;1092.00;1.23;0
314;industrial_complex;1414.00;10.55;1093.00;3.38;0
314;industrial_complex;1418.00;10.60;1095.00;6.04;0
314;industrial_complex;1421.00;9.53;1083.00;1.32;0
314;industrial_complex;1421.00;9.85;1087.00;1.82;0
314;industrial_complex;1423.00;9.73;1085.00;3.98;0
314;industrial_complex;1430.00;10.38;1091.00;4.93;0
314;naval_base;1403.04;9.50;1088.60;-0.79;2912
314;naval_base;1410.28;10.70;1086.47;-0.88;2912
314;naval_base;1424.51;9.50;1081.11;0.00;3239
314;naval_base;1433.22;9.50;1081.22;0.00;3239
314;nuclear_reactor;1434.00;10.45;1091.00;3.45;0
314;radar_station;1403.00;9.93;1092.00;4.05;0
314;rocket_site;1417.00;10.45;1093.00;5.61;0
314;synthetic_refinery;1413.00;10.57;1090.00;1.38;0
315;air_base;1515.71;9.70;1240.79;5.81;0
315;anti_air_building;1514.00;9.70;1222.00;0.13;0
315;anti_air_building;1570.00;9.75;1223.00;3.75;0
315;anti_air_building;1573.00;9.80;1224.00;0.74;0
315;arms_factory;1538.00;9.70;1235.00;4.19;0
315;arms_factory;1540.00;9.68;1232.00;2.13;0
315;arms_factory;1546.00;9.70;1233.00;0.57;0
315;arms_factory;1559.00;10.03;1227.00;6.25;0
315;arms_factory;1560.00;9.98;1225.00;1.17;0
315;arms_factory;1571.00;9.75;1223.00;5.30;0
315;bunker;1496.00;9.70;1233.00;0.44;0
315;bunker;1522.00;9.70;1240.00;3.96;0
315;bunker;1541.00;9.68;1229.00;4.66;0
315;bunker;1545.00;9.70;1236.00;3.32;0
315;bunker;1554.00;9.70;1228.00;6.12;0
315;bunker;1557.00;9.80;1232.00;5.99;0
315;bunker;1562.00;9.93;1225.00;4.56;0
315;bunker;1567.00;9.80;1228.00;3.83;0
315;coastal_bunker;1510.00;9.57;1235.00;-1.11;0
315;coastal_bunker;1527.67;9.70;1243.65;-3.39;0
315;coastal_bunker;1538.00;9.53;1228.00;-0.79;0
315;coastal_bunker;1545.00;9.55;1243.00;-3.34;0
315;coastal_bunker;1551.00;9.50;1226.00;0.38;0
315;coastal_bunker;1559.00;9.68;1238.00;-2.94;0
315;coastal_bunker;1566.00;9.68;1232.00;-3.55;0
315;coastal_bunker;1569.00;9.50;1218.00;0.00;0
315;dockyard;1524.32;9.70;1244.59;-3.29;0
315;fuel_silo;1557.00;9.80;1231.00;5.35;0
315;industrial_complex;1520.00;9.70;1242.00;3.24;0
315;industrial_complex;1523.00;9.70;1243.00;0.58;0
315;industrial_complex;1535.00;9.70;1241.00;5.91;0
315;industrial_complex;1537.00;9.65;1235.00;3.74;0
315;industrial_complex;1557.00;9.75;1233.00;5.30;0
315;industrial_complex;1557.00;9.80;1232.00;1.68;0
315;naval_base;1494.00;9.57;1235.00;-3.03;6805
315;naval_base;1520.96;9.50;1244.73;3.30;6805
315;naval_base;1530.00;9.50;1228.00;-0.79;5735
315;naval_base;1544.00;9.55;1243.00;-3.34;6805
315;naval_base;1551.00;9.50;1226.00;-0.32;5735
315;naval_base;1564.00;9.50;1238.00;-4.39;7006
315;naval_base;1566.00;9.68;1232.00;-3.14;7006
315;naval_base;1574.00;9.50;1219.00;-0.40;5735
315;nuclear_reactor;1537.00;9.70;1242.00;4.63;0
315;radar_station;1532.00;9.68;1237.00;4.35;0
315;rocket_site;1519.00;9.70;1239.00;0.51;0
315;synthetic_refinery;1546.00;9.70;1242.00;4.25;0
316;air_base;1506.00;11.73;1025.00;0.87;0
316;anti_air_building;1484.00;10.68;1039.00;1.39;0
316;anti_air_building;1492.00;10.63;1038.00;4.66;0
316;anti_air_building;1502.00;12.60;1027.00;4.05;0
316;arms_factory;1468.00;9.68;1035.00;1.82;0
316;arms_factory;1477.00;9.57;1026.00;0.71;0
316;arms_factory;1481.00;9.63;1044.00;4.93;0
316;arms_factory;1487.00;9.98;1029.00;3.98;0
316;arms_factory;1492.00;12.23;1028.00;1.32;0
316;arms_factory;1502.00;9.53;1013.00;1.92;0
316;bunker;1471.92;9.70;1044.77;0.28;0
316;bunker;1490.00;11.45;1037.00;5.00;0
316;bunker;1492.00;11.45;1026.00;0.88;0
316;bunker;1500.19;10.80;1032.33;0.28;0
316;bunker;1500.74;11.80;1018.62;0.28;0
316;coastal_bunker;1468.00;9.50;1042.00;-0.88;0
316;coastal_bunker;1481.00;9.50;1030.00;-1.03;0
316;coastal_bunker;1498.00;9.50;1015.00;-0.46;0
316;coastal_bunker;1501.78;9.50;1037.46;-4.43;0
316;coastal_bunker;1506.30;9.50;1032.11;-4.25;0
316;coastal_bunker;1509.17;9.60;1028.49;1.57;0
316;dockyard;1475.00;9.50;1027.00;-0.88;0
316;fuel_silo;1472.00;9.78;1046.00;0.28;0
316;industrial_complex;1471.00;9.60;1039.00;4.49;0
316;industrial_complex;1485.00;10.38;1032.00;5.45;0
316;industrial_complex;1487.00;9.95;1041.00;0.37;0
316;industrial_complex;1493.00;12.60;1031.00;2.43;0
316;industrial_complex;1502.00;10.40;1019.00;3.38;0
316;industrial_complex;1503.00;11.03;1020.00;6.04;0
316;naval_base;1477.00;9.50;1024.00;-0.88;2756
316;naval_base;1486.00;9.50;1022.00;-1.25;2756
316;naval_base;1498.33;9.50;1015.30;-0.46;3442
316;naval_base;1501.82;9.50;1038.24;-3.93;5709
316;naval_base;1506.10;9.50;1032.52;-4.43;2284
316;naval_base;1510.00;9.50;1028.00;-3.68;2284
316;nuclear_reactor;1484.00;9.93;1042.00;3.96;0
316;radar_station;1494.00;11.05;1036.00;4.56;0
316;rocket_site;1480.00;10.68;1036.00;4.05;0
316;synthetic_refinery;1475.69;10.60;1038.84;0.28;0
317;air_base;1455.05;9.70;1061.73;3.29;0
317;anti_air_building;1463.00;9.68;1055.00;4.56;0
317;anti_air_building;1465.02;10.50;1067.73;3.29;0
317;anti_air_building;1466.00;10.30;1070.00;0.44;0
317;arms_factory;1450.13;9.80;1075.75;3.29;0
317;arms_factory;1456.33;9.70;1061.31;3.29;0
317;arms_factory;1462.00;9.50;1064.00;4.93;0
317;arms_factory;1462.37;9.70;1054.87;3.29;0
317;arms_factory;1464.75;11.70;1082.89;3.29;0
317;arms_factory;1465.66;10.00;1066.96;3.29;0
317;bunker;1450.48;11.10;1077.69;3.29;0
317;bunker;1454.00;9.90;1073.00;5.24;0
317;bunker;1457.27;9.70;1062.61;3.29;0
317;bunker;1462.00;9.75;1061.00;5.00;0
317;bunker;1462.50;11.20;1089.25;3.29;0
317;bunker;1465.00;10.98;1074.00;1.38;0
317;bunker;1466.12;10.60;1067.56;3.29;0
317;coastal_bunker;1444.00;9.50;1072.00;-2.07;0
317;coastal_bunker;1448.36;9.70;1067.84;-0.93;0
317;coastal_bunker;1455.15;9.50;1059.10;-0.79;0
317;coastal_bunker;1468.00;9.50;1047.00;-0.32;0
317;dockyard;1467.00;9.50;1047.00;0.46;0
317;fuel_silo;1458.00;11.50;1085.00;3.29;0
317;industrial_complex;1447.55;9.80;1074.07;3.29;0
317;industrial_complex;1456.99;9.70;1062.54;3.29;0
317;industrial_complex;1460.27;9.90;1058.89;3.29;0
317;industrial_complex;1463.00;9.50;1067.00;0.37;0
317;industrial_complex;1465.99;11.10;1089.84;3.29;0
317;industrial_complex;1466.29;10.00;1065.66;3.29;0
317;naval_base;1438.61;9.50;1076.77;-1.46;3239
317;naval_base;1448.13;9.60;1067.09;-2.03;3239
317;naval_base;1453.12;9.50;1061.73;-0.79;2756
317;naval_base;1461.44;9.70;1054.05;-0.32;2756
317;nuclear_reactor;1465.01;10.20;1067.74;3.29;0
317;radar_station;1455.06;9.50;1059.08;4.58;0
317;rocket_site;1461.00;12.05;1083.00;3.00;0
317;synthetic_refinery;1466.00;11.15;1087.00;3.96;0
318;air_base;1673.37;9.80;1164.74;0.28;0
318;anti_air_building;1675.79;9.70;1173.25;3.96;0
318;anti_air_building;1678.54;10.50;1176.05;1.13;0
318;anti_air_building;1684.03;10.60;1180.87;1.13;0
318;arms_factory;1654.20;9.90;1164.18;1.13;0
318;arms_factory;1656.00;9.70;1165.00;1.82;0
318;arms_factory;1672.01;9.70;1177.30;3.98;0
318;arms_factory;1673.00;9.70;1183.00;5.45;0
318;arms_factory;1682.00;10.38;1173.00;3.38;0
318;arms_factory;1684.00;10.73;1172.00;2.43;0
318;bunker;1660.41;9.70;1165.26;3.45;0
318;bunker;1674.11;9.70;1180.27;1.13;0
318;bunker;1677.75;9.70;1169.17;1.13;0
318;bunker;1682.19;10.50;1172.23;5.61;0
318;bunker;1684.71;10.70;1178.78;1.13;0
318;coastal_bunker;1646.00;9.53;1169.00;-3.61;0
318;coastal_bunker;1669.26;9.50;1184.62;-0.50;0
318;coastal_bunker;1673.00;9.57;1167.00;-2.16;0
318;coastal_bunker;1676.91;9.50;1188.16;-2.98;0
318;coastal_bunker;1683.04;10.80;1162.22;0.12;0
318;dockyard;1673.00;9.50;1168.00;-2.16;0
318;fuel_silo;1684.00;10.38;1177.00;1.13;0
318;industrial_complex;1664.00;9.55;1164.00;0.37;0
318;industrial_complex;1665.94;9.70;1165.24;0.87;0
318;industrial_complex;1668.89;9.70;1186.85;1.13;0
318;industrial_complex;1671.31;9.60;1165.42;2.94;0
318;industrial_complex;1671.66;9.70;1189.31;5.10;0
318;industrial_complex;1677.69;9.70;1168.41;3.89;0
318;naval_base;1645.00;9.50;1164.00;-0.32;2865
318;naval_base;1671.02;9.50;1181.62;-1.46;5658
318;naval_base;1676.45;9.50;1167.83;-1.94;5658
318;naval_base;1683.04;9.50;1187.85;-2.98;7230
318;naval_base;1685.00;9.50;1160.00;0.28;5607
318;nuclear_reactor;1649.68;9.70;1166.21;0.95;0
318;radar_station;1653.00;9.78;1166.00;3.00;0
318;rocket_site;1678.68;9.70;1171.60;1.13;0
318;synthetic_refinery;1675.20;9.90;1164.39;1.13;0
319;air_base;1711.00;9.68;1165.00;5.00;0
319;anti_air_building;1692.63;11.00;1162.61;0.95;0
319;anti_air_building;1696.98;12.10;1176.43;4.57;0
319;anti_air_building;1735.00;9.70;1169.00;3.61;0
319;arms_factory;1690.93;10.90;1164.54;2.34;0
319;arms_factory;1699.88;10.70;1181.60;2.34;0
319;arms_factory;1702.00;10.07;1168.00;3.38;0
319;arms_factory;1713.00;9.73;1180.00;4.49;0
319;arms_factory;1730.00;9.70;1169.00;2.43;0
319;arms_factory;1730.00;9.70;1169.00;5.45;0
319;bunker;1688.00;10.88;1165.00;2.34;0
319;bunker;1689.59;10.40;1182.78;0.44;0
319;bunker;1695.12;10.80;1170.12;2.34;0
319;bunker;1696.69;10.50;1182.63;2.34;0
319;bunker;1705.36;11.50;1170.49;4.05;0
319;bunker;1708.63;10.10;1177.43;4.66;0
319;bunker;1725.21;9.70;1171.51;2.34;0
319;coastal_bunker;1687.15;9.50;1188.62;-2.21;0
319;coastal_bunker;1691.00;9.50;1154.00;0.18;0
319;coastal_bunker;1699.90;9.90;1163.60;0.00;0
319;coastal_bunker;1702.34;9.50;1188.40;-3.31;0
319;coastal_bunker;1707.00;9.50;1163.00;0.20;0
319;coastal_bunker;1716.00;9.57;1181.00;-3.93;0
319;coastal_bunker;1737.15;9.70;1165.02;0.00;0
319;dockyard;1696.71;9.80;1161.73;0.22;0
319;fuel_silo;1689.00;10.63;1176.00;2.34;0
319;industrial_complex;1704.18;10.20;1181.54;0.88;0
319;industrial_complex;1710.41;10.40;1167.24;0.87;0
319;industrial_complex;1714.02;9.90;1169.87;2.34;0
319;industrial_complex;1718.07;9.70;1168.08;5.10;0
319;industrial_complex;1724.29;9.70;1167.21;2.94;0
319;industrial_complex;1727.42;9.70;1167.11;0.78;0
319;naval_base;1691.00;9.50;1154.00;0.18;5607
319;naval_base;1692.16;9.50;1189.46;-2.76;7230
319;naval_base;1702.00;9.50;1165.00;0.22;5607
319;naval_base;1707.00;9.68;1186.00;-3.82;5581
319;naval_base;1714.74;9.70;1166.54;0.20;5607
319;naval_base;1719.00;9.68;1177.00;-3.93;5581
319;naval_base;1737.00;9.50;1165.00;1.52;5557
319;nuclear_reactor;1717.46;9.80;1173.32;3.52;0
319;radar_station;1712.31;9.70;1183.48;1.55;0
319;rocket_site;1714.59;9.90;1171.20;5.67;0
319;synthetic_refinery;1708.32;9.90;1181.40;1.45;0
320;air_base;4035.00;11.90;839.00;2.26;0
320;anti_air_building;4036.00;10.80;850.00;4.49;0
320;anti_air_building;4037.00;10.80;852.00;0.37;0
320;anti_air_building;4039.00;10.25;842.00;0.87;0
320;arms_factory;4026.00;10.85;849.00;3.31;0
320;arms_factory;4027.00;10.95;839.00;5.98;0
320;arms_factory;4033.00;11.25;844.00;1.75;0
320;arms_factory;4038.00;10.70;828.00;3.91;0
320;arms_factory;4048.00;9.70;835.00;0.64;0
320;arms_factory;4055.00;9.70;859.00;2.71;0
320;bunker;4027.00;10.73;833.00;2.87;0
320;bunker;4030.00;11.13;841.00;1.82;0
320;bunker;4032.00;10.88;854.00;1.92;0
320;bunker;4036.00;10.23;826.00;0.71;0
320;bunker;4039.00;10.73;839.00;4.93;0
320;bunker;4045.00;9.75;839.00;3.38;0
320;bunker;4049.00;9.80;853.00;3.98;0
320;bunker;4054.00;9.70;856.00;1.32;0
320;coastal_bunker;4050.00;9.55;834.00;-4.55;0
320;coastal_bunker;4058.00;9.55;855.00;-4.25;0
320;dockyard;4059.59;9.50;858.38;-4.95;0
320;fuel_silo;4040.00;11.23;833.00;5.10;0
320;industrial_complex;4019.00;10.93;846.00;3.22;0
320;industrial_complex;4023.00;10.43;837.00;4.42;0
320;industrial_complex;4025.00;10.30;827.00;5.98;0
320;industrial_complex;4046.00;9.90;833.00;2.36;0
320;industrial_complex;4048.00;9.80;846.00;0.20;0
320;industrial_complex;4057.00;9.70;856.00;4.42;0
320;naval_base;4050.00;9.60;835.00;-4.55;7253
320;naval_base;4058.96;9.50;852.14;-4.95;7253
320;nuclear_reactor;4025.00;10.75;843.00;0.88;0
320;radar_station;4039.00;10.25;842.00;2.53;0
320;rocket_site;4021.00;10.23;828.00;0.78;0
320;synthetic_refinery;4037.00;11.68;835.00;3.89;0
321;air_base;3964.00;12.03;897.00;3.45;0
321;anti_air_building;3959.00;9.50;896.00;3.96;0
321;anti_air_building;3960.00;9.82;897.00;4.56;0
321;anti_air_building;3963.00;11.53;898.00;6.12;0
321;arms_factory;3961.00;9.57;893.00;2.94;0
321;arms_factory;3962.00;9.55;890.00;5.10;0
321;arms_factory;3962.00;9.78;892.00;0.87;0
321;arms_factory;3963.00;9.63;888.00;4.49;0
321;arms_factory;3963.00;10.28;894.00;3.89;0
321;arms_factory;3964.00;10.70;893.00;0.37;0
321;bunker;3963.00;10.90;896.00;1.39;0
321;coastal_bunker;3961.00;9.50;889.00;-1.33;0
321;dockyard;3958.00;9.50;897.00;-1.33;0
321;fuel_silo;3964.00;10.65;893.00;1.74;0
321;industrial_complex;3960.00;9.65;896.00;5.61;0
321;industrial_complex;3961.00;9.53;892.00;4.05;0
321;industrial_complex;3961.00;10.13;897.00;1.38;0
321;industrial_complex;3962.00;9.68;891.00;0.88;0
321;industrial_complex;3964.00;10.70;893.00;5.00;0
321;industrial_complex;3964.00;11.63;896.00;0.78;0
321;naval_base;3961.00;9.50;890.00;-1.33;427
321;nuclear_reactor;3960.00;9.90;898.00;0.95;0
321;radar_station;3963.00;9.95;891.00;3.00;0
321;rocket_site;3962.00;10.32;896.00;4.57;0
321;synthetic_refinery;3963.00;11.25;897.00;5.16;0
322;air_base;4052.00;23.13;1220.00;4.87;0
322;anti_air_building;4073.00;22.35;1151.00;5.54;0
322;anti_air_building;4162.00;21.77;1156.00;1.32;0
322;anti_air_building;4237.00;20.40;1108.00;5.44;0
322;arms_factory;4064.00;22.02;1200.00;3.75;0
322;arms_factory;4083.00;22.85;1225.00;4.36;0
322;arms_factory;4111.00;22.90;1159.00;3.15;0
322;arms_factory;4124.00;21.73;1168.00;0.13;0
322;arms_factory;4171.00;22.48;1128.00;4.35;0
322;arms_factory;4239.00;21.20;1134.00;1.09;0
322;bunker;4044.00;22.80;1181.00;4.94;0
322;bunker;4056.00;22.15;1224.00;3.83;0
322;bunker;4076.00;23.50;1166.00;2.71;0
322;bunker;4085.00;22.83;1217.00;1.16;0
322;bunker;4092.00;21.38;1186.00;2.87;0
322;bunker;4098.00;23.13;1152.00;1.76;0
322;bunker;4108.00;22.18;1170.00;5.38;0
322;bunker;4134.00;21.90;1167.00;2.36;0
322;bunker;4144.00;23.70;1145.00;4.43;0
322;bunker;4149.00;22.68;1118.00;0.71;0
322;bunker;4166.00;23.35;1110.00;5.37;0
322;bunker;4200.00;22.23;1149.00;0.81;0
322;bunker;4216.00;22.98;1143.00;0.21;0
322;bunker;4220.00;21.68;1128.00;3.32;0
322;bunker;4234.00;21.52;1149.00;1.75;0
322;bunker;4252.00;20.90;1109.00;0.82;0
322;fuel_silo;4195.00;21.98;1167.00;6.05;0
322;industrial_complex;4074.00;22.23;1189.00;3.31;0
322;industrial_complex;4091.00;21.80;1173.00;2.80;0
322;industrial_complex;4113.00;23.00;1150.00;0.14;0
322;industrial_complex;4202.00;21.80;1166.00;0.65;0
322;industrial_complex;4220.00;21.95;1135.00;2.20;0
322;industrial_complex;4242.00;20.08;1107.00;4.86;0
322;nuclear_reactor;4108.00;23.30;1151.00;1.83;0
322;radar_station;4146.00;22.68;1171.00;1.72;0
322;rocket_site;4226.00;21.27;1165.00;5.45;0
322;synthetic_refinery;4205.00;21.90;1137.00;3.38;0
323;air_base;4119.00;15.43;1103.00;0.00;0
323;anti_air_building;4080.00;18.90;1136.00;5.84;0
323;anti_air_building;4153.00;15.88;1099.00;2.58;0
323;anti_air_building;4153.00;16.27;1102.00;4.64;0
323;arms_factory;4068.00;16.43;1138.00;6.12;0
323;arms_factory;4088.00;15.20;1115.00;2.50;0
323;arms_factory;4089.00;17.65;1131.00;4.57;0
323;arms_factory;4129.00;18.75;1116.00;1.90;0
323;arms_factory;4139.00;13.78;1090.00;5.17;0
323;arms_factory;4171.00;13.05;1082.00;0.95;0
323;bunker;4061.00;13.95;1125.00;0.51;0
323;bunker;4073.00;17.95;1139.00;2.57;0
323;bunker;4108.00;16.15;1109.00;6.19;0
323;bunker;4127.00;15.18;1100.00;2.07;0
323;bunker;4143.00;17.25;1110.00;0.86;0
323;bunker;4151.00;16.90;1106.00;4.12;0
323;bunker;4153.00;14.82;1092.00;4.13;0
323;fuel_silo;4132.00;17.18;1113.00;1.62;0
323;industrial_complex;4063.00;14.57;1127.00;5.08;0
323;industrial_complex;4079.00;21.63;1144.00;0.35;0
323;industrial_complex;4093.00;15.80;1114.00;5.68;0
323;industrial_complex;4118.00;21.75;1123.00;2.06;0
323;industrial_complex;4153.00;15.28;1095.00;3.02;0
323;industrial_complex;4162.00;16.93;1100.00;3.61;0
323;nuclear_reactor;4179.00;16.48;1097.00;5.15;0
323;radar_station;4121.00;18.00;1116.00;4.81;0
323;rocket_site;4132.00;15.68;1105.00;1.02;0
323;synthetic_refinery;4123.00;16.08;1108.00;5.24;0
324;air_base;4221.00;17.48;1097.00;4.98;0
324;anti_air_building;4202.00;15.63;1091.00;3.42;0
324;anti_air_building;4203.00;19.50;1100.00;0.16;0
324;anti_air_building;4214.00;17.27;1095.00;0.76;0
324;arms_factory;4202.00;15.32;1090.00;3.26;0
324;arms_factory;4204.00;15.90;1091.00;2.75;0
324;arms_factory;4215.00;16.83;1094.00;5.42;0
324;arms_factory;4217.00;17.02;1098.00;4.47;0
324;arms_factory;4222.00;18.02;1100.00;1.19;0
324;arms_factory;4223.00;17.05;1096.00;4.81;0
324;bunker;4201.00;15.82;1092.00;4.37;0
324;bunker;4227.00;18.30;1101.00;1.71;0
324;fuel_silo;4216.00;17.00;1098.00;5.49;0
324;industrial_complex;4205.00;20.88;1103.00;1.20;0
324;industrial_complex;4215.00;17.02;1097.00;3.86;0
324;industrial_complex;4228.00;16.27;1094.00;0.25;0
324;industrial_complex;4230.00;16.05;1093.00;5.93;0
324;industrial_complex;4231.00;15.55;1090.00;3.27;0
324;industrial_complex;4233.00;17.25;1102.00;2.31;0
324;nuclear_reactor;4209.00;21.60;1109.00;1.27;0
324;radar_station;4218.00;17.48;1099.00;4.50;0
324;rocket_site;4226.00;15.98;1091.00;3.43;0
324;synthetic_refinery;4210.00;20.02;1104.00;1.36;0
325;air_base;4394.00;13.82;1044.00;0.65;0
325;anti_air_building;4396.00;13.70;1041.00;5.44;0
325;anti_air_building;4415.00;15.30;1093.00;5.54;0
325;anti_air_building;4432.00;16.25;1102.00;1.32;0
325;bunker;4382.00;13.35;1042.00;3.83;0
325;bunker;4386.00;12.57;1020.00;1.76;0
325;bunker;4387.00;13.00;1036.00;0.71;0
325;bunker;4389.00;14.23;1058.00;1.75;0
325;bunker;4395.00;13.63;1032.00;2.36;0
325;bunker;4397.00;12.75;1019.00;0.21;0
325;bunker;4409.00;13.50;1027.00;1.16;0
325;bunker;4417.00;15.90;1069.00;5.38;0
325;bunker;4418.00;15.68;1062.00;5.37;0
325;bunker;4423.00;15.35;1083.00;0.81;0
325;bunker;4427.00;12.73;1018.00;3.31;0
325;bunker;4427.00;15.45;1049.00;4.43;0
325;bunker;4429.00;16.23;1062.00;3.32;0
325;bunker;4435.00;13.93;1037.00;0.82;0
325;bunker;4440.00;12.88;1027.00;2.71;0
325;bunker;4441.00;14.15;1037.00;4.94;0
325;bunker;4443.00;14.60;1097.00;4.87;0
325;fuel_silo;4409.00;14.82;1072.00;6.05;0
325;industrial_complex;4389.00;12.32;1009.00;2.80;0
325;industrial_complex;4393.00;14.48;1055.00;4.36;0
325;industrial_complex;4399.00;12.95;1028.00;2.20;0
325;industrial_complex;4403.00;14.15;1038.00;3.15;0
325;industrial_complex;4405.00;15.15;1070.00;4.86;0
325;industrial_complex;4442.00;14.38;1032.00;0.14;0
325;nuclear_reactor;4448.00;14.30;1034.00;1.83;0
325;radar_station;4415.00;14.28;1055.00;1.72;0
325;rocket_site;4428.00;13.65;1115.00;5.45;0
325;synthetic_refinery;4419.00;15.05;1054.00;3.38;0
326;air_base;4586.00;9.60;1014.00;4.57;0
326;anti_air_building;4586.00;9.55;1013.00;3.52;0
326;anti_air_building;4586.00;9.55;1013.00;4.72;0
326;anti_air_building;4587.00;9.70;1015.00;5.67;0
326;arms_factory;4585.00;9.60;1015.00;3.45;0
326;arms_factory;4586.00;9.50;1012.00;1.39;0
326;arms_factory;4586.00;9.50;1012.00;4.66;0
326;arms_factory;4587.00;9.55;1012.00;4.05;0
326;arms_factory;4587.00;9.55;1012.00;5.61;0
326;arms_factory;4587.00;9.70;1014.00;4.05;0
326;bunker;4586.00;9.70;1016.00;3.61;0
326;coastal_bunker;4584.00;9.50;1014.00;0.00;0
326;dockyard;4591.00;9.50;1012.00;0.00;0
326;fuel_silo;4587.00;9.70;1013.00;2.85;0
326;industrial_complex;4585.00;9.60;1015.00;0.44;0
326;industrial_complex;4586.00;9.60;1014.00;6.12;0
326;industrial_complex;4587.00;9.70;1014.00;3.96;0
326;industrial_complex;4587.00;9.70;1016.00;3.00;0
326;industrial_complex;4587.00;9.70;1016.00;5.16;0
326;industrial_complex;4588.00;9.68;1016.00;4.56;0
326;naval_base;4588.00;9.50;1009.00;0.00;5269
326;nuclear_reactor;4587.00;9.55;1012.00;2.06;0
326;radar_station;4587.00;9.70;1015.00;4.12;0
326;rocket_site;4587.00;9.55;1012.00;0.50;0
326;synthetic_refinery;4585.00;9.60;1015.00;1.46;0
327;air_base;4698.00;10.20;869.00;3.61;0
327;anti_air_building;4691.00;10.25;887.00;4.20;0
327;anti_air_building;4692.00;11.10;893.00;1.18;0
327;anti_air_building;4695.00;10.53;903.00;0.58;0
327;arms_factory;4684.00;10.95;893.00;0.44;0
327;arms_factory;4685.00;10.07;884.00;4.66;0
327;arms_factory;4694.00;10.15;873.00;1.39;0
327;arms_factory;4695.00;10.20;879.00;3.45;0
327;arms_factory;4695.00;11.20;895.00;4.56;0
327;arms_factory;4705.00;9.63;873.00;4.05;0
327;bunker;4683.00;11.40;895.00;3.68;0
327;bunker;4687.00;10.43;890.00;4.63;0
327;bunker;4694.00;10.85;890.00;0.51;0
327;bunker;4694.00;11.05;900.00;6.19;0
327;bunker;4696.00;10.40;876.00;5.23;0
327;bunker;4698.00;10.28;872.00;2.06;0
327;bunker;4698.00;10.45;893.00;0.41;0
327;bunker;4700.00;10.05;872.00;2.57;0
327;bunker;4703.00;9.85;879.00;1.01;0
327;coastal_bunker;4678.00;9.50;896.00;-1.57;0
327;coastal_bunker;4680.00;9.50;888.00;-0.59;0
327;coastal_bunker;4690.00;9.50;885.00;-0.54;0
327;coastal_bunker;4692.00;9.50;871.00;-0.46;0
327;coastal_bunker;4692.00;9.50;879.00;-1.57;0
327;coastal_bunker;4702.00;9.68;891.00;1.57;0
327;coastal_bunker;4705.00;9.50;872.00;0.24;0
327;coastal_bunker;4710.00;9.50;885.00;-4.19;0
327;dockyard;4708.00;9.50;887.00;-4.19;0
327;fuel_silo;4693.00;10.53;889.00;5.52;0
327;industrial_complex;4686.00;10.30;888.00;4.57;0
327;industrial_complex;4686.00;11.75;894.00;5.16;0
327;industrial_complex;4692.00;10.45;889.00;3.96;0
327;industrial_complex;4695.00;10.50;884.00;3.00;0
327;industrial_complex;4696.00;10.32;874.00;6.12;0
327;industrial_complex;4697.00;10.75;890.00;0.95;0
327;naval_base;4678.00;9.50;895.00;-1.57;5463
327;naval_base;4683.00;9.57;887.00;-0.59;5463
327;naval_base;4692.00;9.50;885.00;-0.54;5463
327;naval_base;4694.00;10.03;879.00;-1.57;5463
327;naval_base;4696.00;9.50;868.00;-0.46;2876
327;naval_base;4700.00;10.10;896.00;1.57;8572
327;naval_base;4704.00;9.73;878.00;-4.33;8572
327;naval_base;4710.00;9.50;884.00;-4.19;8572
327;nuclear_reactor;4697.00;10.45;877.00;5.31;0
327;radar_station;4686.00;10.28;884.00;5.91;0
327;rocket_site;4699.00;10.48;887.00;2.64;0
327;synthetic_refinery;4689.00;10.80;894.00;4.70;0
328;air_base;4768.00;11.43;1365.00;3.39;0
328;anti_air_building;4757.00;11.85;1335.00;0.89;0
328;anti_air_building;4759.00;11.68;1354.00;0.79;0
328;anti_air_building;4791.00;13.18;1366.00;5.01;0
328;arms_factory;4751.00;11.28;1331.00;0.21;0
328;arms_factory;4753.00;12.03;1344.00;4.44;0
328;arms_factory;4756.00;11.57;1346.00;3.23;0
328;arms_factory;4776.00;12.30;1357.00;4.94;0
328;arms_factory;4791.00;13.03;1354.00;2.27;0
328;arms_factory;4797.00;13.90;1361.00;2.88;0
328;bunker;4737.00;10.93;1329.00;5.45;0
328;bunker;4742.00;9.70;1323.00;2.44;0
328;bunker;4753.87;11.30;1334.44;4.51;0
328;bunker;4757.00;11.35;1345.00;0.38;0
328;bunker;4760.20;11.50;1358.71;2.64;0
328;bunker;4762.90;11.80;1339.21;2.20;0
328;bunker;4764.67;11.20;1348.45;6.25;0
328;bunker;4767.68;12.10;1355.60;4.72;0
328;bunker;4773.00;12.07;1365.00;4.19;0
328;bunker;4773.71;12.30;1346.61;3.15;0
328;bunker;4780.68;12.20;1354.65;4.70;0
328;bunker;4783.13;11.90;1364.48;4.29;0
328;bunker;4788.70;12.60;1358.26;4.35;0
328;bunker;4794.60;12.10;1352.67;4.86;0
328;bunker;4795.05;12.60;1366.56;3.90;0
328;bunker;4801.59;13.30;1365.27;0.13;0
328;bunker;4805.42;13.30;1353.47;4.63;0
328;coastal_bunker;4737.00;9.50;1321.00;-0.32;0
328;coastal_bunker;4743.00;9.50;1321.00;-0.20;0
328;dockyard;4738.00;9.50;1321.00;-0.20;0
328;fuel_silo;4769.00;12.07;1347.00;0.79;0
328;industrial_complex;4746.00;10.20;1332.00;2.78;0
328;industrial_complex;4754.00;11.70;1344.00;0.72;0
328;industrial_complex;4754.00;12.95;1356.00;3.99;0
328;industrial_complex;4768.00;11.43;1365.00;1.93;0
328;industrial_complex;4776.00;11.65;1362.00;1.83;0
328;industrial_complex;4799.00;13.40;1351.00;4.94;0
328;naval_base;4733.00;9.55;1320.00;-0.32;8445
328;naval_base;4740.00;9.50;1320.00;-0.20;8445
328;nuclear_reactor;4775.00;13.23;1367.00;4.06;0
328;radar_station;4800.00;13.70;1370.00;4.87;0
328;rocket_site;4743.00;9.55;1322.00;1.39;0
328;synthetic_refinery;4796.00;13.38;1356.00;3.31;0
329;air_base;4217.25;13.70;1535.29;3.52;0
329;anti_air_building;4220.00;13.95;1543.00;0.41;0
329;anti_air_building;4287.00;12.95;1527.00;5.74;0
329;anti_air_building;4313.00;13.18;1584.00;1.62;0
329;arms_factory;4220.59;11.80;1550.57;3.00;0
329;arms_factory;4242.61;13.70;1549.50;0.44;0
329;arms_factory;4270.08;12.10;1555.43;5.16;0
329;arms_factory;4275.45;11.80;1557.20;6.12;0
329;arms_factory;4324.98;13.00;1564.66;3.96;0
329;arms_factory;4327.17;12.80;1570.61;4.56;0
329;bunker;4199.80;13.30;1549.43;4.12;0
329;bunker;4226.60;13.50;1533.30;0.50;0
329;bunker;4254.00;13.15;1555.00;2.06;0
329;bunker;4268.00;14.68;1549.00;0.51;0
329;bunker;4291.00;14.38;1575.00;5.23;0
329;bunker;4296.00;13.28;1524.00;6.19;0
329;bunker;4303.93;13.60;1540.54;1.46;0
329;bunker;4305.04;12.20;1555.46;4.72;0
329;bunker;4313.00;13.20;1578.00;2.57;0
329;bunker;4323.00;13.53;1543.00;3.68;0
329;bunker;4326.00;15.53;1524.00;4.63;0
329;bunker;4337.00;14.45;1579.00;1.01;0
329;fuel_silo;4281.00;13.57;1545.00;4.91;0
329;industrial_complex;4275.80;13.50;1548.50;4.57;0
329;industrial_complex;4303.68;13.30;1565.43;5.67;0
329;industrial_complex;4305.34;12.40;1587.34;3.61;0
329;industrial_complex;4308.58;13.20;1524.69;1.45;0
329;industrial_complex;4314.87;12.80;1590.42;1.55;0
329;industrial_complex;4336.15;13.50;1526.38;0.95;0
329;nuclear_reactor;4280.00;12.25;1561.00;4.19;0
329;radar_station;4305.75;12.80;1559.44;3.69;0
329;rocket_site;4325.00;13.53;1576.00;0.07;0
329;synthetic_refinery;4283.00;12.90;1583.00;2.12;0
330;anti_air_building;4462.18;14.70;1485.76;1.29;0
330;arms_factory;4470.66;14.80;1483.30;1.29;0
330;arms_factory;4481.33;12.90;1404.53;1.29;0
330;bunker;4432.00;14.03;1511.00;1.29;0
330;bunker;4448.00;16.25;1433.00;1.29;0
330;bunker;4457.00;13.65;1506.00;1.29;0
330;bunker;4458.00;14.73;1467.00;1.29;0
330;bunker;4460.00;13.60;1517.00;1.29;0
330;bunker;4461.00;15.28;1456.00;1.29;0
330;bunker;4486.00;13.00;1410.00;1.29;0
330;bunker;4494.00;12.70;1388.00;1.29;0
330;bunker;4499.00;13.90;1461.00;1.29;0
330;bunker;4504.00;13.05;1417.00;1.29;0
330;bunker;4504.00;13.85;1490.00;1.29;0
330;bunker;4515.00;12.10;1410.00;1.29;0
330;bunker;4524.00;13.03;1381.00;1.29;0
330;bunker;4538.00;13.05;1396.00;1.29;0
330;industrial_complex;4490.47;14.60;1464.40;1.29;0
330;nuclear_reactor;4490.32;15.60;1494.73;1.29;0
330;radar_station;4496.33;13.90;1453.74;2.19;0
330;rocket_site;4456.09;15.30;1429.11;1.29;0
331;air_base;1886.00;9.82;1694.00;0.50;0
331;anti_air_building;1932.00;9.70;1763.00;1.18;0
331;anti_air_building;1934.00;10.13;1701.00;6.25;0
331;anti_air_building;1953.00;9.60;1716.00;2.13;0
331;arms_factory;1914.00;10.43;1725.00;3.00;0
331;arms_factory;1919.00;10.03;1741.00;4.57;0
331;arms_factory;1921.00;10.20;1706.00;0.95;0
331;arms_factory;1944.00;9.68;1695.00;1.45;0
331;arms_factory;1956.00;10.00;1698.00;5.16;0
331;arms_factory;1963.00;9.70;1704.00;3.61;0
331;bunker;1903.00;10.48;1702.00;0.41;0
331;bunker;1911.00;9.65;1741.00;3.68;0
331;bunker;1925.00;10.20;1698.00;1.01;0
331;bunker;1956.00;9.70;1714.00;4.63;0
331;bunker;1968.00;9.70;1684.00;1.62;0
331;coastal_bunker;1894.00;9.50;1720.00;-2.94;0
331;coastal_bunker;1911.00;9.53;1750.00;-2.09;0
331;coastal_bunker;1926.00;9.50;1691.00;0.15;0
331;coastal_bunker;1967.00;9.50;1690.00;-3.52;0
331;coastal_bunker;1978.00;9.50;1712.00;1.39;0
331;dockyard;1937.00;9.50;1695.00;0.15;0
331;fuel_silo;1963.00;9.68;1697.00;5.42;0
331;industrial_complex;1898.00;9.75;1706.00;1.46;0
331;industrial_complex;1919.00;10.10;1747.00;1.55;0
331;industrial_complex;1929.00;10.10;1708.00;5.67;0
331;industrial_complex;1951.00;10.00;1697.00;4.72;0
331;industrial_complex;1954.00;9.70;1725.00;3.52;0
331;industrial_complex;1971.00;9.55;1680.00;4.12;0
331;naval_base;1895.00;9.50;1692.00;-1.04;2768
331;naval_base;1929.00;9.50;1691.00;0.15;2361
331;naval_base;1935.00;9.60;1763.00;-3.98;2935
331;naval_base;1964.00;9.53;1728.00;1.39;4035
331;naval_base;1977.00;9.50;1672.00;-0.86;2361
331;nuclear_reactor;1905.00;10.10;1714.00;5.91;0
331;radar_station;1932.00;9.68;1736.00;0.58;0
331;rocket_site;1938.00;10.05;1703.00;4.70;0
331;synthetic_refinery;1946.00;9.70;1715.00;4.20;0
332;air_base;1867.00;10.55;1822.00;3.24;0
332;anti_air_building;1819.00;11.30;1902.00;4.35;0
332;anti_air_building;1837.00;10.95;1836.00;2.20;0
332;anti_air_building;1840.00;10.00;1869.00;4.86;0
332;arms_factory;1800.00;11.20;1812.00;5.74;0
332;arms_factory;1846.00;10.60;1785.00;1.62;0
332;arms_factory;1852.00;10.95;1816.00;1.52;0
332;arms_factory;1858.00;11.20;1794.00;3.68;0
332;arms_factory;1887.00;11.82;1807.00;0.67;0
332;arms_factory;1895.00;10.57;1819.00;4.19;0
332;bunker;1767.00;11.43;1840.00;0.74;0
332;bunker;1853.00;11.15;1795.00;1.68;0
332;bunker;1854.00;10.75;1831.00;5.30;0
332;bunker;1900.00;10.38;1822.00;5.81;0
332;coastal_bunker;1829.00;9.82;1889.00;-4.23;0
332;coastal_bunker;1934.00;9.60;1805.00;-4.45;0
332;dockyard;1795.00;9.50;1973.00;-2.85;0
332;fuel_silo;1832.00;11.05;1846.00;4.26;0
332;industrial_complex;1817.00;11.48;1799.00;0.58;0
332;industrial_complex;1834.00;11.05;1827.00;2.13;0
332;industrial_complex;1835.00;11.30;1811.00;1.17;0
332;industrial_complex;1843.00;11.23;1790.00;6.25;0
332;industrial_complex;1861.00;10.70;1803.00;0.57;0
332;industrial_complex;1872.00;10.98;1835.00;5.30;0
332;naval_base;1835.00;9.50;1904.00;-4.23;5928
332;naval_base;1893.00;9.80;1823.00;-3.33;5928
332;nuclear_reactor;1923.00;10.05;1787.00;5.98;0
332;radar_station;1844.00;9.55;1873.00;5.92;0
332;rocket_site;1781.00;11.28;1800.00;3.31;0
332;synthetic_refinery;1810.00;10.70;1943.00;1.24;0
333;air_base;4595.00;10.23;717.00;5.23;0
333;anti_air_building;4562.00;10.55;684.00;1.39;0
333;anti_air_building;4591.00;11.50;699.00;1.90;0
333;anti_air_building;4597.00;9.98;719.00;4.06;0
333;arms_factory;4555.00;9.70;690.00;5.10;0
333;arms_factory;4557.00;10.38;680.00;4.50;0
333;arms_factory;4568.00;10.73;684.00;0.88;0
333;arms_factory;4574.00;10.05;696.00;6.05;0
333;arms_factory;4575.00;10.50;683.00;3.90;0
333;arms_factory;4577.00;11.30;673.00;2.94;0
333;bunker;4527.00;10.78;668.00;1.16;0
333;bunker;4543.00;9.95;665.00;3.15;0
333;bunker;4547.00;10.23;678.00;0.58;0
333;bunker;4559.00;9.70;691.00;3.75;0
333;bunker;4569.00;10.65;680.00;5.31;0
333;bunker;4583.00;10.80;692.00;1.69;0
333;bunker;4583.00;11.23;674.00;2.64;0
333;bunker;4585.00;10.20;709.00;4.70;0
333;bunker;4587.00;11.32;688.00;4.35;0
333;bunker;4597.00;10.07;708.00;5.91;0
333;bunker;4598.00;9.75;720.00;3.31;0
333;bunker;4600.00;9.78;720.00;3.32;0
333;coastal_bunker;4519.00;9.68;673.00;-2.68;0
333;coastal_bunker;4542.00;9.50;669.00;-2.03;0
333;coastal_bunker;4544.00;9.50;679.00;-1.86;0
333;coastal_bunker;4547.00;9.50;689.00;-1.82;0
333;coastal_bunker;4573.00;9.50;699.00;-2.62;0
333;coastal_bunker;4579.00;9.57;706.00;-2.50;0
333;coastal_bunker;4593.00;9.65;719.00;-2.76;0
333;coastal_bunker;4599.00;9.50;725.00;-2.55;0
333;dockyard;4567.00;9.50;695.00;-2.62;0
333;fuel_silo;4593.00;10.00;706.00;3.36;0
333;industrial_complex;4529.00;10.70;666.00;1.39;0
333;industrial_complex;4563.00;9.78;691.00;3.45;0
333;industrial_complex;4584.00;11.15;676.00;6.11;0
333;industrial_complex;4597.00;11.65;694.00;3.54;0
333;industrial_complex;4601.00;10.90;711.00;5.61;0
333;industrial_complex;4604.00;10.10;720.00;4.40;0
333;naval_base;4517.00;9.60;675.00;0.79;2904
333;naval_base;4544.00;9.50;679.00;-1.86;2904
333;naval_base;4544.00;9.80;666.00;-2.03;2904
333;naval_base;4559.00;9.55;692.00;-3.61;2882
333;naval_base;4571.00;9.50;697.00;-2.62;2882
333;naval_base;4585.00;9.50;718.00;-2.50;2882
333;naval_base;4590.00;9.50;719.00;-2.76;2882
333;naval_base;4597.00;9.57;723.00;-2.55;2882
333;nuclear_reactor;4589.00;10.23;712.00;2.94;0
333;radar_station;4587.00;11.03;698.00;3.90;0
333;rocket_site;4594.00;11.38;690.00;6.12;0
333;synthetic_refinery;4551.00;10.43;678.00;2.00;0
334;air_base;4518.00;9.85;662.00;0.13;0
334;anti_air_building;4512.00;9.80;669.00;2.87;0
334;anti_air_building;4512.00;9.88;642.00;1.92;0
334;anti_air_building;4527.00;10.30;644.00;0.71;0
334;arms_factory;4536.00;10.40;659.00;0.58;0
334;arms_factory;4547.00;10.25;656.00;6.25;0
334;arms_factory;4552.00;9.70;659.00;5.91;0
334;arms_factory;4557.00;9.90;653.00;3.24;0
334;arms_factory;4569.00;10.55;650.00;1.17;0
334;arms_factory;4580.00;10.68;663.00;5.30;0
334;bunker;4511.00;9.73;669.00;4.26;0
334;bunker;4516.00;10.30;644.00;5.98;0
334;bunker;4520.00;9.90;659.00;2.36;0
334;bunker;4527.00;9.93;634.00;1.75;0
334;bunker;4532.00;9.55;606.00;2.71;0
334;bunker;4534.00;10.40;622.00;3.91;0
334;bunker;4537.00;10.38;648.00;5.98;0
334;bunker;4543.00;10.65;635.00;3.31;0
334;bunker;4569.00;10.75;652.00;4.42;0
334;bunker;4572.00;9.85;663.00;0.64;0
334;coastal_bunker;4507.00;9.50;654.00;-1.77;0
334;coastal_bunker;4507.00;9.50;663.00;-2.16;0
334;coastal_bunker;4522.00;9.50;621.00;-1.33;0
334;coastal_bunker;4523.00;9.50;631.00;-1.17;0
334;coastal_bunker;4527.00;9.50;604.00;-1.41;0
334;dockyard;4507.00;9.50;662.00;-2.16;0
334;fuel_silo;4527.00;10.55;660.00;6.03;0
334;industrial_complex;4523.00;9.70;633.00;5.30;0
334;industrial_complex;4524.00;10.30;646.00;3.74;0
334;industrial_complex;4530.00;10.30;650.00;5.81;0
334;industrial_complex;4531.00;10.40;636.00;0.74;0
334;industrial_complex;4555.00;9.73;661.00;1.68;0
334;industrial_complex;4572.00;9.90;662.00;3.75;0
334;naval_base;4509.00;9.50;650.00;-1.77;5589
334;naval_base;4509.00;9.53;669.00;-2.16;2904
334;naval_base;4512.00;9.50;636.00;-1.17;5641
334;naval_base;4525.00;9.50;618.00;-1.33;5641
334;naval_base;4536.00;9.50;604.00;0.14;2760
334;nuclear_reactor;4532.00;10.30;653.00;1.82;0
334;radar_station;4547.00;10.28;639.00;1.58;0
334;rocket_site;4561.00;10.03;655.00;3.98;0
334;synthetic_refinery;4538.00;10.30;650.00;4.93;0
335;air_base;4504.00;11.32;537.00;3.96;0
335;anti_air_building;4516.00;9.98;539.00;0.13;0
335;anti_air_building;4544.00;10.05;542.00;3.15;0
335;anti_air_building;4547.00;10.30;537.00;4.36;0
335;arms_factory;4465.00;9.80;552.00;5.61;0
335;arms_factory;4477.00;10.95;538.00;1.38;0
335;arms_factory;4496.00;10.25;543.00;4.05;0
335;arms_factory;4506.00;10.30;534.00;5.00;0
335;arms_factory;4511.00;11.55;537.00;0.88;0
335;arms_factory;4526.00;10.13;529.00;3.45;0
335;bunker;4462.00;9.73;552.00;0.07;0
335;bunker;4464.00;9.70;543.00;0.51;0
335;bunker;4474.00;9.90;536.00;4.19;0
335;bunker;4484.00;11.65;536.00;2.06;0
335;bunker;4485.00;9.93;533.00;5.74;0
335;bunker;4493.00;11.50;539.00;1.01;0
335;bunker;4499.00;11.20;539.00;6.19;0
335;bunker;4503.00;9.70;531.00;3.69;0
335;bunker;4509.00;9.80;532.00;1.62;0
335;bunker;4518.00;9.73;530.00;2.12;0
335;bunker;4524.00;11.00;532.00;0.41;0
335;bunker;4527.00;9.68;525.00;2.57;0
335;bunker;4534.00;9.90;538.00;4.63;0
335;bunker;4543.00;9.80;537.00;5.23;0
335;bunker;4549.00;10.25;536.00;3.68;0
335;coastal_bunker;4462.00;9.50;542.00;-1.25;0
335;coastal_bunker;4465.00;9.60;554.00;-3.52;0
335;coastal_bunker;4477.00;9.50;532.00;0.46;0
335;coastal_bunker;4480.00;9.50;531.00;0.00;0
335;coastal_bunker;4491.00;9.50;527.00;0.00;0
335;coastal_bunker;4498.00;9.53;548.00;-3.46;0
335;coastal_bunker;4500.00;9.50;528.00;0.00;0
335;coastal_bunker;4507.00;10.88;540.00;-2.94;0
335;coastal_bunker;4517.00;9.50;526.00;0.00;0
335;coastal_bunker;4525.00;9.50;524.00;-0.20;0
335;coastal_bunker;4527.00;9.70;539.00;-2.98;0
335;coastal_bunker;4539.00;9.60;546.00;-4.17;0
335;coastal_bunker;4546.00;9.50;544.00;-3.46;0
335;dockyard;4551.00;9.60;542.00;-3.46;0
335;fuel_silo;4464.00;9.90;548.00;2.41;0
335;industrial_complex;4491.00;11.35;542.00;4.66;0
335;industrial_complex;4502.00;9.70;530.00;4.05;0
335;industrial_complex;4502.00;10.30;534.00;1.39;0
335;industrial_complex;4521.00;11.28;534.00;4.56;0
335;industrial_complex;4522.00;11.70;537.00;0.44;0
335;industrial_complex;4528.00;10.57;530.00;6.12;0
335;naval_base;4455.00;9.50;544.00;-1.25;2714
335;naval_base;4458.00;9.50;550.00;-2.03;2714
335;naval_base;4469.00;9.50;537.00;-1.57;2714
335;naval_base;4480.00;9.50;531.00;0.00;2514
335;naval_base;4490.00;9.50;527.00;0.00;2514
335;naval_base;4498.00;9.50;526.00;0.00;2514
335;naval_base;4500.00;9.53;546.00;-3.46;2737
335;naval_base;4507.00;10.88;540.00;-2.94;2737
335;naval_base;4519.00;9.50;526.00;0.00;2490
335;naval_base;4519.00;10.05;539.00;-2.98;2760
335;naval_base;4536.00;9.57;547.00;-2.55;2760
335;naval_base;4542.00;9.50;519.00;-0.20;2490
335;naval_base;4547.00;9.50;544.00;-3.46;5666
335;nuclear_reactor;4491.00;11.82;534.00;2.80;0
335;radar_station;4501.00;11.18;538.00;3.93;0
335;rocket_site;4461.00;9.70;551.00;0.14;0
335;synthetic_refinery;4527.00;11.30;532.00;2.20;0
336;air_base;4423.00;9.88;673.00;2.05;0
336;anti_air_building;4422.00;9.57;669.00;1.10;0
336;anti_air_building;4425.00;9.60;668.00;3.26;0
336;anti_air_building;4425.00;9.68;669.00;2.66;0
336;arms_factory;4422.00;9.73;672.00;3.10;0
336;arms_factory;4423.00;9.88;673.00;5.76;0
336;arms_factory;4424.00;9.60;669.00;1.55;0
336;arms_factory;4425.00;9.70;671.00;5.26;0
336;arms_factory;4427.00;9.55;667.00;3.61;0
336;arms_factory;4427.00;9.70;668.00;3.71;0
336;bunker;4425.00;9.70;671.00;1.38;0
336;coastal_bunker;4421.00;9.50;669.00;-1.33;0
336;dockyard;4424.00;9.50;668.00;0.79;0
336;fuel_silo;4423.00;9.75;672.00;3.96;0
336;industrial_complex;4421.00;9.57;670.00;4.21;0
336;industrial_complex;4423.00;9.70;671.00;6.28;0
336;industrial_complex;4423.00;9.75;672.00;5.32;0
336;industrial_complex;4424.00;9.70;670.00;0.59;0
336;industrial_complex;4426.00;9.70;671.00;1.20;0
336;industrial_complex;4427.00;9.70;670.00;2.15;0
336;naval_base;4427.32;9.70;667.14;0.49;5539
336;nuclear_reactor;4423.00;9.70;671.00;5.93;0
336;radar_station;4425.00;9.70;670.00;1.71;0
336;rocket_site;4420.00;9.57;671.00;5.83;0
336;synthetic_refinery;4421.00;9.57;670.00;5.33;0
337;air_base;2688.00;9.60;1798.00;2.12;0
337;anti_air_building;2688.00;9.53;1797.00;6.25;0
337;anti_air_building;2688.00;9.60;1798.00;1.18;0
337;anti_air_building;2690.00;9.53;1783.00;2.13;0
337;arms_factory;2688.00;9.53;1797.00;5.23;0
337;arms_factory;2688.00;9.60;1798.00;0.51;0
337;arms_factory;2688.00;9.60;1800.00;0.50;0
337;arms_factory;2689.00;9.70;1800.00;2.06;0
337;arms_factory;2691.00;9.75;1783.00;2.57;0
337;arms_factory;2695.00;9.50;1800.00;6.19;0
337;bunker;2688.00;9.60;1800.00;0.07;0
337;coastal_bunker;2689.00;9.50;1783.00;-3.14;0
337;dockyard;2680.00;9.50;1798.00;-3.14;0
337;fuel_silo;2689.00;9.70;1800.00;1.81;0
337;industrial_complex;2688.00;9.53;1797.00;5.74;0
337;industrial_complex;2688.00;9.60;1800.00;1.01;0
337;industrial_complex;2689.00;9.68;1799.00;4.63;0
337;industrial_complex;2691.00;9.75;1783.00;1.62;0
337;industrial_complex;2695.00;9.50;1800.00;0.41;0
337;industrial_complex;2695.00;9.50;1800.00;3.68;0
337;naval_base;2682.00;9.50;1796.00;-3.14;8300
337;nuclear_reactor;2688.00;9.55;1801.00;5.91;0
337;radar_station;2690.00;9.60;1799.00;0.58;0
337;rocket_site;2689.00;9.70;1800.00;4.70;0
337;synthetic_refinery;2689.00;9.68;1799.00;4.20;0
338;air_base;2768.00;10.07;1562.00;0.07;0
338;anti_air_building;2767.00;10.10;1559.00;3.75;0
338;anti_air_building;2769.00;10.10;1559.00;1.09;0
338;anti_air_building;2770.00;9.98;1567.00;0.13;0
338;arms_factory;2755.00;10.73;1567.00;4.63;0
338;arms_factory;2763.00;9.93;1553.00;2.57;0
338;arms_factory;2763.00;10.03;1563.00;5.23;0
338;arms_factory;2765.00;10.10;1556.00;1.01;0
338;arms_factory;2767.00;10.03;1560.00;0.51;0
338;arms_factory;2767.00;10.07;1556.00;6.19;0
338;bunker;2753.00;10.55;1553.00;1.18;0
338;bunker;2759.00;10.43;1569.00;5.91;0
338;bunker;2763.00;10.05;1559.00;6.25;0
338;bunker;2763.00;10.15;1558.00;0.58;0
338;bunker;2768.00;10.03;1557.00;4.70;0
338;bunker;2773.00;9.93;1569.00;4.20;0
338;coastal_bunker;2752.00;9.50;1559.00;-2.11;0
338;coastal_bunker;2757.00;9.57;1565.00;-0.46;0
338;dockyard;2754.00;10.25;1559.00;-2.11;0
338;fuel_silo;2760.00;10.45;1568.00;3.02;0
338;industrial_complex;2757.00;10.20;1566.00;5.74;0
338;industrial_complex;2760.00;10.15;1553.00;3.68;0
338;industrial_complex;2762.00;10.38;1569.00;3.69;0
338;industrial_complex;2764.00;10.25;1568.00;2.12;0
338;industrial_complex;2770.00;10.10;1562.00;0.41;0
338;industrial_complex;2775.00;10.05;1559.00;1.62;0
338;naval_base;2753.00;9.50;1563.00;-0.46;8314
338;naval_base;2753.00;9.88;1559.00;-2.11;8314
338;naval_base;2755.00;9.50;1561.00;-1.37;8314
338;nuclear_reactor;2774.00;10.00;1571.00;4.86;0
338;radar_station;2773.00;10.10;1561.00;4.36;0
338;rocket_site;2764.00;10.07;1554.00;2.20;0
338;synthetic_refinery;2773.00;10.10;1564.00;3.15;0
339;air_base;3251.00;11.50;1286.00;3.75;0
339;anti_air_building;3225.00;9.68;1291.00;4.43;0
339;anti_air_building;3234.00;9.60;1275.00;3.83;0
339;anti_air_building;3236.00;9.98;1285.00;0.81;0
339;bunker;3230.00;9.88;1293.00;1.75;0
339;bunker;3237.00;10.43;1285.00;4.86;0
339;bunker;3238.00;11.20;1282.00;0.65;0
339;bunker;3244.00;11.90;1290.00;3.31;0
339;bunker;3250.00;12.35;1283.00;0.14;0
339;bunker;3254.00;10.98;1288.00;2.80;0
339;coastal_bunker;3217.00;9.50;1291.00;-0.93;0
339;coastal_bunker;3228.00;9.50;1288.00;-1.11;0
339;coastal_bunker;3230.00;9.50;1277.00;-1.11;0
339;dockyard;3231.00;9.50;1275.00;-1.11;0
339;fuel_silo;3233.00;10.48;1297.00;0.85;0
339;naval_base;3216.00;9.50;1292.00;-0.93;7226
339;naval_base;3231.00;9.50;1278.00;-1.11;7226
339;naval_base;3232.00;9.50;1283.00;-1.11;7226
339;radar_station;3238.00;10.88;1293.00;2.95;0
339;rocket_site;3241.00;11.65;1293.00;0.71;0
340;bunker;3255.00;11.68;1318.00;0.87;0
340;bunker;3260.00;12.00;1322.00;4.64;0
340;bunker;3265.00;11.85;1326.00;5.85;0
340;bunker;3271.00;10.18;1334.00;2.58;0
340;coastal_bunker;3254.00;9.57;1330.00;-3.27;0
340;coastal_bunker;3261.00;9.50;1332.00;-1.77;0
340;coastal_bunker;3261.00;9.75;1330.00;-2.76;0
340;naval_base;3251.00;9.55;1330.00;-3.27;7678
340;naval_base;3257.00;9.63;1330.00;-2.76;7678
340;naval_base;3259.00;9.53;1335.00;-1.77;7678
340;radar_station;3257.00;10.48;1328.00;5.13;0
341;air_base;3224.00;9.80;1344.00;0.21;0
341;arms_factory;3215.00;9.55;1336.00;1.75;0
341;arms_factory;3217.00;9.68;1330.00;4.87;0
341;arms_factory;3220.00;9.75;1340.00;3.32;0
341;arms_factory;3227.00;9.82;1355.00;1.16;0
341;arms_factory;3231.00;9.88;1354.00;5.37;0
341;arms_factory;3239.00;9.93;1348.00;2.71;0
341;bunker;3220.00;9.75;1340.00;5.54;0
341;bunker;3222.00;9.82;1343.00;2.43;0
341;bunker;3226.00;9.80;1356.00;5.44;0
341;bunker;3231.00;9.73;1339.00;6.05;0
341;bunker;3238.00;9.70;1345.00;3.38;0
341;bunker;3241.00;10.15;1356.00;1.32;0
341;coastal_bunker;3222.00;9.55;1333.00;0.79;0
341;coastal_bunker;3234.00;9.50;1340.00;0.79;0
341;coastal_bunker;3245.00;9.68;1352.00;-4.47;0
341;coastal_bunker;3247.00;9.50;1344.00;0.79;0
341;dockyard;3219.00;9.57;1330.00;0.79;0
341;fuel_silo;3227.00;9.88;1345.00;1.39;0
341;industrial_complex;3216.00;9.75;1337.00;2.36;0
341;industrial_complex;3221.00;9.78;1356.00;1.76;0
341;industrial_complex;3222.00;9.82;1343.00;4.43;0
341;industrial_complex;3229.00;9.85;1356.00;3.83;0
341;industrial_complex;3242.00;9.95;1351.00;0.81;0
341;industrial_complex;3243.00;9.85;1349.00;5.38;0
341;naval_base;3220.00;9.50;1336.00;-0.98;7452
341;naval_base;3232.00;9.50;1337.00;0.79;7678
341;naval_base;3243.00;9.53;1356.00;-4.47;5412
341;naval_base;3244.00;9.50;1344.00;0.79;7678
341;nuclear_reactor;3236.00;9.93;1350.00;3.45;0
341;radar_station;3230.00;9.95;1344.00;2.67;0
341;rocket_site;3242.00;9.70;1346.00;5.61;0
341;synthetic_refinery;3234.00;9.88;1346.00;3.54;0
342;air_base;3256.00;9.65;1265.00;0.65;0
342;anti_air_building;3255.00;12.45;1272.00;0.81;0
342;anti_air_building;3257.00;11.25;1269.00;3.83;0
342;anti_air_building;3259.00;9.73;1266.00;0.21;0
342;arms_factory;3244.00;11.48;1272.00;0.13;0
342;arms_factory;3250.00;10.32;1269.00;3.75;0
342;arms_factory;3255.00;12.45;1272.00;4.35;0
342;arms_factory;3257.00;11.25;1269.00;1.09;0
342;arms_factory;3263.00;9.70;1259.00;5.31;0
342;arms_factory;3264.00;9.73;1258.00;1.69;0
342;bunker;3246.00;11.53;1272.00;1.75;0
342;bunker;3253.00;9.60;1266.00;3.32;0
342;bunker;3254.00;12.05;1276.00;5.37;0
342;bunker;3264.00;9.90;1261.00;1.16;0
342;coastal_bunker;3245.00;9.50;1269.00;-1.19;0
342;coastal_bunker;3256.00;9.50;1262.00;-0.32;0
342;coastal_bunker;3261.00;9.50;1259.00;-0.24;0
342;dockyard;3269.00;9.50;1253.00;-0.24;0
342;fuel_silo;3261.00;9.73;1264.00;2.92;0
342;industrial_complex;3246.00;10.98;1271.00;3.15;0
342;industrial_complex;3249.00;12.28;1274.00;4.86;0
342;industrial_complex;3253.00;12.20;1271.00;0.14;0
342;industrial_complex;3254.00;10.28;1268.00;2.80;0
342;industrial_complex;3265.00;10.48;1262.00;4.36;0
342;industrial_complex;3267.00;9.73;1256.00;2.20;0
342;naval_base;3232.00;9.50;1267.00;-1.19;7226
342;naval_base;3241.00;9.50;1263.00;-1.42;7226
342;naval_base;3261.00;9.50;1258.00;-0.24;7002
342;nuclear_reactor;3254.00;12.28;1274.00;4.94;0
342;radar_station;3251.00;9.50;1266.00;4.42;0
342;rocket_site;3265.00;9.73;1257.00;0.82;0
342;synthetic_refinery;3244.00;11.48;1272.00;2.87;0
343;air_base;3276.00;12.28;1321.00;1.16;0
343;bunker;3274.00;12.48;1314.00;1.32;0
343;bunker;3280.00;12.18;1318.00;0.82;0
343;bunker;3283.00;12.48;1305.00;0.21;0
343;bunker;3291.00;12.32;1305.00;0.71;0
343;bunker;3292.00;12.00;1307.00;1.76;0
343;bunker;3306.00;12.28;1299.00;2.87;0
343;fuel_silo;3288.00;12.57;1298.00;4.48;0
343;radar_station;3278.00;12.85;1301.00;3.90;0
343;rocket_site;3279.00;11.93;1320.00;6.05;0
343;synthetic_refinery;3286.00;12.60;1306.00;1.83;0
344;air_base;3363.00;9.70;1269.00;5.74;0
344;bunker;3360.00;9.63;1266.00;3.24;0
344;bunker;3364.00;11.07;1276.00;4.19;0
344;bunker;3375.00;10.93;1268.00;6.25;0
344;bunker;3376.00;12.45;1257.00;2.13;0
344;coastal_bunker;3355.00;9.50;1261.00;-0.20;0
344;coastal_bunker;3370.00;9.50;1265.00;-0.59;0
344;coastal_bunker;3371.00;9.50;1261.00;-1.57;0
344;dockyard;3353.00;9.50;1262.00;-0.20;0
344;fuel_silo;3368.00;9.70;1268.00;4.25;0
344;naval_base;3359.00;9.50;1261.00;-0.20;6419
344;naval_base;3367.00;9.50;1250.00;-1.57;6419
344;naval_base;3368.00;9.50;1266.00;-0.59;6419
344;nuclear_reactor;3365.00;9.68;1270.00;4.86;0
344;rocket_site;3362.00;9.70;1269.00;2.20;0
344;synthetic_refinery;3357.00;9.68;1265.00;0.13;0
345;bunker;3357.00;13.43;1337.00;2.52;0
345;bunker;3364.00;12.10;1334.00;0.01;0
345;bunker;3366.00;12.55;1324.00;2.68;0
345;bunker;3367.00;12.00;1340.00;3.12;0
345;bunker;3369.00;12.60;1326.00;4.67;0
345;bunker;3373.00;13.90;1319.00;3.12;0
345;bunker;3385.00;13.50;1329.00;4.07;0
345;fuel_silo;3388.00;13.78;1324.00;3.80;0
345;rocket_site;3373.00;14.10;1318.00;3.19;0
346;air_base;3357.00;14.20;1278.00;2.28;0
346;bunker;3310.00;13.70;1278.00;4.51;0
346;bunker;3313.00;11.80;1291.00;3.46;0
346;bunker;3319.00;14.25;1271.00;5.62;0
346;bunker;3320.00;10.95;1293.00;5.11;0
346;bunker;3321.00;11.80;1291.00;2.01;0
346;bunker;3327.00;11.98;1281.00;6.13;0
346;bunker;3329.00;11.43;1289.00;3.02;0
346;bunker;3335.00;10.68;1296.00;1.91;0
346;bunker;3339.00;12.00;1285.00;6.06;0
346;bunker;3349.00;16.13;1278.00;5.02;0
346;bunker;3351.00;14.20;1289.00;3.63;0
346;bunker;3354.00;15.05;1276.00;5.18;0
346;nuclear_reactor;3327.00;11.85;1283.00;5.16;0
346;synthetic_refinery;3333.00;14.10;1272.00;0.43;0
347;air_base;3683.00;9.68;1075.00;2.36;0
347;anti_air_building;3683.00;9.68;1075.00;3.83;0
347;anti_air_building;3684.00;10.03;1074.00;2.87;0
347;anti_air_building;3684.00;10.15;1072.00;0.21;0
347;arms_factory;3683.00;9.63;1076.00;2.20;0
347;arms_factory;3683.00;9.63;1076.00;3.31;0
347;arms_factory;3683.00;9.80;1074.00;0.65;0
347;arms_factory;3684.00;10.03;1074.00;0.14;0
347;arms_factory;3684.00;10.07;1073.00;4.86;0
347;arms_factory;3684.00;10.13;1071.00;2.80;0
347;bunker;3683.00;9.80;1074.00;1.76;0
347;coastal_bunker;3683.00;9.55;1077.00;-3.14;0
347;dockyard;3685.00;9.73;1075.00;-3.14;0
347;fuel_silo;3685.00;10.03;1073.00;0.82;0
347;industrial_complex;3683.00;9.63;1076.00;3.32;0
347;industrial_complex;3683.00;9.68;1075.00;2.71;0
347;industrial_complex;3683.00;9.80;1074.00;1.75;0
347;industrial_complex;3684.00;10.07;1073.00;4.87;0
347;industrial_complex;3684.00;10.15;1072.00;5.37;0
347;industrial_complex;3685.00;10.03;1073.00;1.16;0
347;naval_base;3684.00;10.00;1070.00;-3.14;2919
347;nuclear_reactor;3684.00;10.03;1074.00;5.44;0
347;radar_station;3685.00;10.03;1073.00;5.12;0
347;rocket_site;3684.00;10.07;1073.00;1.32;0
347;synthetic_refinery;3684.00;10.13;1071.00;0.71;0
348;air_base;4414.00;13.18;1334.00;5.24;0
348;arms_factory;4369.00;12.78;1327.00;0.86;0
348;arms_factory;4374.00;12.00;1360.00;5.08;0
348;arms_factory;4376.00;12.65;1329.00;0.00;0
348;arms_factory;4388.00;11.98;1357.00;4.12;0
348;arms_factory;4390.00;12.80;1324.00;6.19;0
348;arms_factory;4451.00;12.55;1322.00;2.07;0
348;bunker;4367.00;12.63;1329.00;4.80;0
348;bunker;4389.00;12.05;1350.00;0.07;0
348;bunker;4406.00;12.25;1347.00;5.15;0
348;bunker;4409.00;13.15;1325.00;1.53;0
348;bunker;4439.00;13.35;1334.00;5.75;0
348;bunker;4445.00;12.60;1318.00;2.13;0
348;bunker;4464.00;13.03;1296.00;3.09;0
348;bunker;4465.00;13.20;1327.00;1.62;0
348;fuel_silo;4405.00;12.15;1348.00;5.31;0
348;industrial_complex;4373.00;12.15;1362.00;2.58;0
348;industrial_complex;4377.00;12.50;1367.00;4.13;0
348;industrial_complex;4381.00;12.40;1333.00;5.84;0
348;industrial_complex;4386.00;12.10;1364.00;4.64;0
348;industrial_complex;4450.00;13.13;1316.00;0.51;0
348;industrial_complex;4451.00;12.90;1319.00;2.57;0
348;nuclear_reactor;4445.00;13.07;1281.00;1.09;0
348;radar_station;4406.00;13.00;1325.00;1.65;0
348;rocket_site;4402.00;12.45;1345.00;3.25;0
349;air_base;3484.00;10.18;1252.00;5.98;0
349;anti_air_building;3491.00;10.20;1245.00;2.26;0
349;anti_air_building;3493.00;10.57;1237.00;4.93;0
349;anti_air_building;3506.00;10.40;1221.00;4.42;0
349;arms_factory;3489.00;10.07;1245.00;4.26;0
349;arms_factory;3492.00;9.95;1225.00;4.86;0
349;arms_factory;3492.00;10.55;1237.00;0.64;0
349;arms_factory;3502.00;10.25;1215.00;4.35;0
349;arms_factory;3505.00;10.48;1221.00;1.24;0
349;arms_factory;3506.00;10.60;1230.00;2.20;0
349;bunker;3482.00;10.28;1256.00;3.22;0
349;bunker;3501.00;10.60;1231.00;0.20;0
349;bunker;3504.00;10.15;1215.00;2.36;0
349;fuel_silo;3488.00;10.40;1230.00;2.87;0
349;industrial_complex;3491.00;9.95;1224.00;5.98;0
349;industrial_complex;3492.00;10.30;1244.00;3.91;0
349;industrial_complex;3497.00;10.65;1236.00;1.75;0
349;industrial_complex;3503.00;10.60;1222.00;4.42;0
349;industrial_complex;3503.00;10.60;1229.00;3.31;0
349;industrial_complex;3505.00;10.18;1216.00;2.71;0
349;nuclear_reactor;3499.00;10.70;1233.00;4.93;0
349;radar_station;3496.00;10.60;1236.00;5.69;0
349;rocket_site;3493.00;10.32;1244.00;1.92;0
349;synthetic_refinery;3504.00;10.60;1229.00;0.21;0
350;air_base;3442.00;10.88;1277.00;4.86;0
350;anti_air_building;3422.00;11.15;1278.00;3.22;0
350;anti_air_building;3423.00;11.00;1285.00;2.26;0
350;anti_air_building;3464.00;10.57;1265.00;4.42;0
350;arms_factory;3423.00;11.90;1291.00;5.30;0
350;arms_factory;3434.00;11.38;1279.00;3.24;0
350;arms_factory;3441.00;10.63;1274.00;1.68;0
350;arms_factory;3451.00;13.32;1288.00;5.81;0
350;arms_factory;3464.00;10.50;1261.00;3.74;0
350;arms_factory;3468.00;10.57;1275.00;5.91;0
350;bunker;3420.00;11.13;1281.00;1.75;0
350;bunker;3427.00;10.45;1267.00;5.98;0
350;bunker;3432.00;11.70;1290.00;5.98;0
350;bunker;3436.00;11.32;1261.00;3.91;0
350;bunker;3437.00;10.88;1276.00;2.71;0
350;bunker;3444.00;12.00;1284.00;0.64;0
350;bunker;3447.00;12.23;1293.00;4.42;0
350;bunker;3448.00;12.90;1291.00;0.20;0
350;bunker;3450.00;10.55;1275.00;4.26;0
350;bunker;3457.00;10.35;1260.00;3.31;0
350;bunker;3463.00;10.63;1269.00;2.36;0
350;bunker;3465.00;10.50;1272.00;1.24;0
350;fuel_silo;3446.00;10.68;1262.00;0.21;0
350;industrial_complex;3426.00;11.43;1289.00;4.25;0
350;industrial_complex;3433.00;10.80;1274.00;4.35;0
350;industrial_complex;3443.00;11.00;1278.00;0.74;0
350;industrial_complex;3455.00;13.50;1287.00;2.20;0
350;industrial_complex;3468.00;10.50;1273.00;3.75;0
350;industrial_complex;3469.00;10.40;1260.00;0.13;0
350;nuclear_reactor;3470.00;10.23;1263.00;1.92;0
350;radar_station;3440.00;10.63;1274.00;2.76;0
350;rocket_site;3430.00;11.07;1276.00;0.71;0
350;synthetic_refinery;3434.00;10.63;1271.00;4.93;0
351;air_base;3405.00;10.40;1742.00;2.71;0
351;anti_air_building;3393.00;10.45;1739.00;2.13;0
351;anti_air_building;3427.00;10.50;1741.00;4.80;0
351;anti_air_building;3473.00;9.93;1735.00;5.75;0
351;arms_factory;3392.00;10.18;1710.00;3.15;0
351;arms_factory;3457.00;9.90;1752.00;0.13;0
351;arms_factory;3457.00;10.40;1730.00;1.09;0
351;arms_factory;3470.00;10.50;1729.00;2.20;0
351;arms_factory;3477.00;10.20;1686.00;4.36;0
351;arms_factory;3487.00;9.82;1717.00;3.75;0
351;bunker;3362.00;10.70;1742.00;1.76;0
351;bunker;3368.00;10.70;1748.00;1.39;0
351;bunker;3372.00;10.50;1732.00;5.68;0
351;bunker;3374.00;10.32;1758.00;2.43;0
351;bunker;3377.00;10.50;1749.00;4.94;0
351;bunker;3380.00;10.25;1767.00;0.71;0
351;bunker;3384.00;10.13;1734.00;0.21;0
351;bunker;3387.00;10.25;1713.00;0.95;0
351;bunker;3388.00;10.50;1765.00;5.74;0
351;bunker;3389.00;10.40;1728.00;3.32;0
351;bunker;3389.00;10.40;1756.00;4.40;0
351;bunker;3391.00;10.23;1711.00;0.82;0
351;bunker;3392.00;10.40;1741.00;4.49;0
351;bunker;3395.00;10.60;1731.00;5.84;0
351;bunker;3397.00;10.50;1752.00;6.12;0
351;bunker;3402.00;10.40;1746.00;5.54;0
351;bunker;3406.00;10.40;1724.00;4.64;0
351;bunker;3407.00;10.40;1747.00;6.19;0
351;bunker;3408.00;10.23;1713.00;4.50;0
351;bunker;3409.00;10.40;1740.00;5.38;0
351;bunker;3413.00;10.50;1720.00;2.57;0
351;bunker;3418.00;10.40;1742.00;3.90;0
351;bunker;3419.00;10.50;1729.00;2.00;0
351;bunker;3421.00;10.35;1718.00;3.54;0
351;bunker;3423.00;10.40;1711.00;1.02;0
351;bunker;3426.00;10.40;1709.00;3.38;0
351;bunker;3430.00;9.82;1734.00;2.06;0
351;bunker;3434.00;10.05;1722.00;1.16;0
351;bunker;3435.00;10.40;1706.00;5.61;0
351;bunker;3436.00;10.50;1709.00;5.44;0
351;bunker;3437.00;10.40;1743.00;5.45;0
351;bunker;3441.00;9.85;1725.00;2.87;0
351;bunker;3442.00;9.90;1738.00;2.94;0
351;bunker;3446.00;10.57;1714.00;5.15;0
351;bunker;3448.00;10.40;1705.00;1.83;0
351;bunker;3451.00;9.90;1735.00;1.62;0
351;bunker;3452.00;9.90;1742.00;0.86;0
351;bunker;3452.00;10.50;1709.00;3.45;0
351;bunker;3460.00;10.40;1730.00;3.02;0
351;bunker;3461.00;9.90;1749.00;4.57;0
351;bunker;3461.00;10.18;1690.00;0.88;0
351;bunker;3464.00;9.90;1738.00;6.05;0
351;bunker;3464.00;10.15;1684.00;5.08;0
351;bunker;3466.00;10.50;1719.00;3.09;0
351;bunker;3467.00;10.35;1707.00;3.61;0
351;bunker;3467.00;10.50;1721.00;5.37;0
351;bunker;3472.00;10.23;1732.00;3.83;0
351;bunker;3472.00;10.38;1713.00;0.35;0
351;bunker;3474.00;9.80;1750.00;6.11;0
351;bunker;3475.00;9.80;1706.00;1.32;0
351;bunker;3476.00;10.00;1731.00;0.81;0
351;bunker;3478.00;10.07;1684.00;6.05;0
351;bunker;3479.00;10.30;1714.00;2.36;0
351;bunker;3480.00;9.90;1737.00;0.51;0
351;bunker;3481.00;9.80;1699.00;4.13;0
351;bunker;3485.00;9.90;1742.00;4.12;0
351;bunker;3486.00;9.85;1716.00;2.07;0
351;bunker;3486.00;10.50;1723.00;5.17;0
351;bunker;3487.00;9.80;1682.00;0.00;0
351;bunker;3490.00;9.80;1705.00;1.39;0
351;bunker;3490.00;10.48;1737.00;2.58;0
351;bunker;3493.00;9.80;1704.00;2.50;0
351;bunker;3495.00;10.25;1694.00;5.24;0
351;bunker;3496.00;9.80;1684.00;5.10;0
351;bunker;3497.00;9.80;1707.00;4.06;0
351;bunker;3499.00;9.80;1702.00;4.43;0
351;bunker;3499.00;9.85;1722.00;1.90;0
351;bunker;3499.00;9.90;1739.00;1.75;0
351;bunker;3501.00;9.80;1689.00;0.07;0
351;bunker;3504.00;10.30;1734.00;1.90;0
351;fuel_silo;3379.00;10.40;1728.00;1.37;0
351;industrial_complex;3385.00;10.40;1727.00;2.80;0
351;industrial_complex;3416.00;10.50;1727.00;0.65;0
351;industrial_complex;3442.00;9.90;1742.00;4.87;0
351;industrial_complex;3493.00;9.80;1680.00;3.31;0
351;industrial_complex;3495.00;9.93;1743.00;4.86;0
351;industrial_complex;3497.00;9.80;1718.00;0.14;0
351;nuclear_reactor;3503.00;9.93;1725.00;4.70;0
351;radar_station;3455.00;10.00;1732.00;2.74;0
351;rocket_site;3372.00;10.50;1753.00;0.58;0
351;synthetic_refinery;3444.00;9.95;1746.00;1.53;0
352;air_base;3495.00;13.03;1278.00;1.12;0
352;anti_air_building;3482.00;12.40;1291.00;2.24;0
352;anti_air_building;3484.00;13.57;1290.00;4.91;0
352;anti_air_building;3494.00;15.43;1286.00;2.75;0
352;arms_factory;3473.00;13.32;1309.00;1.57;0
352;arms_factory;3476.00;10.15;1303.00;2.07;0
352;arms_factory;3481.00;10.00;1299.00;2.17;0
352;arms_factory;3482.00;10.25;1300.00;5.79;0
352;arms_factory;3486.00;12.45;1295.00;0.01;0
352;arms_factory;3490.00;14.40;1310.00;4.23;0
352;bunker;3451.00;13.30;1296.00;5.86;0
352;bunker;3461.00;15.25;1300.00;2.24;0
352;bunker;3471.00;16.50;1288.00;0.18;0
352;bunker;3480.00;12.93;1278.00;3.19;0
352;bunker;3485.00;11.68;1307.00;5.86;0
352;bunker;3489.00;15.50;1289.00;5.25;0
352;bunker;3490.00;13.63;1296.00;0.53;0
352;bunker;3494.00;12.75;1277.00;3.80;0
352;bunker;3497.00;14.55;1314.00;4.30;0
352;fuel_silo;3482.00;15.00;1283.00;0.69;0
352;industrial_complex;3484.00;11.20;1294.00;0.52;0
352;industrial_complex;3486.00;12.20;1298.00;2.68;0
352;industrial_complex;3490.00;13.03;1303.00;3.63;0
352;industrial_complex;3494.00;14.68;1315.00;0.62;0
352;industrial_complex;3496.00;12.10;1274.00;0.02;0
352;industrial_complex;3496.00;14.80;1282.00;4.74;0
352;nuclear_reactor;3475.00;11.15;1275.00;2.75;0
352;radar_station;3477.00;10.48;1293.00;1.43;0
352;rocket_site;3489.00;14.18;1293.00;1.19;0
352;synthetic_refinery;3500.00;13.40;1280.00;5.77;0
353;air_base;4264.00;21.65;1212.00;1.02;0
353;arms_factory;4242.00;22.05;1203.00;2.07;0
353;arms_factory;4246.00;21.68;1220.00;0.51;0
353;arms_factory;4272.00;21.88;1207.00;4.13;0
353;arms_factory;4294.00;21.43;1218.00;2.57;0
353;arms_factory;4301.00;21.73;1208.00;0.86;0
353;arms_factory;4329.00;20.50;1225.00;6.19;0
353;bunker;4247.00;21.70;1235.00;2.13;0
353;bunker;4276.00;21.40;1237.00;0.07;0
353;bunker;4305.00;20.95;1184.00;5.15;0
353;bunker;4327.00;20.50;1229.00;4.80;0
353;bunker;4341.00;20.52;1219.00;5.75;0
353;fuel_silo;4317.00;21.75;1211.00;4.81;0
353;nuclear_reactor;4312.00;21.33;1221.00;1.69;0
353;radar_station;4290.00;21.30;1220.00;2.41;0
353;rocket_site;4245.00;22.43;1193.00;5.31;0
353;synthetic_refinery;4299.00;21.35;1236.00;4.70;0
354;bunker;3455.00;14.78;1315.00;4.42;0
354;nuclear_reactor;3464.00;12.85;1310.00;0.21;0
355;arms_factory;3390.00;12.90;1332.00;3.38;0
355;arms_factory;3393.00;13.20;1334.00;1.82;0
355;arms_factory;3395.00;12.80;1337.00;1.32;0
355;arms_factory;3401.00;12.75;1337.00;6.04;0
355;arms_factory;3404.00;12.23;1338.00;4.93;0
355;arms_factory;3410.00;13.28;1327.00;3.98;0
355;bunker;3391.00;13.63;1338.00;4.94;0
355;bunker;3399.00;13.82;1336.00;2.87;0
355;bunker;3403.00;14.20;1333.00;5.54;0
355;bunker;3416.00;13.05;1330.00;2.94;0
355;bunker;3416.00;13.32;1337.00;0.78;0
355;coastal_bunker;3393.00;9.82;1343.00;-3.46;0
355;coastal_bunker;3417.00;10.32;1343.00;-3.34;0
355;fuel_silo;3386.00;12.55;1333.00;6.10;0
355;naval_base;3409.00;9.68;1341.00;-3.46;8334
355;naval_base;3430.00;10.30;1341.00;-3.34;8334
355;nuclear_reactor;3390.00;13.95;1337.00;3.54;0
355;rocket_site;3427.00;13.23;1337.00;3.45;0
355;synthetic_refinery;3420.00;13.35;1339.00;5.61;0
356;air_base;3328.00;12.80;1348.00;6.11;0
356;bunker;3333.00;11.55;1332.00;1.90;0
356;bunker;3333.00;12.63;1343.00;4.57;0
356;bunker;3334.00;12.15;1352.00;4.12;0
356;bunker;3342.00;12.98;1338.00;3.02;0
356;bunker;3348.00;12.88;1349.00;0.95;0
356;bunker;3348.00;12.98;1342.00;0.00;0
356;bunker;3359.00;11.95;1352.00;0.86;0
356;coastal_bunker;3333.00;9.75;1360.00;-2.76;0
356;coastal_bunker;3347.00;10.35;1359.00;-2.86;0
356;coastal_bunker;3357.00;11.25;1354.00;-3.14;0
356;fuel_silo;3342.00;12.60;1337.00;2.48;0
356;naval_base;3334.00;9.68;1360.00;-2.76;8256
356;naval_base;3345.00;10.35;1359.00;-2.86;8308
356;naval_base;3350.00;10.63;1359.00;-3.14;8308
356;nuclear_reactor;3350.00;12.73;1339.00;0.07;0
356;radar_station;3330.00;12.78;1346.00;0.00;0
357;air_base;1710.00;10.20;1636.00;0.07;0
357;anti_air_building;1708.00;10.28;1629.00;4.80;0
357;anti_air_building;1725.00;10.90;1670.00;2.13;0
357;anti_air_building;1747.00;9.90;1658.00;5.75;0
357;arms_factory;1705.00;11.25;1640.00;6.19;0
357;arms_factory;1721.00;9.85;1643.00;0.51;0
357;arms_factory;1725.00;9.70;1624.00;4.13;0
357;arms_factory;1727.00;10.50;1682.00;2.57;0
357;arms_factory;1729.00;11.03;1663.00;4.64;0
357;arms_factory;1737.00;10.73;1668.00;5.84;0
357;bunker;1703.00;10.48;1632.00;6.12;0
357;bunker;1709.00;10.93;1647.00;3.54;0
357;bunker;1710.00;9.70;1618.00;6.11;0
357;bunker;1720.00;9.70;1622.00;3.45;0
357;bunker;1724.00;10.48;1683.00;1.39;0
357;bunker;1726.00;11.20;1659.00;0.88;0
357;bunker;1727.00;9.80;1639.00;5.17;0
357;bunker;1735.00;9.75;1646.00;5.61;0
357;bunker;1736.00;10.57;1661.00;5.10;0
357;bunker;1738.00;9.68;1632.00;1.90;0
357;bunker;1741.00;10.70;1673.00;2.94;0
357;bunker;1755.00;9.68;1638.00;2.50;0
357;coastal_bunker;1710.00;9.50;1611.00;0.93;0
357;coastal_bunker;1723.00;9.50;1620.00;0.79;0
357;coastal_bunker;1730.00;9.50;1628.00;0.64;0
357;coastal_bunker;1741.00;9.50;1626.00;-0.12;0
357;coastal_bunker;1746.00;9.50;1628.00;0.12;0
357;dockyard;1724.00;9.50;1620.00;0.79;0
357;fuel_silo;1721.00;10.50;1652.00;5.15;0
357;industrial_complex;1706.00;9.55;1608.00;2.58;0
357;industrial_complex;1712.00;10.68;1653.00;5.15;0
357;industrial_complex;1722.00;9.70;1622.00;5.74;0
357;industrial_complex;1723.00;11.05;1672.00;1.62;0
357;industrial_complex;1724.00;9.80;1635.00;1.02;0
357;industrial_complex;1740.00;9.65;1633.00;5.24;0
357;naval_base;1709.00;9.50;1611.00;0.93;8543
357;naval_base;1728.00;9.55;1625.00;0.79;8543
357;naval_base;1730.00;9.50;1628.00;0.64;8543
357;naval_base;1735.00;9.50;1625.00;-0.12;8543
357;naval_base;1749.00;9.50;1630.00;0.12;8543
357;nuclear_reactor;1717.00;10.50;1651.00;0.58;0
357;radar_station;1729.00;9.80;1645.00;1.00;0
357;rocket_site;1710.00;10.75;1649.00;2.74;0
357;synthetic_refinery;1726.00;10.90;1671.00;1.53;0
358;air_base;1661.00;9.60;1557.00;3.91;0
358;anti_air_building;1659.00;9.70;1557.00;1.92;0
358;anti_air_building;1661.00;9.70;1558.00;0.71;0
358;anti_air_building;1667.00;9.55;1557.00;2.87;0
358;arms_factory;1656.00;9.70;1557.00;3.75;0
358;arms_factory;1665.00;9.55;1557.00;4.25;0
358;arms_factory;1665.00;9.55;1557.00;4.35;0
358;arms_factory;1668.00;9.68;1558.00;0.13;0
358;arms_factory;1670.00;9.70;1559.00;2.20;0
358;arms_factory;1671.00;9.55;1558.00;4.86;0
358;bunker;1659.00;9.70;1558.00;0.20;0
358;bunker;1672.66;9.50;1562.68;2.36;0
358;coastal_bunker;1662.19;9.70;1556.32;-6.11;0
358;coastal_bunker;1676.17;9.50;1558.48;-5.83;0
358;dockyard;1664.18;9.70;1556.32;-6.21;0
358;fuel_silo;1665.00;9.70;1558.00;1.32;0
358;industrial_complex;1656.00;9.65;1556.00;3.31;0
358;industrial_complex;1657.00;9.70;1557.00;4.26;0
358;industrial_complex;1658.00;9.70;1557.00;0.64;0
358;industrial_complex;1662.00;9.70;1558.00;2.71;0
358;industrial_complex;1666.00;9.68;1559.00;5.98;0
358;industrial_complex;1671.00;9.55;1558.00;1.24;0
358;naval_base;1659.98;9.50;1555.44;-6.01;8518
358;naval_base;1668.41;9.50;1556.43;-5.93;8518
358;nuclear_reactor;1667.00;9.70;1559.00;3.38;0
358;radar_station;1666.00;9.53;1560.00;3.06;0
358;rocket_site;1657.00;9.60;1556.00;1.82;0
358;synthetic_refinery;1672.00;9.55;1558.00;4.93;0
359;air_base;1642.00;9.70;1542.00;1.32;0
359;anti_air_building;1633.00;9.57;1530.00;2.00;0
359;anti_air_building;1640.00;9.70;1545.00;4.06;0
359;anti_air_building;1645.00;9.73;1555.00;1.90;0
359;arms_factory;1640.00;9.70;1532.00;5.38;0
359;arms_factory;1641.00;9.70;1549.00;1.16;0
359;arms_factory;1644.00;9.70;1539.00;4.43;0
359;arms_factory;1645.00;9.70;1537.00;1.76;0
359;arms_factory;1646.00;9.70;1546.00;0.81;0
359;arms_factory;1649.00;9.70;1559.00;2.36;0
359;bunker;1637.00;9.95;1562.00;5.10;0
359;bunker;1638.00;9.70;1530.00;6.05;0
359;bunker;1639.00;10.32;1555.00;2.94;0
359;bunker;1640.00;9.70;1541.00;1.83;0
359;bunker;1642.00;9.70;1537.00;0.88;0
359;bunker;1643.00;9.73;1551.00;3.90;0
359;bunker;1646.00;9.70;1540.00;4.49;0
359;bunker;1646.00;9.70;1556.00;4.50;0
359;coastal_bunker;1629.00;9.50;1535.00;-1.25;0
359;coastal_bunker;1640.00;9.60;1530.00;-0.32;0
359;coastal_bunker;1645.00;9.50;1534.00;0.24;0
359;coastal_bunker;1647.00;9.60;1550.00;-4.39;0
359;coastal_bunker;1649.00;9.57;1557.00;0.98;0
359;coastal_bunker;1651.00;9.50;1544.00;1.57;0
359;dockyard;1643.00;9.53;1531.00;0.24;0
359;fuel_silo;1638.00;9.68;1537.00;4.54;0
359;industrial_complex;1635.00;9.88;1560.00;2.87;0
359;industrial_complex;1636.00;9.82;1553.00;0.82;0
359;industrial_complex;1638.00;9.60;1528.00;0.71;0
359;industrial_complex;1641.00;10.18;1560.00;4.94;0
359;industrial_complex;1646.00;9.80;1561.00;3.83;0
359;industrial_complex;1647.00;9.70;1540.00;0.21;0
359;naval_base;1629.00;9.50;1535.00;-1.25;8492
359;naval_base;1637.00;9.50;1528.00;-0.32;8492
359;naval_base;1647.00;9.60;1550.00;-4.39;8518
359;naval_base;1648.00;9.50;1536.00;-4.51;8518
359;naval_base;1649.00;9.50;1541.00;1.57;8518
359;naval_base;1650.00;9.50;1557.00;0.98;8518
359;nuclear_reactor;1642.00;10.32;1557.00;1.90;0
359;radar_station;1641.00;10.05;1561.00;2.50;0
359;rocket_site;1642.00;9.70;1543.00;5.17;0
359;synthetic_refinery;1643.00;9.68;1532.00;6.12;0
360;air_base;1617.00;9.82;1543.00;2.80;0
360;anti_air_building;1625.00;9.80;1545.00;2.57;0
360;anti_air_building;1625.00;9.90;1549.00;4.13;0
360;anti_air_building;1633.00;9.65;1544.00;6.19;0
360;arms_factory;1609.00;11.40;1548.00;3.75;0
360;arms_factory;1614.00;10.95;1551.00;5.31;0
360;arms_factory;1621.00;10.95;1556.00;1.69;0
360;arms_factory;1625.00;12.18;1575.00;2.64;0
360;arms_factory;1629.00;10.07;1555.00;1.09;0
360;arms_factory;1633.00;9.75;1549.00;4.35;0
360;bunker;1610.00;10.38;1556.00;6.05;0
360;bunker;1623.00;9.80;1543.00;4.50;0
360;bunker;1624.00;12.20;1577.00;3.02;0
360;bunker;1625.00;10.57;1563.00;1.90;0
360;bunker;1626.00;9.85;1548.00;5.10;0
360;bunker;1628.00;12.25;1577.00;5.17;0
360;bunker;1630.00;9.70;1543.00;2.50;0
360;bunker;1631.00;9.80;1550.00;2.94;0
360;bunker;1634.00;11.13;1570.00;1.39;0
360;coastal_bunker;1632.00;9.50;1541.00;0.00;0
360;dockyard;1628.00;9.57;1540.00;0.00;0
360;fuel_silo;1619.00;9.82;1548.00;3.31;0
360;industrial_complex;1618.00;12.05;1575.00;2.20;0
360;industrial_complex;1622.00;9.90;1550.00;4.86;0
360;industrial_complex;1625.00;10.03;1552.00;0.13;0
360;industrial_complex;1628.00;9.80;1546.00;3.15;0
360;industrial_complex;1629.00;9.85;1551.00;4.36;0
360;industrial_complex;1629.00;10.05;1563.00;0.14;0
360;naval_base;1630.00;9.50;1540.00;0.00;8492
360;nuclear_reactor;1623.00;10.65;1556.00;5.37;0
360;radar_station;1622.00;12.45;1560.00;5.34;0
360;rocket_site;1608.00;10.85;1552.00;2.71;0
360;synthetic_refinery;1622.00;12.13;1559.00;0.65;0
361;bunker;1602.21;9.80;1526.15;2.94;0
361;coastal_bunker;1613.00;9.53;1525.00;1.45;0
361;naval_base;1612.00;9.57;1526.00;1.45;8492
361;rocket_site;1601.00;9.80;1527.00;3.61;0
362;air_base;1583.00;10.70;1520.00;5.45;0
362;anti_air_building;1535.00;14.00;1481.00;1.69;0
362;anti_air_building;1577.00;9.85;1481.00;5.31;0
362;anti_air_building;1606.00;9.70;1495.00;3.25;0
362;arms_factory;1550.00;11.75;1493.00;5.75;0
362;arms_factory;1565.00;10.57;1484.00;3.09;0
362;arms_factory;1576.00;9.82;1488.00;4.80;0
362;arms_factory;1581.00;10.38;1512.00;0.07;0
362;arms_factory;1591.00;9.90;1514.00;5.15;0
362;arms_factory;1605.00;9.70;1498.00;2.13;0
362;bunker;1514.00;10.55;1482.00;4.06;0
362;bunker;1529.00;11.85;1486.00;6.11;0
362;bunker;1543.00;12.95;1484.00;0.00;0
362;bunker;1555.00;11.55;1496.00;0.35;0
362;bunker;1558.00;11.60;1503.00;1.39;0
362;bunker;1565.00;10.63;1480.00;2.00;0
362;bunker;1566.00;9.85;1494.00;2.07;0
362;bunker;1570.00;12.78;1518.00;1.38;0
362;bunker;1571.00;12.30;1528.00;5.00;0
362;bunker;1579.00;10.88;1512.00;3.54;0
362;bunker;1583.00;10.50;1525.00;0.95;0
362;bunker;1584.00;9.85;1491.00;5.17;0
362;bunker;1590.00;9.88;1480.00;4.40;0
362;bunker;1591.00;10.25;1504.00;5.61;0
362;bunker;1597.00;9.70;1484.00;6.12;0
362;bunker;1597.00;9.80;1521.00;2.06;0
362;bunker;1599.00;9.68;1510.00;3.02;0
362;bunker;1601.00;9.70;1497.00;2.50;0
362;bunker;1608.00;9.70;1484.00;1.90;0
362;coastal_bunker;1599.00;9.55;1515.00;1.57;0
362;coastal_bunker;1605.00;9.68;1490.00;-4.31;0
362;coastal_bunker;1610.00;9.57;1506.00;1.57;0
362;coastal_bunker;1615.00;9.53;1495.00;1.19;0
362;coastal_bunker;1620.00;9.53;1481.00;-4.25;0
362;dockyard;1612.00;9.50;1494.00;1.19;0
362;fuel_silo;1591.00;10.38;1510.00;0.33;0
362;industrial_complex;1532.00;13.30;1483.00;4.70;0
362;industrial_complex;1548.00;12.28;1489.00;2.74;0
362;industrial_complex;1577.00;10.93;1508.00;2.65;0
362;industrial_complex;1582.00;10.40;1507.00;4.81;0
362;industrial_complex;1587.00;9.90;1480.00;1.53;0
362;industrial_complex;1595.00;9.70;1484.00;0.58;0
362;naval_base;1599.00;9.55;1515.00;1.57;8492
362;naval_base;1605.00;9.68;1502.00;1.57;8492
362;naval_base;1607.00;9.60;1489.00;-4.31;8492
362;naval_base;1609.00;9.57;1500.00;1.19;8492
362;naval_base;1619.00;9.55;1485.00;-4.25;8492
362;nuclear_reactor;1608.00;9.70;1486.00;4.80;0
362;radar_station;1591.00;9.78;1482.00;5.75;0
362;rocket_site;1569.00;11.00;1509.00;1.09;0
362;synthetic_refinery;1584.00;10.43;1509.00;3.09;0
363;air_base;1589.00;10.30;1469.00;4.49;0
363;anti_air_building;1533.00;10.93;1462.00;0.51;0
363;anti_air_building;1574.00;9.70;1438.00;4.64;0
363;anti_air_building;1587.00;9.73;1464.00;5.84;0
363;arms_factory;1546.00;10.00;1458.00;4.94;0
363;arms_factory;1549.00;10.00;1459.00;5.44;0
363;arms_factory;1559.00;9.93;1457.00;1.32;0
363;arms_factory;1583.00;9.70;1447.00;0.71;0
363;arms_factory;1601.00;9.70;1462.00;0.82;0
363;arms_factory;1602.00;9.65;1461.00;2.87;0
363;bunker;1496.00;11.60;1452.00;1.90;0
363;bunker;1519.00;12.70;1462.00;1.39;0
363;bunker;1527.00;11.18;1464.00;2.00;0
363;bunker;1540.00;11.05;1476.00;3.02;0
363;bunker;1542.00;10.00;1464.00;6.12;0
363;bunker;1550.00;9.90;1449.00;4.40;0
363;bunker;1554.00;10.50;1475.00;5.61;0
363;bunker;1555.00;10.25;1466.00;4.06;0
363;bunker;1564.00;10.43;1460.00;3.45;0
363;bunker;1575.00;9.70;1448.00;5.17;0
363;bunker;1582.00;9.70;1442.00;3.61;0
363;bunker;1582.00;10.40;1473.00;0.35;0
363;bunker;1588.00;9.70;1444.00;2.50;0
363;bunker;1589.00;9.70;1460.00;6.11;0
363;bunker;1589.00;10.30;1470.00;2.06;0
363;bunker;1600.00;9.70;1456.00;0.95;0
363;bunker;1602.00;9.65;1454.00;5.68;0
363;bunker;1606.00;9.68;1475.00;1.39;0
363;bunker;1613.00;9.70;1464.00;4.57;0
363;bunker;1618.00;9.70;1477.00;1.90;0
363;coastal_bunker;1589.00;9.57;1433.00;0.54;0
363;coastal_bunker;1598.00;9.50;1446.00;0.93;0
363;coastal_bunker;1604.00;9.57;1451.00;-4.47;0
363;coastal_bunker;1604.00;9.60;1459.00;1.45;0
363;coastal_bunker;1608.00;9.60;1468.00;0.98;0
363;coastal_bunker;1623.00;9.60;1466.00;-1.57;0
363;coastal_bunker;1627.00;9.50;1468.00;1.37;0
363;dockyard;1609.00;9.57;1456.00;-4.47;0
363;fuel_silo;1571.00;10.50;1470.00;1.53;0
363;industrial_complex;1550.00;10.10;1463.00;6.05;0
363;industrial_complex;1571.00;9.70;1449.00;1.83;0
363;industrial_complex;1573.00;9.70;1446.00;3.38;0
363;industrial_complex;1576.00;9.70;1447.00;2.43;0
363;industrial_complex;1577.00;9.70;1457.00;5.54;0
363;industrial_complex;1586.00;10.18;1468.00;5.45;0
363;naval_base;1588.00;9.50;1432.00;0.54;8389
363;naval_base;1592.00;9.57;1439.00;0.93;8389
363;naval_base;1604.00;9.50;1445.00;0.38;8389
363;naval_base;1605.00;9.50;1460.00;1.45;8465
363;naval_base;1608.00;9.60;1468.00;0.98;8465
363;naval_base;1612.00;9.55;1467.00;-1.57;8465
363;naval_base;1622.00;9.50;1479.00;1.37;8465
363;nuclear_reactor;1580.00;10.38;1468.00;5.74;0
363;radar_station;1576.00;10.40;1467.00;5.24;0
363;rocket_site;1594.00;9.70;1462.00;1.62;0
363;synthetic_refinery;1576.00;9.70;1439.00;2.58;0
364;air_base;1560.00;9.70;1422.00;3.90;0
364;anti_air_building;1522.00;10.15;1442.00;0.35;0
364;anti_air_building;1525.00;9.80;1430.00;5.68;0
364;anti_air_building;1545.00;9.70;1412.00;3.02;0
364;arms_factory;1529.00;10.00;1445.00;0.82;0
364;arms_factory;1532.00;9.90;1432.00;5.44;0
364;arms_factory;1547.00;9.75;1429.00;4.94;0
364;arms_factory;1548.00;9.70;1420.00;5.54;0
364;arms_factory;1549.00;9.80;1443.00;1.32;0
364;arms_factory;1564.00;9.70;1423.00;3.38;0
364;bunker;1512.00;10.53;1450.00;6.12;0
364;bunker;1532.00;10.30;1452.00;3.45;0
364;bunker;1533.00;9.70;1418.00;3.54;0
364;bunker;1538.00;9.80;1437.00;1.39;0
364;bunker;1540.00;9.80;1432.00;5.61;0
364;bunker;1541.00;9.80;1441.00;6.11;0
364;bunker;1543.00;9.70;1403.00;1.39;0
364;bunker;1547.00;9.80;1438.00;2.00;0
364;bunker;1558.00;9.70;1422.00;2.50;0
364;bunker;1563.00;9.70;1437.00;4.40;0
364;bunker;1565.00;9.70;1422.00;4.06;0
364;bunker;1565.00;9.70;1440.00;1.90;0
364;coastal_bunker;1544.00;9.65;1401.00;0.52;0
364;coastal_bunker;1549.00;9.50;1404.00;-0.28;0
364;coastal_bunker;1570.00;9.50;1421.00;0.72;0
364;coastal_bunker;1573.00;9.50;1425.00;0.56;0
364;dockyard;1562.00;9.53;1413.00;-4.60;0
364;fuel_silo;1512.00;10.48;1447.00;5.65;0
364;industrial_complex;1531.00;9.73;1421.00;5.45;0
364;industrial_complex;1542.00;9.70;1406.00;2.43;0
364;industrial_complex;1542.00;9.90;1451.00;1.83;0
364;industrial_complex;1557.00;9.70;1426.00;4.49;0
364;industrial_complex;1559.00;9.70;1441.00;6.05;0
364;industrial_complex;1564.00;9.70;1441.00;6.05;0
364;naval_base;1544.00;9.50;1399.00;0.52;8363
364;naval_base;1548.00;9.50;1402.00;-0.28;8363
364;naval_base;1569.00;9.53;1419.00;0.72;8389
364;naval_base;1573.00;9.53;1426.00;0.56;8389
364;nuclear_reactor;1528.00;9.90;1436.00;4.12;0
364;radar_station;1547.00;9.70;1433.00;5.08;0
364;rocket_site;1552.00;9.82;1446.00;0.00;0
364;synthetic_refinery;1535.00;9.85;1448.00;2.06;0
365;air_base;1488.00;10.98;1449.00;2.94;0
365;anti_air_building;1475.00;10.70;1441.00;4.12;0
365;anti_air_building;1490.00;10.00;1421.00;0.00;0
365;anti_air_building;1501.00;10.40;1408.00;0.86;0
365;arms_factory;1476.00;10.90;1434.00;6.05;0
365;arms_factory;1477.00;10.10;1416.00;5.54;0
365;arms_factory;1489.00;10.35;1429.00;5.44;0
365;arms_factory;1512.00;9.70;1383.00;2.43;0
365;arms_factory;1512.00;10.35;1420.00;3.38;0
365;arms_factory;1527.00;9.70;1407.00;1.32;0
365;bunker;1478.00;10.55;1442.00;1.90;0
365;bunker;1480.00;11.00;1434.00;4.57;0
365;bunker;1485.00;10.10;1415.00;1.90;0
365;bunker;1485.00;10.30;1383.00;3.61;0
365;bunker;1486.00;11.32;1445.00;0.95;0
365;bunker;1488.00;10.73;1431.00;5.17;0
365;bunker;1494.00;10.30;1387.00;2.50;0
365;bunker;1495.00;10.40;1399.00;6.11;0
365;bunker;1500.00;9.85;1413.00;3.45;0
365;bunker;1500.00;10.55;1437.00;5.61;0
365;bunker;1502.00;10.55;1435.00;6.12;0
365;bunker;1511.00;10.60;1436.00;3.02;0
365;bunker;1512.00;9.70;1383.00;1.39;0
365;bunker;1512.00;10.38;1424.00;0.35;0
365;bunker;1515.00;9.73;1395.00;4.06;0
365;bunker;1515.00;10.18;1408.00;4.40;0
365;bunker;1516.00;9.70;1385.00;2.00;0
365;bunker;1526.00;9.80;1410.00;1.39;0
365;bunker;1536.00;9.70;1398.00;3.54;0
365;coastal_bunker;1533.00;9.60;1379.00;1.11;0
365;coastal_bunker;1541.00;9.57;1395.00;0.98;0
365;dockyard;1540.00;9.60;1394.00;0.98;0
365;fuel_silo;1504.00;9.82;1416.00;2.04;0
365;industrial_complex;1483.00;10.30;1385.00;5.45;0
365;industrial_complex;1485.00;10.30;1381.00;4.49;0
365;industrial_complex;1485.00;10.40;1398.00;1.83;0
365;industrial_complex;1501.00;10.40;1399.00;3.90;0
365;industrial_complex;1507.00;10.23;1411.00;6.05;0
365;industrial_complex;1508.00;10.60;1441.00;5.10;0
365;naval_base;1533.00;9.55;1375.00;1.11;8363
365;naval_base;1538.00;9.50;1390.00;0.98;8363
365;nuclear_reactor;1528.00;9.70;1381.00;4.13;0
365;radar_station;1507.00;10.65;1433.00;6.19;0
365;rocket_site;1482.00;10.03;1412.00;2.57;0
365;synthetic_refinery;1480.00;10.20;1426.00;2.07;0
366;air_base;1544.00;9.70;1295.00;0.88;0
366;anti_air_building;1471.00;10.30;1375.00;2.65;0
366;anti_air_building;1480.00;10.30;1364.00;5.31;0
366;anti_air_building;1545.00;9.68;1298.00;4.81;0
366;arms_factory;1447.00;10.30;1376.00;3.38;0
366;arms_factory;1475.00;10.18;1364.00;5.45;0
366;arms_factory;1521.00;9.70;1347.00;1.83;0
366;arms_factory;1531.00;9.70;1322.00;2.43;0
366;arms_factory;1540.00;9.70;1301.00;6.05;0
366;arms_factory;1542.00;9.70;1298.00;5.54;0
366;bunker;1442.00;10.30;1377.00;0.95;0
366;bunker;1472.00;10.30;1377.00;0.35;0
366;bunker;1495.00;10.30;1371.00;3.02;0
366;bunker;1518.00;10.10;1354.00;2.06;0
366;bunker;1519.00;9.78;1369.00;4.13;0
366;bunker;1526.00;9.70;1341.00;5.08;0
366;bunker;1527.00;9.70;1330.00;3.61;0
366;bunker;1527.00;9.70;1362.00;4.12;0
366;bunker;1531.00;9.70;1300.00;5.68;0
366;bunker;1533.00;9.70;1320.00;2.07;0
366;bunker;1533.00;9.70;1330.00;6.19;0
366;bunker;1537.00;9.70;1352.00;0.86;0
366;bunker;1539.00;9.70;1339.00;0.00;0
366;bunker;1544.00;9.68;1283.00;2.57;0
366;bunker;1544.00;9.70;1322.00;0.51;0
366;bunker;1551.00;9.70;1304.00;4.64;0
366;coastal_bunker;1444.00;9.50;1370.00;-0.46;0
366;coastal_bunker;1474.00;9.50;1361.00;-0.22;0
366;coastal_bunker;1495.00;9.50;1364.00;0.00;0
366;coastal_bunker;1499.00;9.50;1362.00;-1.11;0
366;coastal_bunker;1514.00;9.50;1323.00;-1.79;0
366;coastal_bunker;1516.00;9.50;1340.00;-1.43;0
366;coastal_bunker;1520.00;9.50;1311.00;-1.05;0
366;coastal_bunker;1533.00;9.60;1374.00;-4.39;0
366;coastal_bunker;1537.00;9.50;1290.00;-1.19;0
366;coastal_bunker;1537.00;9.70;1356.00;-4.47;0
366;coastal_bunker;1542.00;9.50;1282.00;-0.51;0
366;coastal_bunker;1544.00;9.60;1337.00;1.57;0
366;coastal_bunker;1546.00;9.68;1330.00;-4.35;0
366;coastal_bunker;1548.00;9.60;1326.00;-4.55;0
366;coastal_bunker;1556.00;9.55;1303.00;1.28;0
366;dockyard;1510.00;9.50;1348.00;-1.11;0
366;fuel_silo;1552.00;9.70;1312.00;5.06;0
366;industrial_complex;1496.00;10.20;1367.00;4.50;0
366;industrial_complex;1517.00;9.70;1331.00;4.49;0
366;industrial_complex;1541.00;9.60;1308.00;2.94;0
366;industrial_complex;1543.00;9.70;1301.00;6.05;0
366;industrial_complex;1545.00;9.70;1289.00;3.90;0
366;industrial_complex;1552.00;9.70;1303.00;5.10;0
366;naval_base;1451.00;9.50;1369.00;-0.46;6223
366;naval_base;1467.00;9.50;1365.00;-0.22;6612
366;naval_base;1496.00;9.50;1363.00;0.00;6612
366;naval_base;1507.00;9.50;1353.00;-1.11;6612
366;naval_base;1513.00;9.50;1326.00;-1.79;6612
366;naval_base;1514.00;9.50;1347.00;-1.43;6612
366;naval_base;1526.00;9.50;1303.00;-1.05;6422
366;naval_base;1533.00;9.60;1374.00;-4.39;8363
366;naval_base;1539.00;9.50;1284.00;0.20;6805
366;naval_base;1539.00;9.60;1353.00;-4.47;8135
366;naval_base;1540.00;9.70;1348.00;1.57;8135
366;naval_base;1545.00;9.70;1335.00;-4.35;8135
366;naval_base;1551.00;9.53;1282.00;1.57;7910
366;naval_base;1553.00;9.50;1316.00;-4.55;8135
366;naval_base;1556.00;9.55;1305.00;-4.39;8135
366;nuclear_reactor;1530.00;9.55;1299.00;3.76;0
366;radar_station;1451.00;9.78;1371.00;3.25;0
366;rocket_site;1488.00;10.30;1370.00;1.09;0
366;synthetic_refinery;1550.00;9.70;1306.00;1.69;0
367;air_base;1434.00;10.50;1437.00;1.39;0
367;anti_air_building;1429.00;9.70;1374.00;4.12;0
367;anti_air_building;1457.00;9.90;1414.00;2.07;0
367;anti_air_building;1474.00;10.23;1409.00;0.86;0
367;arms_factory;1450.00;10.57;1442.00;6.05;0
367;arms_factory;1452.00;10.48;1444.00;1.83;0
367;arms_factory;1452.00;10.82;1448.00;4.49;0
367;arms_factory;1459.00;10.63;1437.00;2.43;0
367;arms_factory;1463.00;9.88;1412.00;6.05;0
367;arms_factory;1469.00;10.85;1441.00;5.45;0
367;bunker;1429.00;10.38;1408.00;3.45;0
367;bunker;1431.00;10.20;1386.00;0.95;0
367;bunker;1435.00;10.40;1430.00;3.61;0
367;bunker;1442.00;10.15;1399.00;2.00;0
367;bunker;1445.00;10.30;1384.00;4.57;0
367;bunker;1445.00;10.40;1420.00;6.11;0
367;bunker;1449.00;10.15;1395.00;4.06;0
367;bunker;1452.00;10.60;1439.00;5.17;0
367;bunker;1456.00;10.65;1444.00;0.35;0
367;bunker;1457.00;10.50;1423.00;3.02;0
367;bunker;1460.00;10.57;1430.00;1.39;0
367;bunker;1462.00;10.40;1387.00;2.50;0
367;bunker;1465.00;10.40;1386.00;5.68;0
367;bunker;1470.00;10.30;1402.00;6.12;0
367;bunker;1470.00;10.68;1435.00;1.90;0
367;bunker;1472.00;10.13;1420.00;1.90;0
367;coastal_bunker;1429.00;9.50;1369.00;0.09;0
367;coastal_bunker;1435.00;9.50;1370.00;-0.35;0
367;dockyard;1439.00;9.50;1367.00;-0.35;0
367;fuel_silo;1444.00;10.50;1433.00;6.26;0
367;industrial_complex;1448.00;10.40;1429.00;5.10;0
367;industrial_complex;1458.00;10.55;1424.00;3.90;0
367;industrial_complex;1461.00;10.40;1389.00;3.54;0
367;industrial_complex;1472.00;10.30;1383.00;0.88;0
367;industrial_complex;1474.00;10.40;1402.00;2.94;0
367;industrial_complex;1477.00;10.38;1406.00;4.50;0
367;naval_base;1431.00;9.53;1373.00;0.09;6223
367;naval_base;1441.00;9.60;1371.00;-0.35;6223
367;nuclear_reactor;1448.00;10.65;1442.00;0.51;0
367;radar_station;1432.00;10.40;1435.00;2.57;0
367;rocket_site;1464.00;10.28;1427.00;4.13;0
367;synthetic_refinery;1441.00;10.40;1427.00;6.19;0
368;air_base;1469.00;11.38;1452.00;5.61;0
368;anti_air_building;1441.00;11.07;1456.00;5.68;0
368;anti_air_building;1476.00;11.20;1473.00;2.06;0
368;anti_air_building;1480.00;12.88;1478.00;5.08;0
368;arms_factory;1412.00;10.07;1460.00;3.90;0
368;arms_factory;1414.00;10.00;1467.00;1.83;0
368;arms_factory;1415.00;10.00;1458.00;5.10;0
368;arms_factory;1423.00;10.00;1459.00;5.45;0
368;arms_factory;1463.00;12.80;1478.00;4.49;0
368;arms_factory;1480.00;11.20;1470.00;6.05;0
368;bunker;1411.00;10.43;1465.00;3.45;0
368;bunker;1413.00;10.10;1457.00;2.00;0
368;bunker;1417.00;10.00;1458.00;2.50;0
368;bunker;1434.00;11.50;1473.00;1.39;0
368;bunker;1438.00;12.25;1461.00;4.57;0
368;bunker;1442.00;10.60;1478.00;3.61;0
368;bunker;1450.00;11.07;1451.00;5.17;0
368;bunker;1458.00;13.05;1465.00;6.11;0
368;bunker;1466.00;11.18;1471.00;6.12;0
368;bunker;1472.00;12.38;1470.00;1.90;0
368;bunker;1486.00;10.98;1473.00;4.06;0
368;bunker;1488.00;11.05;1457.00;0.35;0
368;bunker;1500.00;13.10;1465.00;1.90;0
368;bunker;1501.00;9.90;1476.00;3.02;0
368;bunker;1512.00;10.55;1473.00;0.95;0
368;fuel_silo;1462.00;12.35;1473.00;4.10;0
368;industrial_complex;1432.00;10.60;1469.00;1.39;0
368;industrial_complex;1433.00;10.68;1460.00;2.94;0
368;industrial_complex;1441.00;11.85;1469.00;3.54;0
368;industrial_complex;1447.00;10.53;1458.00;4.40;0
368;industrial_complex;1471.00;11.60;1455.00;4.50;0
368;industrial_complex;1487.00;10.57;1468.00;0.88;0
368;nuclear_reactor;1496.00;10.32;1475.00;2.07;0
368;radar_station;1465.00;11.35;1466.00;4.12;0
368;rocket_site;1438.00;12.28;1455.00;0.86;0
368;synthetic_refinery;1443.00;13.03;1465.00;0.00;0
369;air_base;1492.00;11.57;1484.00;6.11;0
369;anti_air_building;1472.00;10.48;1482.00;5.08;0
369;anti_air_building;1475.00;11.88;1491.00;2.06;0
369;anti_air_building;1507.00;11.38;1489.00;0.00;0
369;arms_factory;1440.00;10.50;1484.00;3.90;0
369;arms_factory;1444.00;10.50;1486.00;4.50;0
369;arms_factory;1472.00;10.70;1508.00;4.49;0
369;arms_factory;1475.00;12.45;1498.00;6.05;0
369;arms_factory;1491.00;11.95;1483.00;2.94;0
369;arms_factory;1515.00;10.32;1501.00;5.10;0
369;bunker;1429.00;10.25;1481.00;5.17;0
369;bunker;1434.00;10.00;1494.00;2.00;0
369;bunker;1446.00;10.40;1497.00;3.61;0
369;bunker;1450.00;10.57;1487.00;1.39;0
369;bunker;1462.00;12.88;1483.00;0.35;0
369;bunker;1471.00;10.53;1511.00;1.90;0
369;bunker;1471.00;12.63;1492.00;4.06;0
369;bunker;1481.00;10.15;1514.00;1.90;0
369;bunker;1486.00;10.45;1492.00;6.12;0
369;bunker;1489.00;10.63;1503.00;2.50;0
369;bunker;1499.00;10.98;1488.00;5.68;0
369;bunker;1501.00;10.68;1509.00;4.57;0
369;bunker;1513.00;10.43;1499.00;0.95;0
369;bunker;1515.00;10.28;1506.00;3.02;0
369;fuel_silo;1468.00;10.95;1497.00;0.48;0
369;industrial_complex;1436.00;10.32;1494.00;3.54;0
369;industrial_complex;1471.00;11.05;1500.00;4.40;0
369;industrial_complex;1473.00;11.50;1488.00;5.61;0
369;industrial_complex;1512.00;10.80;1513.00;1.39;0
369;industrial_complex;1512.00;12.32;1489.00;0.88;0
369;industrial_complex;1521.00;10.53;1498.00;3.45;0
369;nuclear_reactor;1466.00;10.63;1506.00;6.19;0
369;radar_station;1501.00;10.53;1501.00;0.86;0
369;rocket_site;1479.00;11.73;1499.00;2.07;0
369;synthetic_refinery;1486.00;10.65;1514.00;4.12;0
370;air_base;1418.00;10.30;1433.00;4.06;0
370;anti_air_building;1393.00;10.30;1413.00;4.13;0
370;anti_air_building;1421.00;10.30;1436.00;0.51;0
370;anti_air_building;1426.00;10.30;1418.00;2.57;0
370;arms_factory;1396.00;10.30;1438.00;0.88;0
370;arms_factory;1401.00;10.30;1428.00;3.90;0
370;arms_factory;1408.00;10.40;1410.00;3.54;0
370;arms_factory;1414.00;10.38;1390.00;2.94;0
370;arms_factory;1415.00;9.70;1373.00;4.50;0
370;arms_factory;1415.00;10.40;1411.00;5.10;0
370;bunker;1387.00;10.32;1400.00;5.08;0
370;bunker;1388.00;10.40;1383.00;4.57;0
370;bunker;1394.00;10.18;1438.00;2.50;0
370;bunker;1397.00;10.30;1419.00;3.02;0
370;bunker;1399.00;10.40;1392.00;3.61;0
370;bunker;1403.00;11.32;1444.00;2.06;0
370;bunker;1404.00;10.40;1407.00;1.90;0
370;bunker;1411.00;10.40;1416.00;0.95;0
370;bunker;1415.00;9.70;1371.00;6.12;0
370;bunker;1415.00;10.30;1437.00;0.35;0
370;bunker;1416.00;10.30;1439.00;4.12;0
370;bunker;1418.00;10.18;1388.00;5.68;0
370;bunker;1422.00;10.40;1406.00;5.17;0
370;bunker;1423.00;9.70;1371.00;0.00;0
370;coastal_bunker;1414.00;9.50;1368.00;0.32;0
370;coastal_bunker;1424.00;9.50;1369.00;0.20;0
370;dockyard;1413.00;9.50;1368.00;0.32;0
370;fuel_silo;1407.00;10.75;1441.00;2.04;0
370;industrial_complex;1389.00;10.30;1407.00;3.45;0
370;industrial_complex;1404.00;10.40;1394.00;1.39;0
370;industrial_complex;1407.00;10.40;1421.00;5.61;0
370;industrial_complex;1421.00;9.70;1381.00;4.40;0
370;industrial_complex;1424.00;10.30;1428.00;1.39;0
370;industrial_complex;1427.00;10.40;1439.00;6.11;0
370;naval_base;1411.00;9.50;1367.00;0.32;6223
370;naval_base;1419.00;9.50;1370.00;0.20;6223
370;nuclear_reactor;1409.00;10.40;1394.00;5.24;0
370;radar_station;1417.00;10.30;1431.00;5.84;0
370;rocket_site;1423.00;10.40;1406.00;2.58;0
370;synthetic_refinery;1415.00;10.30;1426.00;4.64;0
371;air_base;1388.00;10.30;1372.00;3.25;0
371;anti_air_building;1382.00;10.30;1375.00;1.09;0
371;anti_air_building;1391.00;10.30;1377.00;0.14;0
371;anti_air_building;1398.00;9.70;1374.00;3.76;0
371;arms_factory;1380.00;10.30;1378.00;5.75;0
371;arms_factory;1386.00;10.30;1375.00;3.09;0
371;arms_factory;1388.00;10.30;1378.00;2.74;0
371;arms_factory;1394.00;10.18;1360.00;1.53;0
371;arms_factory;1396.00;10.20;1377.00;2.13;0
371;arms_factory;1400.00;9.70;1357.00;4.80;0
371;bunker;1379.00;10.30;1369.00;3.02;0
371;bunker;1388.00;10.30;1366.00;6.19;0
371;bunker;1391.00;10.30;1372.00;2.07;0
371;bunker;1395.00;9.70;1354.00;0.51;0
371;bunker;1402.00;9.75;1375.00;2.57;0
371;coastal_bunker;1382.00;9.50;1349.00;0.00;0
371;coastal_bunker;1397.00;9.50;1350.00;0.79;0
371;coastal_bunker;1401.00;9.50;1368.00;0.28;0
371;coastal_bunker;1408.00;9.50;1358.00;-4.57;0
371;dockyard;1403.00;9.50;1366.00;0.28;0
371;fuel_silo;1390.00;10.30;1375.00;5.82;0
371;industrial_complex;1384.00;10.30;1369.00;4.70;0
371;industrial_complex;1389.00;9.95;1353.00;0.58;0
371;industrial_complex;1391.00;10.10;1358.00;1.69;0
371;industrial_complex;1392.00;10.25;1364.00;2.65;0
371;industrial_complex;1400.00;9.70;1373.00;5.31;0
371;industrial_complex;1402.00;9.70;1360.00;4.81;0
371;naval_base;1382.00;9.50;1353.00;0.00;5963
371;naval_base;1394.00;9.75;1366.00;0.28;6223
371;naval_base;1403.00;9.60;1361.00;-4.57;6223
371;naval_base;1406.00;9.50;1350.00;0.79;2722
371;nuclear_reactor;1395.00;9.75;1356.00;3.76;0
371;radar_station;1397.00;9.55;1362.00;1.19;0
371;rocket_site;1380.00;10.30;1366.00;4.80;0
371;synthetic_refinery;1401.00;9.70;1356.00;1.70;0
372;air_base;1353.00;11.85;1474.00;2.50;0
372;anti_air_building;1344.00;10.40;1425.00;4.13;0
372;anti_air_building;1368.00;10.50;1449.00;6.19;0
372;anti_air_building;1390.00;10.15;1448.00;2.57;0
372;arms_factory;1343.00;10.53;1437.00;3.45;0
372;arms_factory;1353.00;9.88;1439.00;1.39;0
372;arms_factory;1370.00;10.90;1467.00;5.61;0
372;arms_factory;1390.00;10.00;1446.00;0.88;0
372;arms_factory;1397.00;10.30;1460.00;4.40;0
372;arms_factory;1398.00;10.32;1475.00;3.54;0
372;bunker;1338.00;10.43;1432.00;4.12;0
372;bunker;1342.00;13.95;1458.00;0.86;0
372;bunker;1351.00;10.60;1451.00;1.90;0
372;bunker;1352.00;10.35;1429.00;2.07;0
372;bunker;1353.00;10.40;1416.00;5.08;0
372;bunker;1353.00;11.93;1472.00;3.61;0
372;bunker;1358.00;10.25;1445.00;5.68;0
372;bunker;1367.00;10.30;1426.00;0.35;0
372;bunker;1367.00;10.85;1463.00;3.02;0
372;bunker;1371.00;10.40;1445.00;4.57;0
372;bunker;1374.00;10.65;1469.00;0.95;0
372;bunker;1377.00;9.70;1420.00;2.06;0
372;bunker;1382.00;10.40;1460.00;0.00;0
372;bunker;1393.00;10.30;1453.00;5.17;0
372;fuel_silo;1359.00;12.28;1469.00;2.55;0
372;industrial_complex;1348.00;10.10;1441.00;4.06;0
372;industrial_complex;1358.00;10.23;1426.00;2.00;0
372;industrial_complex;1358.00;10.30;1423.00;1.90;0
372;industrial_complex;1375.00;10.30;1444.00;6.12;0
372;industrial_complex;1377.00;10.30;1453.00;6.11;0
372;industrial_complex;1395.00;10.30;1452.00;1.39;0
372;nuclear_reactor;1365.00;11.18;1469.00;2.58;0
372;radar_station;1391.00;10.40;1462.00;4.64;0
372;rocket_site;1374.00;10.30;1439.00;5.84;0
372;synthetic_refinery;1348.00;10.30;1420.00;0.51;0
373;air_base;1392.00;9.98;1489.00;1.90;0
373;anti_air_building;1357.00;11.15;1490.00;2.58;0
373;anti_air_building;1371.00;12.48;1537.00;1.62;0
373;anti_air_building;1383.00;10.45;1501.00;5.24;0
373;arms_factory;1333.00;10.85;1496.00;4.40;0
373;arms_factory;1336.00;10.18;1520.00;6.11;0
373;arms_factory;1342.00;10.75;1552.00;5.61;0
373;arms_factory;1342.00;10.80;1547.00;1.39;0
373;arms_factory;1362.00;10.63;1482.00;3.45;0
373;arms_factory;1388.00;10.30;1506.00;1.39;0
373;bunker;1333.00;10.28;1552.00;4.12;0
373;bunker;1333.00;10.73;1500.00;4.13;0
373;bunker;1337.00;10.10;1531.00;5.08;0
373;bunker;1337.00;11.23;1486.00;0.86;0
373;bunker;1338.00;10.10;1521.00;5.68;0
373;bunker;1338.00;10.20;1550.00;5.84;0
373;bunker;1348.00;11.00;1496.00;3.02;0
373;bunker;1351.00;10.20;1518.00;3.61;0
373;bunker;1352.00;10.82;1508.00;0.00;0
373;bunker;1354.00;11.10;1534.00;0.95;0
373;bunker;1361.00;11.05;1548.00;2.06;0
373;bunker;1374.00;10.80;1482.00;2.57;0
373;bunker;1381.00;10.30;1496.00;0.35;0
373;bunker;1381.00;10.30;1511.00;4.57;0
373;bunker;1383.00;10.73;1525.00;0.51;0
373;bunker;1387.00;10.38;1501.00;4.64;0
373;bunker;1396.00;10.20;1500.00;6.19;0
373;bunker;1405.00;10.40;1480.00;2.07;0
373;fuel_silo;1353.00;10.40;1485.00;2.65;0
373;industrial_complex;1331.00;10.30;1552.00;4.06;0
373;industrial_complex;1336.00;10.35;1510.00;6.12;0
373;industrial_complex;1347.00;10.63;1486.00;2.00;0
373;industrial_complex;1355.00;10.85;1508.00;2.50;0
373;industrial_complex;1366.00;11.05;1537.00;1.90;0
373;industrial_complex;1372.00;10.90;1505.00;5.17;0
373;nuclear_reactor;1348.00;10.45;1513.00;0.07;0
373;radar_station;1365.00;11.30;1543.00;1.02;0
373;rocket_site;1360.00;10.85;1508.00;5.15;0
373;synthetic_refinery;1379.00;10.35;1509.00;5.74;0
374;air_base;1290.00;10.25;1483.00;0.95;0
374;anti_air_building;1230.99;13.00;1479.74;1.62;0
374;anti_air_building;1295.31;11.30;1472.03;5.24;0
374;anti_air_building;1312.44;11.70;1462.03;2.58;0
374;arms_factory;1256.00;11.20;1474.00;1.90;0
374;arms_factory;1259.00;10.60;1447.00;5.61;0
374;arms_factory;1271.00;10.60;1451.00;3.45;0
374;arms_factory;1306.00;14.00;1479.00;6.11;0
374;arms_factory;1308.00;10.50;1434.00;1.39;0
374;arms_factory;1322.00;13.15;1458.00;4.06;0
374;bunker;1212.84;12.80;1482.25;3.61;0
374;bunker;1249.23;10.90;1456.71;4.64;0
374;bunker;1258.60;10.90;1470.44;0.00;0
374;bunker;1259.99;10.40;1440.48;0.86;0
374;bunker;1267.55;10.70;1466.76;0.51;0
374;bunker;1276.43;10.50;1479.52;5.84;0
374;bunker;1278.39;10.20;1435.56;4.12;0
374;bunker;1278.61;10.50;1451.22;2.57;0
374;bunker;1286.70;10.30;1469.50;2.07;0
374;bunker;1300.00;10.48;1460.00;0.35;0
374;bunker;1306.00;10.60;1442.00;5.68;0
374;bunker;1310.88;10.30;1455.80;4.13;0
374;bunker;1312.68;13.00;1473.26;6.19;0
374;bunker;1327.29;14.00;1477.36;2.06;0
374;bunker;1327.88;12.40;1452.63;5.08;0
374;bunker;1328.00;10.40;1430.00;3.02;0
374;fuel_silo;1294.00;10.32;1470.00;0.49;0
374;industrial_complex;1253.00;10.60;1443.00;5.17;0
374;industrial_complex;1256.00;11.00;1461.00;2.50;0
374;industrial_complex;1266.00;10.80;1476.00;2.00;0
374;industrial_complex;1275.00;10.40;1446.00;1.90;0
374;industrial_complex;1305.00;14.20;1475.00;4.57;0
374;industrial_complex;1307.00;10.60;1445.00;6.12;0
374;nuclear_reactor;1270.00;10.65;1450.00;0.07;0
374;radar_station;1273.00;10.55;1470.00;1.02;0
374;rocket_site;1293.00;10.90;1453.00;5.15;0
374;synthetic_refinery;1317.00;10.78;1448.00;5.74;0
375;air_base;1319.00;10.32;1380.00;0.35;0
375;anti_air_building;1226.00;11.50;1421.00;2.57;0
375;anti_air_building;1276.00;10.78;1381.00;2.07;0
375;anti_air_building;1310.00;10.40;1387.00;6.19;0
375;arms_factory;1200.00;13.00;1451.00;1.90;0
375;arms_factory;1237.00;11.05;1423.00;0.35;0
375;arms_factory;1267.00;10.63;1383.00;0.95;0
375;arms_factory;1288.00;10.07;1416.00;3.61;0
375;arms_factory;1291.00;9.98;1413.00;5.17;0
375;arms_factory;1318.00;10.20;1357.00;4.57;0
375;bunker;1205.00;12.60;1438.00;0.51;0
375;bunker;1215.00;14.10;1469.00;5.38;0
375;bunker;1216.00;12.35;1441.00;2.13;0
375;bunker;1224.00;12.65;1463.00;5.31;0
375;bunker;1225.00;12.00;1431.00;1.09;0
375;bunker;1233.00;11.30;1409.00;1.70;0
375;bunker;1237.00;11.35;1405.00;2.07;0
375;bunker;1239.00;11.00;1419.00;2.81;0
375;bunker;1241.00;12.05;1473.00;5.15;0
375;bunker;1251.00;10.85;1389.00;5.75;0
375;bunker;1257.00;10.73;1412.00;2.20;0
375;bunker;1259.00;10.40;1432.00;5.99;0
375;bunker;1269.00;10.55;1399.00;3.09;0
375;bunker;1275.00;10.28;1410.00;5.89;0
375;bunker;1282.00;10.75;1375.00;0.58;0
375;bunker;1284.00;10.63;1399.00;0.07;0
375;bunker;1287.00;10.10;1418.00;2.74;0
375;bunker;1297.00;10.40;1369.00;2.58;0
375;bunker;1300.00;9.90;1410.00;2.21;0
375;bunker;1300.00;10.10;1421.00;1.77;0
375;bunker;1301.00;10.35;1375.00;1.53;0
375;bunker;1309.00;9.88;1409.00;5.48;0
375;bunker;1312.00;10.40;1396.00;5.24;0
375;bunker;1314.00;10.30;1364.00;0.14;0
375;bunker;1315.00;9.70;1350.00;4.87;0
375;bunker;1328.00;10.40;1381.00;3.76;0
375;bunker;1330.00;9.98;1403.00;3.82;0
375;bunker;1330.00;10.18;1360.00;1.16;0
375;bunker;1331.00;9.80;1407.00;0.65;0
375;bunker;1333.00;10.40;1421.00;4.80;0
375;bunker;1338.00;10.40;1389.00;3.32;0
375;coastal_bunker;1309.00;9.50;1340.00;0.43;0
375;coastal_bunker;1317.00;9.57;1344.00;0.72;0
375;coastal_bunker;1337.00;9.60;1357.00;0.67;0
375;dockyard;1324.00;9.53;1351.00;0.72;0
375;fuel_silo;1205.00;12.75;1459.00;4.61;0
375;industrial_complex;1231.00;11.60;1428.00;5.68;0
375;industrial_complex;1233.00;11.38;1427.00;5.08;0
375;industrial_complex;1235.00;13.70;1469.00;2.06;0
375;industrial_complex;1241.00;12.30;1471.00;0.00;0
375;industrial_complex;1277.00;11.00;1378.00;4.12;0
375;industrial_complex;1320.00;10.30;1360.00;3.02;0
375;naval_base;1308.00;9.50;1339.00;0.43;2646
375;naval_base;1323.00;9.50;1349.00;0.72;2646
375;naval_base;1339.00;9.50;1357.00;0.67;5963
375;nuclear_reactor;1261.00;10.80;1403.00;3.39;0
375;radar_station;1240.00;11.18;1451.00;0.51;0
375;rocket_site;1323.00;10.40;1392.00;1.83;0
375;synthetic_refinery;1305.00;10.10;1420.00;4.13;0
376;air_base;1138.10;13.70;1456.21;5.68;0
376;anti_air_building;1125.46;13.90;1470.60;0.00;0
376;anti_air_building;1152.89;13.60;1462.22;4.12;0
376;anti_air_building;1175.06;12.30;1430.56;5.08;0
376;arms_factory;1107.15;13.90;1433.49;3.61;0
376;arms_factory;1130.16;13.90;1462.26;5.68;0
376;arms_factory;1137.70;14.20;1483.43;0.35;0
376;arms_factory;1172.95;12.20;1417.79;0.95;0
376;arms_factory;1183.25;13.10;1475.68;3.02;0
376;arms_factory;1191.92;12.40;1430.43;2.06;0
376;bunker;1109.00;12.48;1408.00;5.84;0
376;bunker;1113.44;13.30;1472.26;0.00;0
376;bunker;1131.33;12.80;1420.51;2.57;0
376;bunker;1135.08;13.40;1436.42;4.13;0
376;bunker;1142.88;12.60;1411.30;5.84;0
376;bunker;1149.03;13.90;1450.73;4.64;0
376;bunker;1149.07;12.70;1427.50;0.51;0
376;bunker;1149.93;14.00;1476.45;2.06;0
376;bunker;1162.22;12.60;1406.71;0.86;0
376;bunker;1166.91;14.30;1481.73;1.62;0
376;bunker;1170.79;12.50;1423.62;2.07;0
376;bunker;1178.22;13.50;1480.67;4.12;0
376;bunker;1179.74;12.40;1442.67;5.24;0
376;bunker;1184.97;11.70;1402.77;5.08;0
376;bunker;1192.27;12.50;1451.74;6.19;0
376;fuel_silo;1172.00;13.07;1451.00;5.82;0
376;industrial_complex;1110.27;13.20;1479.38;1.90;0
376;industrial_complex;1123.36;13.80;1475.44;4.57;0
376;industrial_complex;1129.23;12.70;1413.66;0.35;0
376;industrial_complex;1131.83;12.80;1424.73;3.61;0
376;industrial_complex;1142.16;13.10;1458.42;3.02;0
376;industrial_complex;1182.25;12.30;1434.46;0.95;0
376;nuclear_reactor;1115.00;15.57;1463.00;2.13;0
376;radar_station;1168.00;15.28;1469.00;3.09;0
376;rocket_site;1121.00;15.55;1470.00;5.75;0
376;synthetic_refinery;1153.00;15.98;1469.00;0.07;0
377;air_base;1067.98;14.00;1480.23;5.08;0
377;anti_air_building;1021.78;12.10;1462.33;2.07;0
377;anti_air_building;1055.50;14.10;1465.67;6.19;0
377;anti_air_building;1102.08;13.90;1437.51;2.57;0
377;arms_factory;1039.49;13.20;1451.31;1.90;0
377;arms_factory;1053.40;13.30;1441.71;4.57;0
377;arms_factory;1055.49;12.60;1439.19;2.50;0
377;arms_factory;1075.63;13.80;1481.48;2.00;0
377;arms_factory;1082.68;12.80;1422.51;6.12;0
377;arms_factory;1097.72;12.60;1418.54;5.17;0
377;bunker;1028.14;11.50;1447.39;5.84;0
377;bunker;1034.00;11.10;1409.00;5.74;0
377;bunker;1035.86;11.80;1430.67;0.00;0
377;bunker;1046.02;13.60;1477.43;4.13;0
377;bunker;1049.32;10.50;1425.30;0.86;0
377;bunker;1059.10;12.60;1445.79;1.62;0
377;bunker;1063.14;14.60;1459.45;0.51;0
377;bunker;1071.00;11.18;1407.00;1.62;0
377;bunker;1073.00;11.90;1416.00;2.07;0
377;bunker;1078.83;13.60;1462.21;5.24;0
377;bunker;1084.00;12.70;1387.00;5.24;0
377;bunker;1089.47;13.60;1460.77;2.58;0
377;bunker;1090.91;12.50;1421.29;4.12;0
377;bunker;1093.87;13.70;1469.52;6.19;0
377;fuel_silo;1089.00;13.10;1427.00;2.55;0
377;industrial_complex;1050.20;13.70;1482.39;0.00;0
377;industrial_complex;1052.16;13.60;1456.57;5.08;0
377;industrial_complex;1072.87;13.80;1440.60;0.86;0
377;industrial_complex;1080.11;13.60;1454.49;4.12;0
377;industrial_complex;1080.22;13.70;1468.71;2.06;0
377;industrial_complex;1102.68;13.70;1427.26;5.68;0
377;nuclear_reactor;1081.08;13.90;1447.64;4.80;0
377;radar_station;1065.00;15.23;1447.00;5.75;0
377;rocket_site;1078.17;12.90;1428.71;2.13;0
377;synthetic_refinery;1021.35;10.20;1421.60;4.13;0
378;air_base;871.00;9.73;1573.00;4.12;0
378;anti_air_building;881.00;10.95;1527.00;3.25;0
378;anti_air_building;901.00;10.25;1520.00;5.31;0
378;anti_air_building;904.00;10.98;1546.00;1.69;0
378;arms_factory;881.00;12.68;1542.00;2.13;0
378;arms_factory;888.00;13.48;1563.00;0.07;0
378;arms_factory;900.00;13.43;1559.00;5.15;0
378;arms_factory;905.00;11.90;1551.00;5.75;0
378;arms_factory;918.00;13.70;1536.00;3.09;0
378;arms_factory;919.00;12.80;1531.00;4.80;0
378;bunker;869.00;9.93;1556.00;2.34;0
378;bunker;875.81;11.80;1569.30;2.87;0
378;bunker;876.00;10.05;1534.00;2.95;0
378;bunker;884.74;11.70;1577.18;1.33;0
378;bunker;885.56;11.90;1529.60;0.21;0
378;bunker;887.00;11.18;1521.00;3.99;0
378;bunker;887.00;13.43;1539.00;1.32;0
378;bunker;891.00;10.23;1510.00;4.50;0
378;bunker;891.72;11.70;1550.44;0.14;0
378;bunker;892.13;12.30;1528.48;5.31;0
378;bunker;894.00;11.55;1535.00;1.99;0
378;bunker;905.00;9.60;1531.00;2.74;0
378;bunker;905.45;12.70;1576.67;4.81;0
378;bunker;908.00;9.70;1516.00;2.27;0
378;bunker;909.25;13.30;1563.70;2.65;0
378;bunker;912.30;13.10;1551.62;3.76;0
378;bunker;913.00;9.70;1510.00;4.94;0
378;bunker;918.00;10.10;1499.00;3.55;0
378;bunker;921.93;12.90;1539.46;1.60;0
378;bunker;922.00;14.98;1571.00;1.83;0
378;bunker;926.42;9.90;1498.41;3.82;0
378;bunker;929.44;13.80;1528.21;1.09;0
378;bunker;930.00;15.93;1560.00;5.55;0
378;bunker;934.00;10.73;1494.00;4.34;0
378;bunker;939.15;14.10;1513.87;5.38;0
378;bunker;944.35;13.70;1495.21;3.76;0
378;coastal_bunker;868.00;9.50;1576.00;-1.89;0
378;coastal_bunker;868.00;9.65;1556.00;-1.74;0
378;coastal_bunker;874.00;9.50;1533.00;-1.19;0
378;coastal_bunker;875.00;9.50;1527.00;-1.11;0
378;coastal_bunker;880.00;9.50;1518.00;-1.19;0
378;coastal_bunker;899.00;9.50;1510.00;-0.38;0
378;coastal_bunker;909.00;9.50;1510.00;-0.12;0
378;coastal_bunker;912.00;9.50;1508.00;-0.29;0
378;coastal_bunker;913.00;9.85;1504.00;-1.85;0
378;dockyard;870.00;9.50;1570.00;-1.89;0
378;fuel_silo;894.00;11.28;1522.00;5.22;0
378;industrial_complex;909.00;9.70;1517.00;4.81;0
378;industrial_complex;915.00;10.75;1525.00;2.74;0
378;industrial_complex;923.00;11.32;1515.00;2.65;0
378;industrial_complex;924.00;13.40;1524.00;0.58;0
378;industrial_complex;930.00;15.23;1539.00;4.70;0
378;industrial_complex;933.00;15.43;1515.00;1.53;0
378;naval_base;869.00;9.50;1562.00;-1.74;5381
378;naval_base;869.00;9.50;1566.00;-1.89;5381
378;naval_base;873.00;9.50;1541.00;-1.19;2898
378;naval_base;876.00;9.50;1525.00;-1.11;2898
378;naval_base;884.00;9.50;1515.00;-1.19;2898
378;naval_base;892.00;9.50;1504.00;-0.38;5430
378;naval_base;903.00;9.50;1511.00;-0.12;5430
378;naval_base;910.00;9.50;1509.00;-0.29;5430
378;naval_base;913.00;9.50;1505.00;-1.85;5430
378;nuclear_reactor;926.00;14.75;1566.00;1.09;0
378;radar_station;902.00;12.55;1557.00;6.20;0
378;rocket_site;902.00;14.57;1567.00;2.58;0
378;synthetic_refinery;884.00;12.75;1562.00;4.64;0
379;air_base;996.00;15.43;1549.00;2.07;0
379;anti_air_building;935.75;13.00;1542.57;5.75;0
379;anti_air_building;983.67;14.10;1510.74;2.13;0
379;anti_air_building;1006.38;13.50;1505.34;4.80;0
379;arms_factory;936.54;13.50;1557.28;1.90;0
379;arms_factory;954.38;14.00;1511.69;0.35;0
379;arms_factory;991.83;14.30;1523.35;4.57;0
379;arms_factory;992.36;13.90;1535.74;3.61;0
379;arms_factory;1006.27;13.70;1516.53;0.95;0
379;arms_factory;1013.97;13.20;1500.44;3.02;0
379;bunker;944.74;12.90;1552.33;1.62;0
379;bunker;953.39;12.70;1561.25;2.57;0
379;bunker;959.38;13.00;1522.46;4.64;0
379;bunker;963.92;13.40;1572.71;4.13;0
379;bunker;972.69;13.40;1507.71;2.58;0
379;bunker;979.17;14.10;1518.17;5.84;0
379;bunker;980.85;13.00;1553.60;0.51;0
379;bunker;986.86;12.90;1488.28;5.15;0
379;bunker;989.82;13.70;1561.51;5.74;0
379;bunker;999.15;13.90;1522.71;3.09;0
379;bunker;1003.81;14.10;1573.52;5.24;0
379;bunker;1004.78;13.90;1531.71;6.19;0
379;bunker;1007.38;13.00;1494.34;1.02;0
379;bunker;1013.46;12.10;1481.80;0.07;0
379;fuel_silo;1008.00;13.90;1546.00;1.60;0
379;industrial_complex;966.21;13.60;1511.71;5.68;0
379;industrial_complex;977.94;13.60;1572.38;0.86;0
379;industrial_complex;984.31;13.60;1544.54;4.12;0
379;industrial_complex;987.33;14.20;1515.38;5.08;0
379;industrial_complex;1007.89;13.30;1483.61;2.06;0
379;industrial_complex;1011.02;12.60;1490.45;0.00;0
379;nuclear_reactor;960.37;13.80;1505.34;4.70;0
379;radar_station;972.23;13.30;1501.21;2.74;0
379;rocket_site;1014.19;13.00;1492.14;0.58;0
379;synthetic_refinery;991.17;14.10;1528.60;1.53;0
380;air_base;1066.00;14.95;1491.00;2.57;0
380;anti_air_building;1057.10;14.30;1525.40;4.80;0
380;anti_air_building;1079.06;14.40;1558.59;1.53;0
380;anti_air_building;1085.76;14.20;1550.44;2.13;0
380;arms_factory;1033.04;12.20;1547.40;2.06;0
380;arms_factory;1034.50;13.70;1495.72;3.02;0
380;arms_factory;1035.60;12.60;1539.45;0.95;0
380;arms_factory;1052.64;14.80;1510.41;5.68;0
380;arms_factory;1056.84;11.80;1541.49;0.35;0
380;arms_factory;1094.13;14.30;1534.38;3.61;0
380;bunker;1037.91;13.40;1502.28;1.02;0
380;bunker;1039.21;11.30;1559.55;4.64;0
380;bunker;1043.68;13.30;1531.75;5.84;0
380;bunker;1046.91;13.60;1521.48;5.75;0
380;bunker;1054.50;11.30;1577.25;4.13;0
380;bunker;1058.09;14.10;1491.37;5.74;0
380;bunker;1058.37;10.70;1550.30;0.51;0
380;bunker;1064.91;14.90;1519.69;0.07;0
380;bunker;1078.44;14.10;1530.64;5.24;0
380;bunker;1078.70;13.50;1489.56;3.09;0
380;bunker;1090.22;14.30;1531.42;5.15;0
380;bunker;1098.39;14.10;1509.75;2.58;0
380;bunker;1100.44;14.00;1557.27;1.62;0
380;fuel_silo;1027.00;13.07;1547.00;4.27;0
380;industrial_complex;1038.59;11.30;1566.32;0.00;0
380;industrial_complex;1043.15;11.10;1553.40;4.12;0
380;industrial_complex;1053.16;13.70;1530.55;0.86;0
380;industrial_complex;1086.39;13.90;1542.47;5.08;0
380;industrial_complex;1093.83;14.30;1558.78;2.07;0
380;industrial_complex;1099.28;13.70;1496.21;6.19;0
380;nuclear_reactor;1037.00;15.05;1508.00;4.81;0
380;radar_station;1046.53;14.10;1492.75;0.58;0
380;rocket_site;1032.91;13.60;1518.55;4.70;0
380;synthetic_refinery;1085.01;13.60;1495.54;2.74;0
381;air_base;1113.00;14.95;1575.00;0.51;0
381;anti_air_building;1078.75;14.30;1606.81;1.53;0
381;anti_air_building;1086.94;13.80;1567.19;0.58;0
381;anti_air_building;1138.75;13.00;1597.53;2.74;0
381;arms_factory;1119.09;13.50;1581.39;0.00;0
381;arms_factory;1122.96;13.60;1584.31;5.68;0
381;arms_factory;1129.57;13.20;1607.43;0.35;0
381;arms_factory;1143.89;13.00;1599.17;5.08;0
381;arms_factory;1146.10;12.80;1607.52;2.06;0
381;arms_factory;1148.42;13.10;1600.37;3.02;0
381;bunker;1075.50;14.40;1620.50;5.15;0
381;bunker;1088.66;13.60;1571.69;2.58;0
381;bunker;1090.64;13.60;1584.25;1.62;0
381;bunker;1099.77;13.70;1565.40;4.64;0
381;bunker;1115.96;12.80;1599.43;2.13;0
381;bunker;1131.47;13.30;1601.51;3.09;0
381;bunker;1131.65;13.70;1575.14;5.75;0
381;bunker;1133.80;13.50;1614.43;5.74;0
381;bunker;1154.63;12.70;1629.43;4.80;0
381;bunker;1155.87;13.80;1584.58;0.07;0
381;bunker;1171.38;13.30;1566.31;5.84;0
381;bunker;1175.75;12.40;1633.52;1.02;0
381;bunker;1177.55;12.30;1599.31;5.24;0
381;fuel_silo;1169.00;13.30;1567.00;1.00;0
381;industrial_complex;1096.96;13.60;1575.70;6.19;0
381;industrial_complex;1103.41;13.90;1565.37;2.57;0
381;industrial_complex;1108.02;13.80;1564.64;0.86;0
381;industrial_complex;1131.55;13.50;1581.70;4.13;0
381;industrial_complex;1135.56;13.50;1580.69;2.07;0
381;industrial_complex;1141.77;12.80;1608.30;4.12;0
381;nuclear_reactor;1121.47;12.90;1597.70;5.31;0
381;radar_station;1092.40;14.30;1626.69;4.81;0
381;rocket_site;1076.40;14.10;1626.42;2.65;0
381;synthetic_refinery;1110.44;12.90;1599.37;4.70;0
382;air_base;1161.80;14.50;1498.18;5.84;0
382;anti_air_building;1118.00;15.20;1545.00;1.69;0
382;anti_air_building;1121.00;17.00;1524.00;5.31;0
382;anti_air_building;1207.00;13.30;1548.00;3.25;0
382;arms_factory;1145.21;14.70;1508.25;0.00;0
382;arms_factory;1155.59;14.80;1550.53;0.86;0
382;arms_factory;1167.83;14.20;1499.73;5.08;0
382;arms_factory;1178.94;13.30;1528.22;2.06;0
382;arms_factory;1203.84;12.50;1499.72;4.12;0
382;arms_factory;1207.40;13.00;1557.67;5.68;0
382;bunker;1108.26;13.50;1530.24;4.70;0
382;bunker;1112.00;13.70;1556.70;1.53;0
382;bunker;1119.93;14.10;1521.18;2.65;0
382;bunker;1124.19;14.50;1495.33;0.58;0
382;bunker;1126.49;14.60;1527.56;5.75;0
382;bunker;1135.68;14.50;1514.51;2.58;0
382;bunker;1136.55;14.00;1548.72;1.62;0
382;bunker;1142.09;14.50;1490.25;5.15;0
382;bunker;1154.50;14.70;1542.55;5.74;0
382;bunker;1154.77;14.20;1498.45;2.13;0
382;bunker;1165.00;14.30;1525.28;0.07;0
382;bunker;1178.08;12.70;1514.27;3.09;0
382;bunker;1178.88;12.90;1538.47;1.02;0
382;bunker;1185.24;12.60;1556.75;2.74;0
382;bunker;1185.59;13.20;1490.38;5.24;0
382;bunker;1198.91;12.40;1546.46;4.81;0
382;bunker;1205.75;12.80;1529.57;4.80;0
382;fuel_silo;1162.00;14.35;1534.00;3.66;0
382;industrial_complex;1114.56;14.70;1501.57;6.19;0
382;industrial_complex;1161.12;14.40;1533.41;2.07;0
382;industrial_complex;1175.61;12.60;1552.56;4.13;0
382;industrial_complex;1191.93;12.40;1558.19;2.57;0
382;industrial_complex;1197.78;12.50;1556.78;4.64;0
382;industrial_complex;1205.46;12.60;1518.31;0.51;0
382;nuclear_reactor;1184.05;13.10;1528.52;1.70;0
382;radar_station;1127.28;14.80;1509.74;3.76;0
382;rocket_site;1192.05;12.50;1544.67;0.14;0
382;synthetic_refinery;1173.00;13.30;1521.63;1.09;0
383;air_base;1250.00;11.40;1502.00;5.24;0
383;anti_air_building;1236.00;11.78;1491.00;1.69;0
383;anti_air_building;1308.00;11.70;1495.00;5.31;0
383;anti_air_building;1321.00;10.30;1511.00;3.25;0
383;arms_factory;1242.00;11.60;1518.00;0.00;0
383;arms_factory;1271.00;11.48;1513.00;6.19;0
383;arms_factory;1273.00;10.75;1524.00;5.08;0
383;arms_factory;1311.00;10.30;1528.00;4.12;0
383;arms_factory;1319.00;12.60;1499.00;0.86;0
383;arms_factory;1325.00;10.45;1504.00;2.07;0
383;bunker;1218.00;12.25;1499.00;4.70;0
383;bunker;1218.00;12.60;1514.00;5.75;0
383;bunker;1220.00;12.75;1534.00;0.58;0
383;bunker;1258.00;11.05;1494.00;4.80;0
383;bunker;1259.00;11.10;1541.00;2.74;0
383;bunker;1261.00;11.00;1522.00;1.62;0
383;bunker;1261.00;11.10;1514.00;1.02;0
383;bunker;1283.00;10.40;1489.00;2.65;0
383;bunker;1288.00;10.55;1537.00;4.81;0
383;bunker;1292.00;10.60;1520.00;0.07;0
383;bunker;1293.00;11.38;1498.00;3.09;0
383;bunker;1305.00;11.10;1510.00;2.13;0
383;bunker;1312.00;10.40;1535.00;5.74;0
383;bunker;1315.00;10.30;1521.00;5.15;0
383;bunker;1320.00;13.00;1489.00;1.53;0
383;fuel_silo;1301.00;10.57;1526.00;0.05;0
383;industrial_complex;1241.00;11.43;1489.00;4.64;0
383;industrial_complex;1260.00;11.13;1516.00;2.57;0
383;industrial_complex;1263.00;10.98;1541.00;0.51;0
383;industrial_complex;1267.00;11.07;1519.00;4.13;0
383;industrial_complex;1297.00;11.23;1502.00;2.58;0
383;industrial_complex;1312.00;10.35;1508.00;5.84;0
383;nuclear_reactor;1239.00;11.70;1528.00;1.70;0
383;radar_station;1249.00;11.32;1521.00;3.76;0
383;rocket_site;1258.00;11.10;1524.00;0.14;0
383;synthetic_refinery;1321.00;10.30;1517.00;1.09;0
384;air_base;1237.00;11.95;1581.00;5.74;0
384;anti_air_building;1223.00;12.93;1559.00;3.25;0
384;anti_air_building;1235.00;12.18;1560.00;1.69;0
384;anti_air_building;1303.00;10.40;1566.00;5.31;0
384;arms_factory;1189.00;12.57;1580.00;4.13;0
384;arms_factory;1243.00;11.78;1563.00;6.19;0
384;arms_factory;1249.00;11.48;1555.00;2.57;0
384;arms_factory;1262.00;11.25;1572.00;4.12;0
384;arms_factory;1275.00;10.90;1570.00;0.86;0
384;arms_factory;1284.00;10.80;1564.00;2.07;0
384;bunker;1208.00;12.48;1564.00;4.80;0
384;bunker;1210.00;11.80;1585.00;5.75;0
384;bunker;1211.00;11.80;1585.00;1.53;0
384;bunker;1233.00;12.05;1548.00;2.74;0
384;bunker;1235.00;12.00;1579.00;1.02;0
384;bunker;1251.00;11.55;1576.00;2.13;0
384;bunker;1255.00;11.30;1556.00;3.09;0
384;bunker;1267.00;11.10;1556.00;4.81;0
384;bunker;1273.00;11.00;1588.00;4.70;0
384;bunker;1279.00;10.88;1559.00;0.07;0
384;bunker;1286.00;10.80;1580.00;0.58;0
384;bunker;1297.00;10.60;1578.00;5.15;0
384;bunker;1311.00;10.35;1547.00;2.65;0
384;fuel_silo;1301.00;10.45;1572.00;2.71;0
384;industrial_complex;1186.00;12.85;1588.00;0.51;0
384;industrial_complex;1218.00;12.80;1544.00;2.58;0
384;industrial_complex;1253.00;11.45;1582.00;4.64;0
384;industrial_complex;1259.00;11.30;1580.00;5.84;0
384;industrial_complex;1290.00;10.70;1581.00;5.24;0
384;industrial_complex;1301.00;10.50;1578.00;1.62;0
384;nuclear_reactor;1271.00;10.90;1547.00;1.70;0
384;radar_station;1223.00;12.28;1569.00;3.76;0
384;rocket_site;1225.00;11.90;1594.00;0.14;0
384;synthetic_refinery;1294.00;10.65;1592.00;1.09;0
385;air_base;953.00;13.38;1599.00;5.15;0
385;anti_air_building;894.00;13.18;1592.00;3.83;0
385;anti_air_building;949.00;9.85;1648.00;0.21;0
385;anti_air_building;969.00;13.28;1650.00;2.87;0
385;arms_factory;877.00;10.70;1603.00;2.57;0
385;arms_factory;915.00;11.35;1626.00;4.13;0
385;arms_factory;935.00;14.60;1583.00;0.51;0
385;arms_factory;954.00;14.38;1609.00;6.19;0
385;arms_factory;958.00;13.20;1637.00;4.64;0
385;arms_factory;960.00;12.95;1641.00;2.07;0
385;bunker;866.00;9.85;1602.00;0.65;0
385;bunker;874.00;10.40;1614.00;1.70;0
385;bunker;876.00;10.48;1641.00;2.21;0
385;bunker;876.00;12.23;1584.00;1.09;0
385;bunker;879.00;10.43;1656.00;5.48;0
385;bunker;881.00;10.85;1635.00;3.76;0
385;bunker;882.00;10.70;1607.00;4.81;0
385;bunker;882.00;11.38;1590.00;1.25;0
385;bunker;885.00;10.88;1626.00;5.31;0
385;bunker;903.00;14.05;1583.00;5.38;0
385;bunker;904.00;11.80;1643.00;4.87;0
385;bunker;906.00;11.85;1644.00;5.82;0
385;bunker;908.00;14.13;1605.00;2.65;0
385;bunker;910.00;13.82;1604.00;0.14;0
385;bunker;913.00;12.05;1621.00;4.70;0
385;bunker;915.00;12.50;1613.00;1.60;0
385;bunker;916.00;10.18;1645.00;1.69;0
385;bunker;938.00;14.70;1582.00;0.58;0
385;bunker;946.00;14.28;1613.00;3.76;0
385;bunker;951.00;10.50;1644.00;3.25;0
385;bunker;961.00;14.13;1589.00;2.81;0
385;bunker;972.00;12.93;1614.00;2.74;0
385;bunker;978.00;12.38;1653.00;2.20;0
385;coastal_bunker;864.00;9.50;1601.00;-1.98;0
385;coastal_bunker;865.00;9.50;1594.00;-1.37;0
385;coastal_bunker;868.00;9.50;1608.00;-1.45;0
385;coastal_bunker;869.00;9.50;1627.00;-1.77;0
385;coastal_bunker;872.00;9.50;1646.00;-1.39;0
385;coastal_bunker;882.00;9.65;1661.00;-1.95;0
385;dockyard;872.00;9.50;1655.00;-1.95;0
385;fuel_silo;970.00;12.78;1599.00;5.73;0
385;industrial_complex;872.00;10.50;1595.00;2.58;0
385;industrial_complex;923.00;12.98;1621.00;5.24;0
385;industrial_complex;946.00;12.70;1626.00;5.84;0
385;industrial_complex;946.00;13.43;1621.00;1.02;0
385;industrial_complex;967.00;13.25;1626.00;1.62;0
385;industrial_complex;974.00;15.45;1631.00;5.74;0
385;naval_base;865.00;9.50;1593.00;-1.37;5381
385;naval_base;865.00;9.55;1602.00;-1.98;2921
385;naval_base;868.00;9.50;1612.00;-1.45;2921
385;naval_base;870.00;9.53;1627.00;-1.77;5335
385;naval_base;872.00;9.50;1644.00;-1.39;5335
385;naval_base;872.00;9.50;1649.00;-1.95;5335
385;nuclear_reactor;916.00;10.88;1636.00;1.32;0
385;radar_station;887.00;11.25;1597.00;2.27;0
385;rocket_site;903.00;14.07;1585.00;4.94;0
385;synthetic_refinery;915.00;14.32;1601.00;4.44;0
386;air_base;963.00;10.15;1665.00;3.09;0
386;anti_air_building;895.00;10.68;1651.00;2.27;0
386;anti_air_building;906.00;11.13;1707.00;4.44;0
386;anti_air_building;953.00;13.00;1709.00;4.94;0
386;arms_factory;876.00;10.05;1677.00;2.58;0
386;arms_factory;887.00;10.43;1674.00;5.84;0
386;arms_factory;921.00;13.98;1710.00;0.51;0
386;arms_factory;939.00;11.07;1660.00;4.13;0
386;arms_factory;969.00;10.85;1677.00;4.64;0
386;arms_factory;975.00;12.48;1712.00;2.57;0
386;bunker;864.71;10.20;1699.41;2.21;0
386;bunker;870.91;10.10;1680.59;3.25;0
386;bunker;880.40;12.60;1692.22;0.65;0
386;bunker;887.44;10.30;1666.29;2.20;0
386;bunker;898.25;10.40;1680.37;1.70;0
386;bunker;898.42;11.80;1672.49;1.25;0
386;bunker;899.54;9.80;1707.72;4.87;0
386;bunker;899.85;9.60;1696.38;3.32;0
386;bunker;911.44;12.00;1711.73;2.81;0
386;bunker;913.69;12.90;1659.37;1.60;0
386;bunker;917.48;12.70;1685.32;5.82;0
386;bunker;924.17;11.10;1656.66;1.16;0
386;bunker;929.41;11.90;1674.89;1.69;0
386;bunker;931.14;13.50;1713.73;2.65;0
386;bunker;935.01;10.40;1657.85;5.38;0
386;bunker;943.54;11.60;1702.58;3.76;0
386;bunker;945.82;10.90;1684.72;1.09;0
386;bunker;949.98;11.70;1671.16;4.81;0
386;bunker;959.87;11.10;1675.01;0.14;0
386;bunker;969.78;11.80;1709.74;5.48;0
386;bunker;969.84;11.10;1693.57;5.31;0
386;bunker;975.31;11.40;1660.43;3.76;0
386;coastal_bunker;861.00;9.50;1700.00;-2.45;0
386;coastal_bunker;870.00;9.50;1671.00;-0.79;0
386;coastal_bunker;883.00;9.50;1663.00;-1.68;0
386;coastal_bunker;887.00;9.50;1711.00;-1.37;0
386;coastal_bunker;888.00;9.95;1696.00;-4.07;0
386;coastal_bunker;894.00;9.68;1683.00;-3.14;0
386;coastal_bunker;895.00;9.50;1692.00;-1.77;0
386;dockyard;861.00;9.50;1706.00;-2.45;0
386;fuel_silo;934.00;11.38;1696.00;2.11;0
386;industrial_complex;892.00;10.73;1659.00;1.02;0
386;industrial_complex;902.00;9.68;1695.00;5.74;0
386;industrial_complex;908.00;12.23;1681.00;1.62;0
386;industrial_complex;915.00;13.10;1675.00;0.07;0
386;industrial_complex;963.00;11.75;1712.00;5.15;0
386;industrial_complex;975.00;11.28;1695.00;5.24;0
386;naval_base;864.00;9.60;1705.00;-2.45;5282
386;naval_base;873.00;9.63;1677.00;-0.79;5335
386;naval_base;884.00;9.50;1663.00;-1.68;5335
386;naval_base;884.00;9.70;1701.00;-4.07;5257
386;naval_base;888.00;9.50;1690.00;-3.14;5257
386;naval_base;892.00;9.50;1714.00;-1.37;5257
386;naval_base;896.00;9.50;1698.00;-1.77;5257
386;nuclear_reactor;930.00;13.15;1702.00;3.39;0
386;radar_station;965.00;10.50;1662.00;4.34;0
386;rocket_site;933.00;11.57;1688.00;5.55;0
386;synthetic_refinery;900.00;9.63;1702.00;1.32;0
387;air_base;992.00;12.03;1661.00;2.13;0
387;anti_air_building;1051.23;13.20;1612.58;2.20;0
387;anti_air_building;1057.04;12.40;1585.06;5.82;0
387;anti_air_building;1068.20;13.90;1616.35;1.70;0
387;arms_factory;990.08;12.50;1609.82;5.84;0
387;arms_factory;993.23;11.80;1653.45;0.51;0
387;arms_factory;995.38;12.90;1683.18;2.58;0
387;arms_factory;999.66;13.00;1595.54;1.62;0
387;arms_factory;1009.13;12.90;1583.45;4.64;0
387;arms_factory;1033.09;13.70;1602.21;5.24;0
387;bunker;985.83;12.30;1699.24;5.31;0
387;bunker;986.03;13.30;1631.52;1.53;0
387;bunker;994.17;12.50;1668.69;4.81;0
387;bunker;996.51;12.40;1592.72;3.76;0
387;bunker;997.55;13.90;1622.81;2.74;0
387;bunker;1003.22;12.90;1681.46;2.65;0
387;bunker;1004.45;12.80;1668.77;4.70;0
387;bunker;1017.06;13.50;1594.64;1.69;0
387;bunker;1019.40;14.60;1625.28;1.09;0
387;bunker;1023.59;12.70;1584.54;4.80;0
387;bunker;1025.09;14.80;1609.39;0.58;0
387;bunker;1056.55;13.00;1601.71;0.14;0
387;bunker;1066.86;14.30;1626.27;3.25;0
387;fuel_silo;992.00;12.07;1596.00;4.78;0
387;industrial_complex;986.06;12.40;1612.13;5.74;0
387;industrial_complex;986.12;12.50;1709.53;5.75;0
387;industrial_complex;997.30;14.30;1631.47;1.02;0
387;industrial_complex;1005.96;13.90;1606.64;5.15;0
387;industrial_complex;1007.83;13.30;1594.44;0.07;0
387;industrial_complex;1069.25;13.90;1601.66;3.09;0
387;nuclear_reactor;1007.80;14.50;1615.23;0.65;0
387;radar_station;981.00;13.93;1629.00;1.60;0
387;rocket_site;1031.59;14.50;1625.78;2.81;0
387;synthetic_refinery;1029.11;12.90;1592.91;3.76;0
388;air_base;1088.00;13.00;1718.00;1.53;0
388;anti_air_building;1065.00;12.78;1704.00;1.16;0
388;anti_air_building;1117.00;11.90;1671.00;3.82;0
388;anti_air_building;1179.00;11.15;1693.00;3.32;0
388;arms_factory;1000.00;12.75;1707.00;1.62;0
388;arms_factory;1042.00;15.75;1678.00;2.58;0
388;arms_factory;1068.00;13.28;1717.00;5.24;0
388;arms_factory;1091.00;12.98;1711.00;5.74;0
388;arms_factory;1091.00;13.60;1649.00;5.84;0
388;arms_factory;1115.00;12.50;1715.00;1.02;0
388;bunker;1009.00;13.50;1683.00;1.25;0
388;bunker;1017.00;13.90;1710.00;2.65;0
388;bunker;1029.00;15.63;1717.00;0.58;0
388;bunker;1030.00;14.45;1672.00;5.31;0
388;bunker;1048.00;13.30;1708.00;5.48;0
388;bunker;1050.00;15.78;1679.00;0.14;0
388;bunker;1057.00;13.30;1686.00;3.76;0
388;bunker;1061.00;14.48;1646.00;3.76;0
388;bunker;1071.00;13.80;1676.00;3.25;0
388;bunker;1076.00;15.07;1649.00;0.65;0
388;bunker;1088.00;12.73;1706.00;1.09;0
388;bunker;1091.00;13.48;1665.00;4.87;0
388;bunker;1104.00;13.60;1705.00;4.81;0
388;bunker;1107.00;12.18;1676.00;5.82;0
388;bunker;1108.00;12.65;1649.00;2.21;0
388;bunker;1112.00;12.23;1669.00;1.70;0
388;bunker;1132.00;12.13;1652.00;2.81;0
388;bunker;1137.00;12.00;1682.00;2.74;0
388;bunker;1144.00;12.43;1710.00;1.69;0
388;bunker;1156.00;12.32;1646.00;5.38;0
388;bunker;1158.00;12.00;1681.00;2.20;0
388;bunker;1175.00;11.88;1665.00;1.60;0
388;bunker;1180.00;12.93;1701.00;4.70;0
388;fuel_silo;1062.00;13.25;1672.00;2.61;0
388;industrial_complex;1045.00;16.50;1653.00;2.13;0
388;industrial_complex;1093.00;12.18;1678.00;0.07;0
388;industrial_complex;1098.00;13.15;1642.00;4.80;0
388;industrial_complex;1109.00;12.75;1666.00;3.09;0
388;industrial_complex;1138.00;12.35;1712.00;5.15;0
388;industrial_complex;1142.00;11.85;1671.00;5.75;0
388;nuclear_reactor;1134.00;11.80;1658.00;5.99;0
388;radar_station;1041.00;17.05;1650.00;1.77;0
388;rocket_site;1031.00;14.85;1669.00;5.89;0
388;synthetic_refinery;1012.00;13.75;1693.00;5.38;0
389;air_base;1220.00;11.20;1675.00;0.58;0
389;anti_air_building;1235.00;10.90;1671.00;3.76;0
389;anti_air_building;1245.00;11.75;1688.00;1.60;0
389;anti_air_building;1291.00;10.30;1662.00;2.81;0
389;arms_factory;1206.00;11.10;1689.00;5.24;0
389;arms_factory;1207.00;11.18;1683.00;1.62;0
389;arms_factory;1224.00;11.82;1701.00;0.07;0
389;arms_factory;1269.00;10.70;1717.00;5.74;0
389;arms_factory;1273.00;10.70;1710.00;1.02;0
389;arms_factory;1275.00;10.70;1699.00;5.15;0
389;bunker;1188.00;12.73;1659.00;4.81;0
389;bunker;1190.00;11.25;1697.00;2.65;0
389;bunker;1213.00;11.30;1667.00;4.70;0
389;bunker;1221.00;10.80;1707.00;5.31;0
389;bunker;1232.00;11.50;1698.00;2.20;0
389;bunker;1241.00;11.53;1673.00;1.09;0
389;bunker;1242.00;11.05;1715.00;1.69;0
389;bunker;1258.00;11.30;1681.00;3.76;0
389;bunker;1271.00;10.70;1684.00;5.82;0
389;bunker;1272.00;10.63;1668.00;2.87;0
389;bunker;1276.00;10.65;1709.00;1.70;0
389;bunker;1278.00;10.60;1686.00;0.14;0
389;bunker;1292.00;10.30;1665.00;3.25;0
389;fuel_silo;1214.00;11.00;1678.00;2.72;0
389;industrial_complex;1198.00;11.15;1708.00;2.13;0
389;industrial_complex;1209.00;11.30;1700.00;4.80;0
389;industrial_complex;1228.00;11.18;1685.00;5.75;0
389;industrial_complex;1243.00;11.63;1694.00;3.09;0
389;industrial_complex;1250.00;10.70;1700.00;2.74;0
389;industrial_complex;1287.00;10.30;1684.00;1.53;0
389;nuclear_reactor;1270.00;10.70;1713.00;1.25;0
389;radar_station;1193.00;11.23;1686.00;2.21;0
389;rocket_site;1287.00;10.30;1678.00;4.87;0
389;synthetic_refinery;1189.00;11.30;1696.00;0.65;0
390;air_base;1209.00;11.55;1632.00;4.81;0
390;anti_air_building;1272.00;10.70;1607.00;2.81;0
390;anti_air_building;1281.00;10.80;1633.00;2.21;0
390;anti_air_building;1292.00;10.93;1640.00;0.65;0
390;arms_factory;1195.00;13.18;1617.00;5.74;0
390;arms_factory;1198.00;12.07;1612.00;0.07;0
390;arms_factory;1219.00;11.32;1647.00;5.15;0
390;arms_factory;1238.00;10.90;1643.00;5.75;0
390;arms_factory;1266.00;10.70;1605.00;1.02;0
390;arms_factory;1281.00;10.60;1600.00;3.09;0
390;bunker;1189.00;12.95;1625.00;3.76;0
390;bunker;1196.00;11.90;1644.00;1.70;0
390;bunker;1205.00;11.65;1605.00;2.20;0
390;bunker;1217.00;11.40;1655.00;5.82;0
390;bunker;1222.00;11.75;1605.00;5.31;0
390;bunker;1234.00;11.82;1602.00;1.09;0
390;bunker;1253.00;11.00;1627.00;1.69;0
390;bunker;1262.00;10.70;1648.00;2.65;0
390;bunker;1270.00;10.65;1621.00;0.14;0
390;bunker;1284.00;10.65;1617.00;3.25;0
390;bunker;1286.00;10.60;1605.00;1.60;0
390;bunker;1297.00;10.50;1644.00;3.76;0
390;fuel_silo;1212.00;11.30;1626.00;0.56;0
390;industrial_complex;1210.00;11.50;1641.00;1.53;0
390;industrial_complex;1211.00;11.48;1648.00;4.70;0
390;industrial_complex;1212.00;11.50;1635.00;2.74;0
390;industrial_complex;1224.00;11.80;1602.00;2.13;0
390;industrial_complex;1249.00;11.00;1654.00;4.80;0
390;industrial_complex;1253.00;11.00;1651.00;0.58;0
390;nuclear_reactor;1279.00;10.50;1615.00;5.48;0
390;radar_station;1272.00;10.50;1636.00;1.25;0
390;rocket_site;1290.00;10.85;1629.00;5.38;0
390;synthetic_refinery;1249.00;10.80;1623.00;4.87;0
391;air_base;1358.00;11.20;1702.00;5.31;0
391;anti_air_building;1305.00;10.48;1671.00;5.38;0
391;anti_air_building;1318.00;11.00;1700.00;5.89;0
391;anti_air_building;1334.00;10.60;1677.00;1.77;0
391;arms_factory;1300.00;10.65;1694.00;3.09;0
391;arms_factory;1304.00;10.90;1696.00;5.75;0
391;arms_factory;1308.00;10.40;1660.00;5.15;0
391;arms_factory;1317.00;10.60;1656.00;2.13;0
391;arms_factory;1317.00;10.60;1660.00;4.80;0
391;arms_factory;1333.00;10.30;1623.00;0.07;0
391;bunker;1297.00;10.20;1687.00;1.70;0
391;bunker;1302.00;10.30;1665.00;5.38;0
391;bunker;1305.00;11.68;1638.00;1.25;0
391;bunker;1309.00;10.40;1658.00;3.76;0
391;bunker;1309.00;11.90;1625.00;5.48;0
391;bunker;1320.00;10.35;1628.00;1.69;0
391;bunker;1323.00;11.00;1714.00;1.09;0
391;bunker;1324.00;10.50;1653.00;3.32;0
391;bunker;1331.00;10.30;1631.00;1.16;0
391;bunker;1335.00;11.20;1694.00;2.81;0
391;bunker;1339.00;11.00;1680.00;5.82;0
391;bunker;1341.00;10.85;1645.00;2.20;0
391;bunker;1343.00;10.45;1670.00;3.76;0
391;bunker;1348.00;10.90;1627.00;3.25;0
391;bunker;1349.00;11.00;1708.00;1.60;0
391;bunker;1356.00;10.20;1644.00;4.87;0
391;bunker;1358.00;11.00;1616.00;2.21;0
391;bunker;1362.00;10.80;1660.00;0.14;0
391;bunker;1370.00;11.30;1690.00;0.65;0
391;bunker;1376.00;10.85;1699.00;3.82;0
391;fuel_silo;1315.00;10.60;1661.00;3.22;0
391;industrial_complex;1314.00;10.98;1711.00;0.58;0
391;industrial_complex;1318.00;10.60;1664.00;1.53;0
391;industrial_complex;1326.00;11.00;1709.00;2.74;0
391;industrial_complex;1353.00;10.57;1675.00;4.81;0
391;industrial_complex;1353.00;11.20;1686.00;4.70;0
391;industrial_complex;1369.00;10.15;1677.00;2.65;0
391;nuclear_reactor;1349.00;10.55;1668.00;2.87;0
391;radar_station;1345.00;10.90;1651.00;3.83;0
391;rocket_site;1385.00;10.57;1689.00;0.21;0
391;synthetic_refinery;1385.00;11.25;1699.00;5.99;0
392;air_base;1322.00;10.73;1582.00;3.25;0
392;anti_air_building;1347.00;10.23;1584.00;5.38;0
392;anti_air_building;1382.00;10.53;1597.00;3.82;0
392;anti_air_building;1383.00;10.70;1584.00;1.16;0
392;arms_factory;1306.00;10.40;1589.00;2.13;0
392;arms_factory;1320.00;11.35;1606.00;2.74;0
392;arms_factory;1345.00;10.40;1593.00;3.09;0
392;arms_factory;1359.00;10.23;1559.00;4.80;0
392;arms_factory;1361.00;10.35;1605.00;5.75;0
392;arms_factory;1368.00;10.10;1573.00;1.53;0
392;bunker;1305.00;10.60;1606.00;1.09;0
392;bunker;1316.00;10.50;1585.00;3.76;0
392;bunker;1318.00;10.38;1563.00;2.21;0
392;bunker;1325.00;11.53;1606.00;2.20;0
392;bunker;1329.00;11.43;1576.00;5.38;0
392;bunker;1331.00;10.50;1607.00;5.82;0
392;bunker;1341.00;11.75;1571.00;1.70;0
392;bunker;1344.00;10.30;1586.00;4.87;0
392;bunker;1357.00;10.28;1556.00;0.65;0
392;bunker;1358.00;10.30;1598.00;1.60;0
392;bunker;1362.00;10.10;1565.00;3.32;0
392;bunker;1362.00;10.20;1587.00;1.25;0
392;bunker;1369.00;10.18;1590.00;3.76;0
392;bunker;1374.00;11.88;1608.00;5.48;0
392;bunker;1375.00;10.20;1561.00;0.14;0
392;bunker;1392.00;11.45;1582.00;2.81;0
392;fuel_silo;1319.00;10.55;1589.00;4.78;0
392;industrial_complex;1308.00;10.60;1599.00;1.69;0
392;industrial_complex;1338.00;11.18;1584.00;2.65;0
392;industrial_complex;1342.00;10.30;1585.00;5.31;0
392;industrial_complex;1343.00;10.60;1578.00;4.81;0
392;industrial_complex;1343.00;11.95;1567.00;0.58;0
392;industrial_complex;1358.00;10.30;1593.00;4.70;0
392;nuclear_reactor;1311.00;10.45;1587.00;3.83;0
392;radar_station;1311.00;10.40;1582.00;5.89;0
392;rocket_site;1380.00;10.20;1559.00;5.99;0
392;synthetic_refinery;1386.00;10.32;1578.00;1.77;0
393;air_base;1469.00;9.50;1639.00;3.76;0
393;anti_air_building;1482.00;10.82;1620.00;4.94;0
393;anti_air_building;1492.00;10.63;1623.00;1.32;0
393;anti_air_building;1496.00;10.93;1640.00;2.27;0
393;bunker;1458.00;9.50;1586.00;1.16;0
393;bunker;1459.00;10.13;1610.00;5.38;0
393;bunker;1462.00;10.10;1599.00;1.60;0
393;bunker;1462.00;10.13;1626.00;2.20;0
393;bunker;1476.00;10.25;1639.00;0.65;0
393;bunker;1476.00;10.80;1593.00;3.83;0
393;bunker;1476.00;11.03;1625.00;4.87;0
393;bunker;1478.00;10.80;1583.00;3.82;0
393;bunker;1479.00;10.85;1615.00;3.32;0
393;bunker;1487.00;10.65;1609.00;1.70;0
393;bunker;1487.00;10.70;1576.00;0.21;0
393;bunker;1487.00;11.00;1637.00;3.76;0
393;bunker;1488.00;10.73;1600.00;5.38;0
393;bunker;1500.00;10.70;1606.00;2.81;0
393;bunker;1501.00;10.45;1627.00;2.87;0
393;bunker;1502.00;9.98;1583.00;5.99;0
393;bunker;1506.00;10.38;1612.00;1.77;0
393;bunker;1506.00;10.57;1589.00;1.25;0
393;bunker;1510.00;10.73;1599.00;5.48;0
393;nuclear_reactor;1490.00;11.00;1633.00;6.05;0
393;radar_station;1467.00;10.70;1623.00;5.55;0
393;synthetic_refinery;1492.00;10.80;1593.00;4.34;0
394;air_base;1410.00;11.00;1636.00;1.70;0
394;anti_air_building;1370.00;10.28;1638.00;3.83;0
394;anti_air_building;1370.00;10.40;1648.00;0.21;0
394;anti_air_building;1396.00;10.40;1616.00;2.87;0
394;arms_factory;1371.00;10.20;1634.00;1.53;0
394;arms_factory;1373.00;10.50;1655.00;4.70;0
394;arms_factory;1378.00;10.65;1666.00;4.81;0
394;arms_factory;1396.00;11.28;1647.00;2.65;0
394;arms_factory;1397.00;11.30;1656.00;0.58;0
394;arms_factory;1409.00;10.20;1596.00;2.74;0
394;bunker;1362.00;10.25;1645.00;2.21;0
394;bunker;1367.00;10.32;1664.00;5.82;0
394;bunker;1383.00;10.20;1625.00;5.99;0
394;bunker;1384.00;10.85;1639.00;1.25;0
394;bunker;1386.00;11.13;1657.00;1.16;0
394;bunker;1387.00;10.70;1630.00;0.65;0
394;bunker;1388.00;11.88;1609.00;2.20;0
394;bunker;1397.00;10.70;1666.00;3.32;0
394;bunker;1397.00;11.10;1638.00;1.60;0
394;bunker;1401.00;10.53;1595.00;5.89;0
394;bunker;1405.00;10.20;1621.00;5.48;0
394;bunker;1409.00;10.10;1591.00;5.38;0
394;bunker;1409.00;10.70;1654.00;3.76;0
394;bunker;1409.00;11.00;1636.00;4.87;0
394;bunker;1417.00;10.55;1593.00;3.82;0
394;bunker;1427.00;10.10;1631.00;1.77;0
394;bunker;1430.00;10.23;1649.00;5.38;0
394;bunker;1433.00;10.13;1614.00;2.81;0
394;fuel_silo;1383.00;10.15;1622.00;5.28;0
394;industrial_complex;1381.00;10.20;1631.00;1.09;0
394;industrial_complex;1385.00;11.07;1654.00;5.31;0
394;industrial_complex;1389.00;11.30;1664.00;1.69;0
394;industrial_complex;1401.00;10.20;1621.00;3.25;0
394;industrial_complex;1405.00;10.70;1653.00;0.14;0
394;industrial_complex;1413.00;10.23;1591.00;3.76;0
394;nuclear_reactor;1377.00;10.45;1664.00;1.32;0
394;radar_station;1409.00;10.78;1650.00;2.27;0
394;rocket_site;1401.00;12.20;1609.00;4.94;0
394;synthetic_refinery;1411.00;10.15;1593.00;4.44;0
395;air_base;1417.00;10.03;1573.00;2.20;0
395;anti_air_building;1384.00;11.28;1545.00;6.05;0
395;anti_air_building;1413.00;9.93;1542.00;3.39;0
395;anti_air_building;1413.00;10.50;1501.00;5.55;0
395;arms_factory;1407.00;10.57;1585.00;5.31;0
395;arms_factory;1417.00;10.07;1556.00;4.81;0
395;arms_factory;1427.00;10.50;1538.00;1.69;0
395;arms_factory;1428.00;11.07;1565.00;0.58;0
395;arms_factory;1429.00;9.80;1509.00;4.70;0
395;arms_factory;1436.00;10.60;1543.00;2.65;0
395;bunker;1379.00;10.60;1547.00;3.83;0
395;bunker;1385.00;11.28;1537.00;4.34;0
395;bunker;1392.00;10.13;1554.00;0.21;0
395;bunker;1398.00;10.00;1549.00;5.89;0
395;bunker;1398.00;10.10;1569.00;5.99;0
395;bunker;1400.00;10.00;1545.00;2.81;0
395;bunker;1403.00;10.85;1580.00;1.77;0
395;bunker;1405.00;10.50;1528.00;5.38;0
395;bunker;1406.00;9.82;1516.00;3.82;0
395;bunker;1408.00;10.60;1534.00;4.87;0
395;bunker;1409.00;10.00;1565.00;1.25;0
395;bunker;1415.00;10.38;1582.00;4.20;0
395;bunker;1417.00;9.80;1511.00;0.65;0
395;bunker;1418.00;10.00;1546.00;4.44;0
395;bunker;1418.00;10.40;1498.00;3.76;0
395;bunker;1419.00;10.03;1564.00;3.32;0
395;bunker;1423.00;9.82;1505.00;1.16;0
395;bunker;1424.00;10.43;1576.00;2.87;0
395;bunker;1424.00;10.45;1584.00;5.48;0
395;bunker;1427.00;10.68;1557.00;2.21;0
395;bunker;1430.00;10.43;1526.00;4.94;0
395;bunker;1432.00;10.20;1576.00;5.38;0
395;bunker;1432.00;10.30;1544.00;1.60;0
395;bunker;1433.00;9.80;1513.00;2.27;0
395;bunker;1436.00;10.95;1564.00;1.32;0
395;fuel_silo;1420.00;10.10;1557.00;0.21;0
395;industrial_complex;1400.00;10.00;1562.00;3.25;0
395;industrial_complex;1416.00;9.80;1510.00;3.76;0
395;industrial_complex;1419.00;10.00;1549.00;5.82;0
395;industrial_complex;1423.00;10.23;1522.00;1.09;0
395;industrial_complex;1430.00;9.80;1503.00;1.70;0
395;industrial_complex;1433.00;10.50;1530.00;0.14;0
395;nuclear_reactor;1436.00;10.73;1574.00;3.39;0
395;radar_station;1397.00;10.13;1539.00;3.99;0
395;rocket_site;1403.00;10.00;1545.00;1.83;0
395;synthetic_refinery;1411.00;10.23;1586.00;1.33;0
396;air_base;1465.00;10.10;1537.00;1.60;0
396;anti_air_building;1453.00;9.80;1507.00;4.94;0
396;anti_air_building;1478.00;10.20;1534.00;2.27;0
396;anti_air_building;1480.00;10.20;1540.00;4.44;0
396;arms_factory;1445.00;10.25;1557.00;3.25;0
396;arms_factory;1448.00;10.45;1536.00;2.65;0
396;arms_factory;1449.00;9.70;1574.00;1.09;0
396;arms_factory;1454.00;10.20;1553.00;1.69;0
396;arms_factory;1469.00;10.10;1536.00;4.81;0
396;arms_factory;1471.00;10.70;1563.00;5.31;0
396;bunker;1443.00;10.75;1572.00;3.32;0
396;bunker;1444.00;10.30;1557.00;3.82;0
396;bunker;1446.00;9.85;1510.00;0.65;0
396;bunker;1447.00;9.80;1522.00;1.16;0
396;bunker;1451.00;10.57;1537.00;2.81;0
396;bunker;1455.00;10.00;1564.00;5.38;0
396;bunker;1458.00;10.03;1513.00;3.83;0
396;bunker;1458.00;10.55;1543.00;2.21;0
396;bunker;1461.00;10.10;1539.00;1.77;0
396;bunker;1462.00;10.30;1507.00;5.38;0
396;bunker;1465.00;10.57;1523.00;5.89;0
396;bunker;1465.00;10.70;1571.00;2.87;0
396;bunker;1470.00;10.80;1571.00;5.48;0
396;bunker;1475.00;10.78;1549.00;1.25;0
396;bunker;1476.00;10.60;1522.00;0.21;0
396;bunker;1479.00;10.20;1542.00;5.99;0
396;bunker;1481.00;10.70;1563.00;4.87;0
396;fuel_silo;1434.00;9.80;1506.00;3.23;0
396;industrial_complex;1452.00;10.10;1568.00;3.76;0
396;industrial_complex;1454.00;10.00;1526.00;5.82;0
396;industrial_complex;1461.00;10.70;1573.00;0.14;0
396;industrial_complex;1464.00;10.05;1530.00;1.70;0
396;industrial_complex;1469.00;10.73;1573.00;2.20;0
396;industrial_complex;1470.00;10.75;1554.00;3.76;0
396;nuclear_reactor;1442.00;9.80;1518.00;3.39;0
396;radar_station;1480.00;10.78;1574.00;4.34;0
396;rocket_site;1467.00;10.55;1513.00;5.55;0
396;synthetic_refinery;1444.00;10.03;1527.00;1.32;0
397;air_base;3679.00;10.48;1806.00;2.06;0
397;anti_air_building;3606.00;10.40;1846.00;4.36;0
397;anti_air_building;3658.00;9.82;1816.00;2.20;0
397;anti_air_building;3702.00;10.10;1804.00;4.86;0
397;arms_factory;3535.00;10.30;1857.00;3.00;0
397;arms_factory;3611.00;10.13;1761.00;1.45;0
397;arms_factory;3617.00;10.45;1782.00;4.57;0
397;arms_factory;3647.00;9.90;1785.00;1.55;0
397;arms_factory;3696.00;10.10;1857.00;0.95;0
397;arms_factory;3731.00;9.73;1881.00;3.61;0
397;bunker;3539.00;10.50;1823.00;3.69;0
397;bunker;3546.00;10.40;1779.00;5.23;0
397;bunker;3557.00;10.07;1860.00;6.25;0
397;bunker;3560.00;10.50;1757.00;6.19;0
397;bunker;3561.00;10.50;1767.00;4.70;0
397;bunker;3561.00;10.50;1792.00;2.57;0
397;bunker;3566.00;10.23;1754.00;3.15;0
397;bunker;3574.00;10.53;1757.00;3.75;0
397;bunker;3578.00;10.50;1743.00;1.09;0
397;bunker;3581.00;10.45;1804.00;1.18;0
397;bunker;3587.00;10.53;1847.00;5.91;0
397;bunker;3597.00;10.48;1785.00;4.19;0
397;bunker;3598.00;10.50;1778.00;4.20;0
397;bunker;3598.00;10.60;1769.00;4.35;0
397;bunker;3602.00;9.98;1745.00;0.13;0
397;bunker;3605.00;10.53;1771.00;2.64;0
397;bunker;3607.00;9.93;1753.00;3.68;0
397;bunker;3624.00;10.60;1863.00;0.07;0
397;bunker;3625.00;10.00;1808.00;0.58;0
397;bunker;3633.00;10.10;1753.00;5.74;0
397;bunker;3639.00;10.00;1775.00;5.31;0
397;bunker;3640.00;10.18;1845.00;1.69;0
397;bunker;3654.00;9.80;1803.00;4.29;0
397;bunker;3667.00;9.90;1797.00;4.63;0
397;bunker;3676.00;9.85;1842.00;1.01;0
397;bunker;3690.00;10.40;1871.00;0.51;0
397;bunker;3694.00;10.25;1781.00;2.13;0
397;bunker;3722.00;10.70;1826.00;0.41;0
397;bunker;3725.00;9.80;1880.00;2.12;0
397;bunker;3754.00;10.00;1873.00;1.62;0
397;fuel_silo;3705.00;10.13;1827.00;2.80;0
397;industrial_complex;3557.00;10.40;1798.00;4.12;0
397;industrial_complex;3567.00;10.50;1764.00;5.67;0
397;industrial_complex;3620.00;9.98;1780.00;0.50;0
397;industrial_complex;3626.00;9.90;1812.00;3.52;0
397;industrial_complex;3660.00;9.90;1811.00;1.46;0
397;industrial_complex;3684.00;10.00;1832.00;4.72;0
397;nuclear_reactor;3628.00;10.00;1759.00;4.87;0
397;radar_station;3654.00;9.80;1820.00;6.11;0
397;rocket_site;3607.00;10.40;1824.00;3.31;0
397;synthetic_refinery;3593.00;10.60;1766.00;0.14;0
398;air_base;3671.00;10.30;1770.00;4.87;0
398;anti_air_building;3678.00;10.13;1663.00;2.34;0
398;anti_air_building;3685.00;10.40;1759.00;4.50;0
398;anti_air_building;3688.00;10.10;1691.00;3.55;0
398;arms_factory;3654.00;9.80;1672.00;1.70;0
398;arms_factory;3658.00;9.95;1705.00;3.76;0
398;arms_factory;3663.00;9.82;1690.00;1.09;0
398;arms_factory;3695.00;10.23;1738.00;0.14;0
398;arms_factory;3703.00;11.05;1719.00;5.82;0
398;arms_factory;3718.00;10.43;1775.00;3.25;0
398;bunker;3642.00;10.60;1723.00;1.77;0
398;bunker;3646.00;9.93;1734.00;6.05;0
398;bunker;3649.00;9.95;1754.00;5.38;0
398;bunker;3651.00;9.90;1762.00;5.38;0
398;bunker;3652.00;9.80;1690.00;6.06;0
398;bunker;3654.00;10.00;1662.00;2.27;0
398;bunker;3655.00;9.80;1677.00;1.83;0
398;bunker;3658.00;9.80;1714.00;4.34;0
398;bunker;3660.00;10.35;1727.00;1.33;0
398;bunker;3663.00;9.95;1699.00;4.44;0
398;bunker;3665.00;9.90;1737.00;5.99;0
398;bunker;3668.00;10.30;1675.00;4.94;0
398;bunker;3674.00;9.90;1692.00;2.44;0
398;bunker;3674.00;10.20;1711.00;0.21;0
398;bunker;3676.00;9.93;1678.00;1.32;0
398;bunker;3677.00;10.28;1661.00;0.28;0
398;bunker;3679.00;10.40;1670.00;1.83;0
398;bunker;3680.00;10.35;1761.00;5.89;0
398;bunker;3682.00;10.00;1688.00;3.39;0
398;bunker;3686.00;10.45;1728.00;2.87;0
398;bunker;3689.00;10.25;1653.00;1.25;0
398;bunker;3690.00;10.53;1720.00;1.16;0
398;bunker;3693.00;10.20;1777.00;3.32;0
398;bunker;3693.00;10.45;1748.00;5.48;0
398;bunker;3693.00;10.48;1670.00;5.55;0
398;bunker;3696.00;10.90;1647.00;3.39;0
398;bunker;3697.00;10.28;1765.00;3.82;0
398;bunker;3700.00;10.55;1692.00;3.83;0
398;bunker;3703.00;10.45;1707.00;3.99;0
398;fuel_silo;3689.00;10.43;1766.00;3.73;0
398;industrial_complex;3656.00;9.75;1743.00;3.76;0
398;industrial_complex;3666.00;10.45;1725.00;1.60;0
398;industrial_complex;3672.00;10.10;1709.00;2.21;0
398;industrial_complex;3673.00;10.35;1661.00;0.65;0
398;industrial_complex;3681.00;10.40;1737.00;2.81;0
398;industrial_complex;3685.00;10.45;1726.00;2.20;0
398;nuclear_reactor;3681.00;10.00;1712.00;1.99;0
398;radar_station;3698.00;10.75;1759.00;2.95;0
398;rocket_site;3690.00;10.53;1717.00;5.61;0
398;synthetic_refinery;3657.00;9.95;1661.00;0.28;0
399;air_base;3622.00;10.35;1681.00;5.38;0
399;anti_air_building;3610.00;10.45;1684.00;2.44;0
399;anti_air_building;3628.00;10.23;1653.00;6.06;0
399;anti_air_building;3648.00;10.10;1658.00;3.39;0
399;arms_factory;3599.00;9.80;1669.00;3.76;0
399;arms_factory;3599.00;10.40;1678.00;2.20;0
399;arms_factory;3612.00;9.95;1656.00;0.14;0
399;arms_factory;3620.00;10.48;1655.00;5.82;0
399;arms_factory;3627.00;10.23;1646.00;3.76;0
399;arms_factory;3640.00;9.75;1681.00;1.70;0
399;bunker;3585.00;10.40;1669.00;5.55;0
399;bunker;3591.00;10.23;1670.00;0.21;0
399;bunker;3592.00;10.40;1676.00;3.99;0
399;bunker;3594.00;10.32;1653.00;5.38;0
399;bunker;3597.00;10.40;1681.00;6.05;0
399;bunker;3600.00;9.80;1659.00;5.89;0
399;bunker;3609.00;9.75;1694.00;1.33;0
399;bunker;3614.00;10.55;1646.00;3.82;0
399;bunker;3616.00;9.80;1675.00;5.99;0
399;bunker;3619.00;9.90;1663.00;3.83;0
399;bunker;3620.00;10.48;1690.00;5.48;0
399;bunker;3623.00;10.50;1686.00;1.32;0
399;bunker;3626.00;10.32;1651.00;4.44;0
399;bunker;3627.00;9.90;1663.00;1.77;0
399;bunker;3631.00;10.00;1696.00;3.32;0
399;bunker;3635.00;9.75;1675.00;4.34;0
399;bunker;3637.00;9.95;1652.00;1.16;0
399;bunker;3640.00;9.90;1665.00;2.27;0
399;bunker;3642.00;9.70;1681.00;2.87;0
399;bunker;3642.00;9.80;1685.00;4.94;0
399;bunker;3643.00;9.90;1651.00;3.39;0
399;bunker;3646.00;10.00;1656.00;1.83;0
399;fuel_silo;3593.00;9.82;1657.00;0.11;0
399;industrial_complex;3587.00;10.38;1680.00;1.25;0
399;industrial_complex;3593.00;9.82;1657.00;2.21;0
399;industrial_complex;3611.00;10.50;1650.00;4.87;0
399;industrial_complex;3622.00;9.90;1669.00;1.60;0
399;industrial_complex;3639.00;9.93;1648.00;0.65;0
399;industrial_complex;3642.00;9.80;1683.00;2.81;0
399;nuclear_reactor;3586.00;10.40;1656.00;2.34;0
399;radar_station;3634.00;9.80;1667.00;1.83;0
399;rocket_site;3643.00;10.10;1646.00;4.50;0
399;synthetic_refinery;3633.00;10.00;1657.00;0.28;0
400;air_base;3511.00;9.80;1697.00;3.32;0
400;anti_air_building;3566.00;9.95;1682.00;3.09;0
400;anti_air_building;3576.00;9.98;1714.00;2.58;0
400;anti_air_building;3622.00;10.60;1723.00;5.24;0
400;arms_factory;3508.00;9.80;1686.00;2.81;0
400;arms_factory;3510.00;9.80;1700.00;1.70;0
400;arms_factory;3531.00;9.80;1710.00;1.60;0
400;arms_factory;3537.00;10.40;1680.00;3.76;0
400;arms_factory;3589.00;10.35;1719.00;2.20;0
400;arms_factory;3597.00;9.80;1708.00;5.82;0
400;bunker;3508.00;9.80;1688.00;3.39;0
400;bunker;3514.00;10.30;1717.00;3.99;0
400;bunker;3515.00;9.80;1729.00;3.55;0
400;bunker;3517.00;9.80;1695.00;3.02;0
400;bunker;3518.00;10.25;1716.00;1.46;0
400;bunker;3519.00;9.80;1698.00;6.20;0
400;bunker;3519.00;9.85;1720.00;3.39;0
400;bunker;3520.00;10.00;1740.00;5.55;0
400;bunker;3521.00;9.80;1705.00;1.33;0
400;bunker;3522.00;9.80;1697.00;5.61;0
400;bunker;3523.00;9.73;1681.00;3.52;0
400;bunker;3525.00;9.80;1703.00;3.46;0
400;bunker;3525.00;9.80;1716.00;1.16;0
400;bunker;3531.00;10.03;1746.00;4.34;0
400;bunker;3533.00;9.80;1713.00;5.52;0
400;bunker;3535.00;10.40;1684.00;6.06;0
400;bunker;3535.00;10.40;1739.00;5.01;0
400;bunker;3536.00;10.30;1692.00;0.01;0
400;bunker;3536.00;10.30;1733.00;4.73;0
400;bunker;3539.00;9.90;1724.00;2.34;0
400;bunker;3540.00;9.88;1733.00;2.51;0
400;bunker;3541.00;9.80;1702.00;0.95;0
400;bunker;3541.00;10.48;1751.00;4.13;0
400;bunker;3543.00;9.80;1719.00;4.13;0
400;bunker;3545.00;10.40;1680.00;1.83;0
400;bunker;3546.00;10.40;1688.00;5.69;0
400;bunker;3550.00;9.80;1716.00;1.83;0
400;bunker;3552.00;9.80;1720.00;1.99;0
400;bunker;3554.00;9.90;1735.00;6.22;0
400;bunker;3554.00;10.13;1685.00;4.57;0
400;bunker;3563.00;9.90;1695.00;5.68;0
400;bunker;3565.00;9.80;1701.00;2.87;0
400;bunker;3567.00;9.80;1727.00;1.77;0
400;bunker;3568.00;10.40;1673.00;5.08;0
400;bunker;3571.00;9.80;1700.00;0.28;0
400;bunker;3571.00;10.00;1709.00;0.21;0
400;bunker;3575.00;10.40;1673.00;2.95;0
400;bunker;3576.00;10.10;1737.00;5.38;0
400;bunker;3581.00;10.15;1719.00;1.32;0
400;bunker;3582.00;10.25;1705.00;4.64;0
400;bunker;3582.00;10.40;1679.00;5.89;0
400;bunker;3583.00;10.07;1689.00;5.18;0
400;bunker;3587.00;10.18;1731.00;3.83;0
400;bunker;3593.00;10.50;1722.00;2.51;0
400;bunker;3596.00;9.90;1728.00;6.12;0
400;bunker;3596.00;10.40;1715.00;0.96;0
400;bunker;3599.00;9.70;1688.00;0.52;0
400;bunker;3600.00;9.70;1699.00;0.45;0
400;bunker;3601.00;9.90;1727.00;2.44;0
400;bunker;3607.00;10.00;1742.00;5.99;0
400;bunker;3609.00;9.88;1708.00;3.82;0
400;bunker;3618.00;10.32;1704.00;4.50;0
400;bunker;3620.00;9.90;1708.00;4.94;0
400;bunker;3622.00;10.60;1721.00;0.28;0
400;bunker;3624.00;10.35;1704.00;4.44;0
400;bunker;3626.00;10.00;1733.00;2.27;0
400;bunker;3630.00;10.50;1727.00;0.79;0
400;bunker;3636.00;10.10;1741.00;6.05;0
400;bunker;3639.00;10.15;1704.00;4.06;0
400;fuel_silo;3613.00;10.10;1743.00;1.67;0
400;industrial_complex;3517.00;10.00;1746.00;5.38;0
400;industrial_complex;3518.00;10.25;1716.00;5.48;0
400;industrial_complex;3557.00;9.80;1687.00;2.21;0
400;industrial_complex;3562.00;9.90;1699.00;4.87;0
400;industrial_complex;3630.00;10.57;1709.00;1.25;0
400;industrial_complex;3631.00;10.10;1734.00;0.65;0
400;nuclear_reactor;3581.00;10.40;1674.00;0.07;0
400;radar_station;3609.00;10.00;1701.00;1.02;0
400;rocket_site;3538.00;10.15;1697.00;3.69;0
400;synthetic_refinery;3534.00;10.50;1737.00;3.19;0
401;air_base;3528.00;10.78;1537.00;1.16;0
401;anti_air_building;3526.00;11.28;1531.00;2.94;0
401;anti_air_building;3538.00;11.03;1548.00;4.50;0
401;anti_air_building;3566.00;10.73;1531.00;5.10;0
401;arms_factory;3525.00;9.80;1542.00;4.36;0
401;arms_factory;3548.00;10.98;1528.00;4.86;0
401;arms_factory;3558.00;9.90;1560.00;0.65;0
401;arms_factory;3561.00;9.80;1541.00;2.20;0
401;arms_factory;3568.00;11.88;1552.00;0.14;0
401;arms_factory;3587.00;9.70;1550.00;2.80;0
401;bunker;3523.00;9.78;1540.00;4.94;0
401;bunker;3528.00;11.32;1533.00;5.38;0
401;bunker;3532.00;10.82;1546.00;3.83;0
401;bunker;3538.00;11.50;1528.00;0.21;0
401;bunker;3544.00;9.85;1548.00;5.44;0
401;bunker;3545.00;9.98;1537.00;0.81;0
401;bunker;3548.00;9.70;1539.00;1.76;0
401;bunker;3549.00;10.73;1521.00;2.36;0
401;bunker;3553.00;9.70;1553.00;5.54;0
401;bunker;3556.00;9.70;1550.00;2.43;0
401;bunker;3556.00;9.75;1530.00;4.43;0
401;bunker;3558.00;9.70;1516.00;5.45;0
401;bunker;3558.00;9.90;1558.00;2.87;0
401;bunker;3560.00;9.78;1533.00;1.32;0
401;bunker;3570.00;10.57;1533.00;1.83;0
401;bunker;3570.00;11.45;1548.00;4.49;0
401;bunker;3571.00;9.70;1563.00;3.38;0
401;bunker;3573.00;10.03;1522.00;6.05;0
401;bunker;3576.00;10.07;1557.00;0.71;0
401;bunker;3578.00;9.70;1542.00;3.90;0
401;bunker;3579.00;9.75;1549.00;6.05;0
401;bunker;3584.00;9.70;1546.00;0.82;0
401;fuel_silo;3583.00;9.70;1546.00;3.54;0
401;industrial_complex;3545.00;9.73;1551.00;5.37;0
401;industrial_complex;3553.00;9.70;1547.00;3.32;0
401;industrial_complex;3554.00;9.70;1542.00;3.31;0
401;industrial_complex;3564.00;10.55;1557.00;1.75;0
401;industrial_complex;3569.00;10.55;1534.00;4.87;0
401;industrial_complex;3589.00;9.70;1554.00;2.71;0
401;nuclear_reactor;3537.00;11.68;1531.00;5.61;0
401;radar_station;3559.00;9.70;1540.00;0.09;0
401;rocket_site;3561.00;9.80;1535.00;4.40;0
401;synthetic_refinery;3546.00;11.28;1527.00;0.88;0
402;air_base;3781.00;9.80;1483.00;4.13;0
402;anti_air_building;3707.00;9.80;1523.00;0.05;0
402;anti_air_building;3717.00;9.90;1462.00;4.37;0
402;anti_air_building;3743.00;10.00;1492.00;2.21;0
402;arms_factory;3731.00;9.90;1485.00;5.08;0
402;arms_factory;3733.00;10.68;1467.00;5.68;0
402;arms_factory;3747.00;10.07;1522.00;2.51;0
402;arms_factory;3773.00;10.35;1462.00;5.18;0
402;arms_factory;3790.00;9.70;1463.00;0.96;0
402;arms_factory;3801.00;9.80;1502.00;3.02;0
402;bunker;3676.00;10.50;1472.00;6.26;0
402;bunker;3687.00;11.15;1485.00;1.53;0
402;bunker;3691.00;9.70;1471.00;2.14;0
402;bunker;3692.00;9.95;1493.00;4.64;0
402;bunker;3697.00;9.90;1524.00;5.31;0
402;bunker;3698.00;9.80;1519.00;0.58;0
402;bunker;3700.00;9.82;1480.00;3.69;0
402;bunker;3700.00;10.00;1452.00;5.93;0
402;bunker;3701.00;9.82;1532.00;6.20;0
402;bunker;3706.00;9.80;1494.00;0.14;0
402;bunker;3714.00;9.80;1496.00;1.02;0
402;bunker;3714.00;9.90;1475.00;3.76;0
402;bunker;3720.00;9.80;1503.00;1.19;0
402;bunker;3720.00;9.80;1524.00;3.19;0
402;bunker;3728.00;10.32;1463.00;1.09;0
402;bunker;3737.00;9.90;1500.00;1.70;0
402;bunker;3739.00;10.50;1448.00;2.14;0
402;bunker;3742.00;10.25;1524.00;5.24;0
402;bunker;3753.00;9.82;1469.00;0.07;0
402;bunker;3753.00;9.88;1477.00;3.25;0
402;bunker;3761.00;9.80;1496.00;3.76;0
402;bunker;3766.00;9.80;1498.00;2.58;0
402;bunker;3766.00;10.03;1453.00;5.76;0
402;bunker;3768.00;9.88;1468.00;4.20;0
402;bunker;3769.00;9.75;1513.00;5.82;0
402;bunker;3772.00;10.62;1446.00;5.32;0
402;bunker;3778.00;9.70;1495.00;3.69;0
402;bunker;3782.00;9.80;1474.00;3.09;0
402;bunker;3789.00;9.78;1436.00;4.27;0
402;bunker;3791.00;9.80;1515.00;0.52;0
402;bunker;3800.00;9.80;1459.00;0.58;0
402;bunker;3803.00;9.88;1494.00;1.63;0
402;fuel_silo;3784.00;9.90;1465.00;4.27;0
402;industrial_complex;3689.00;9.93;1492.00;0.01;0
402;industrial_complex;3690.00;10.50;1488.00;5.69;0
402;industrial_complex;3694.00;9.93;1528.00;1.46;0
402;industrial_complex;3699.00;9.80;1511.00;4.73;0
402;industrial_complex;3731.00;10.45;1441.00;4.13;0
402;industrial_complex;3742.00;10.60;1460.00;3.52;0
402;nuclear_reactor;3690.00;10.55;1538.00;5.98;0
402;radar_station;3740.00;9.90;1487.00;0.16;0
402;rocket_site;3718.00;9.85;1471.00;3.32;0
402;synthetic_refinery;3693.00;10.62;1483.00;1.26;0
403;air_base;3851.00;9.80;1689.00;4.70;0
403;anti_air_building;3874.00;10.30;1651.00;5.37;0
403;anti_air_building;3882.00;9.80;1686.00;3.32;0
403;anti_air_building;3925.00;10.35;1726.00;1.75;0
403;arms_factory;3843.00;9.80;1673.00;4.19;0
403;arms_factory;3880.00;9.80;1677.00;5.74;0
403;arms_factory;3894.00;9.73;1672.00;2.12;0
403;arms_factory;3903.00;10.65;1692.00;0.07;0
403;arms_factory;3933.00;10.30;1714.00;1.62;0
403;arms_factory;3957.00;10.40;1699.00;3.69;0
403;bunker;3825.00;10.40;1675.00;2.20;0
403;bunker;3842.00;9.80;1696.00;4.87;0
403;bunker;3848.00;9.80;1670.00;2.71;0
403;bunker;3857.00;10.23;1654.00;5.91;0
403;bunker;3862.00;10.23;1642.00;4.36;0
403;bunker;3865.00;9.80;1684.00;4.86;0
403;bunker;3867.00;9.80;1682.00;0.14;0
403;bunker;3878.00;10.40;1662.00;3.31;0
403;bunker;3884.00;10.38;1657.00;5.31;0
403;bunker;3887.00;9.70;1701.00;1.69;0
403;bunker;3907.00;9.70;1722.00;1.09;0
403;bunker;3907.00;9.80;1681.00;4.35;0
403;bunker;3909.00;10.30;1653.00;3.75;0
403;bunker;3915.00;11.30;1692.00;0.13;0
403;bunker;3919.00;11.38;1697.00;2.64;0
403;bunker;3934.00;9.80;1679.00;3.15;0
403;bunker;3935.00;10.40;1721.00;2.80;0
403;bunker;3937.00;11.05;1696.00;0.65;0
403;fuel_silo;3941.00;10.15;1705.00;2.36;0
403;industrial_complex;3827.00;10.30;1677.00;2.13;0
403;industrial_complex;3874.00;10.40;1668.00;6.25;0
403;industrial_complex;3914.00;10.68;1684.00;4.29;0
403;industrial_complex;3918.00;11.05;1702.00;0.58;0
403;industrial_complex;3922.00;9.80;1662.00;4.20;0
403;industrial_complex;3949.00;10.30;1709.00;1.18;0
403;nuclear_reactor;3916.00;11.30;1691.00;4.43;0
403;radar_station;3899.00;9.80;1684.00;4.88;0
403;rocket_site;3949.00;10.30;1708.00;1.76;0
403;synthetic_refinery;3926.00;11.05;1683.00;1.16;0
404;air_base;3911.00;10.90;1437.00;0.79;0
404;anti_air_building;3830.00;10.20;1488.00;0.43;0
404;anti_air_building;3833.00;10.30;1486.00;1.63;0
404;anti_air_building;3868.00;10.53;1513.00;3.69;0
404;arms_factory;3808.00;10.18;1445.00;1.83;0
404;arms_factory;3818.00;10.00;1504.00;2.44;0
404;arms_factory;3818.00;10.20;1442.00;3.39;0
404;arms_factory;3820.00;10.20;1447.00;3.99;0
404;arms_factory;3843.00;10.43;1505.00;6.06;0
404;arms_factory;3895.00;10.40;1489.00;5.45;0
404;bunker;3810.00;9.75;1468.00;6.20;0
404;bunker;3813.00;10.53;1435.00;1.47;0
404;bunker;3819.00;10.00;1511.00;4.57;0
404;bunker;3822.00;10.00;1475.00;0.89;0
404;bunker;3823.00;10.20;1492.00;4.13;0
404;bunker;3826.00;10.30;1434.00;1.02;0
404;bunker;3833.00;10.35;1459.00;3.63;0
404;bunker;3836.00;10.53;1431.00;4.06;0
404;bunker;3837.00;10.35;1418.00;0.96;0
404;bunker;3840.00;10.40;1510.00;4.57;0
404;bunker;3846.00;10.12;1496.00;1.40;0
404;bunker;3846.00;10.35;1503.00;3.46;0
404;bunker;3861.00;10.55;1475.00;5.69;0
404;bunker;3861.00;10.57;1517.00;4.67;0
404;bunker;3865.00;10.40;1434.00;3.02;0
404;bunker;3866.00;10.40;1491.00;3.63;0
404;bunker;3883.00;10.40;1471.00;0.52;0
404;bunker;3888.00;10.48;1427.00;1.39;0
404;bunker;3891.00;10.40;1511.00;1.46;0
404;bunker;3895.00;10.40;1497.00;6.13;0
404;bunker;3900.00;10.62;1445.00;5.62;0
404;bunker;3901.00;10.50;1470.00;3.97;0
404;bunker;3910.00;10.40;1490.00;5.52;0
404;bunker;3915.00;10.75;1417.00;2.58;0
404;bunker;3929.00;10.45;1497.00;5.01;0
404;bunker;3930.00;9.95;1515.00;5.25;0
404;bunker;3932.00;10.93;1414.00;4.64;0
404;bunker;3935.00;11.45;1429.00;5.18;0
404;bunker;3942.00;11.20;1460.00;3.52;0
404;bunker;3944.00;10.90;1475.00;2.07;0
404;bunker;3946.00;10.15;1504.00;3.02;0
404;bunker;3946.00;11.32;1457.00;0.45;0
404;fuel_silo;3916.00;10.80;1452.00;1.03;0
404;industrial_complex;3835.00;10.30;1476.00;3.90;0
404;industrial_complex;3836.00;10.30;1478.00;0.89;0
404;industrial_complex;3843.00;10.20;1488.00;4.51;0
404;industrial_complex;3900.00;10.60;1444.00;0.28;0
404;industrial_complex;3908.00;10.78;1441.00;2.95;0
404;industrial_complex;3910.00;10.40;1486.00;0.38;0
404;nuclear_reactor;3815.00;10.00;1485.00;4.20;0
404;radar_station;3889.00;10.40;1474.00;3.27;0
404;rocket_site;3819.00;10.10;1488.00;0.08;0
404;synthetic_refinery;3911.00;10.65;1466.00;5.76;0
405;air_base;3835.00;11.25;1328.00;5.62;0
405;anti_air_building;3800.00;10.00;1300.00;3.02;0
405;anti_air_building;3801.00;10.00;1300.00;4.57;0
405;anti_air_building;3805.00;10.00;1299.00;5.18;0
405;arms_factory;3798.00;9.90;1318.00;5.45;0
405;arms_factory;3811.00;10.00;1322.00;0.38;0
405;arms_factory;3822.00;10.10;1294.00;4.51;0
405;arms_factory;3835.00;11.30;1326.00;3.90;0
405;arms_factory;3837.00;11.45;1326.00;0.28;0
405;arms_factory;3839.00;10.78;1294.00;0.89;0
405;bunker;3778.00;9.93;1335.00;0.45;0
405;bunker;3805.00;9.90;1331.00;4.57;0
405;bunker;3806.00;9.90;1318.00;5.52;0
405;bunker;3807.00;10.00;1297.00;3.46;0
405;bunker;3820.00;10.15;1309.00;1.40;0
405;bunker;3829.00;10.12;1285.00;4.67;0
405;bunker;3835.00;10.62;1303.00;3.97;0
405;bunker;3846.00;12.45;1318.00;6.13;0
405;fuel_silo;3819.00;10.10;1313.00;3.63;0
405;industrial_complex;3786.00;10.00;1329.00;2.95;0
405;industrial_complex;3805.00;9.90;1319.00;0.79;0
405;industrial_complex;3806.00;9.90;1319.00;0.89;0
405;industrial_complex;3807.00;9.90;1326.00;1.39;0
405;industrial_complex;3817.00;10.00;1323.00;5.01;0
405;industrial_complex;3840.00;10.82;1296.00;4.06;0
405;nuclear_reactor;3829.00;10.25;1308.00;5.69;0
405;radar_station;3813.00;10.00;1308.00;6.13;0
405;rocket_site;3829.00;10.15;1284.00;3.02;0
405;synthetic_refinery;3830.00;10.20;1310.00;0.96;0
406;air_base;3674.00;9.80;1520.00;5.82;0
406;anti_air_building;3620.00;9.60;1474.00;2.78;0
406;anti_air_building;3620.00;9.60;1495.00;4.94;0
406;anti_air_building;3636.00;9.60;1462.00;1.93;0
406;arms_factory;3627.00;9.70;1544.00;5.31;0
406;arms_factory;3629.00;9.60;1529.00;4.20;0
406;arms_factory;3637.00;9.70;1458.00;0.58;0
406;arms_factory;3641.00;9.60;1473.00;2.14;0
406;arms_factory;3646.00;9.68;1481.00;1.19;0
406;arms_factory;3648.00;9.70;1526.00;6.26;0
406;bunker;3608.00;9.70;1533.00;3.32;0
406;bunker;3615.00;9.60;1485.00;4.94;0
406;bunker;3616.00;9.60;1524.00;2.88;0
406;bunker;3617.00;9.60;1468.00;0.72;0
406;bunker;3621.00;9.60;1497.00;2.72;0
406;bunker;3621.00;9.70;1542.00;5.98;0
406;bunker;3623.00;9.60;1462.00;3.93;0
406;bunker;3623.00;9.60;1514.00;5.99;0
406;bunker;3628.00;9.60;1501.00;1.26;0
406;bunker;3631.00;9.60;1516.00;4.27;0
406;bunker;3634.00;9.70;1522.00;4.37;0
406;bunker;3635.00;9.60;1480.00;4.44;0
406;bunker;3635.00;9.70;1535.00;3.83;0
406;bunker;3636.00;9.55;1457.00;3.76;0
406;bunker;3640.00;9.60;1468.00;2.27;0
406;bunker;3643.00;9.60;1486.00;2.21;0
406;bunker;3644.00;9.70;1523.00;0.65;0
406;bunker;3649.00;10.05;1481.00;0.21;0
406;bunker;3651.00;9.70;1534.00;0.14;0
406;bunker;3653.00;9.60;1463.00;3.32;0
406;bunker;3653.00;10.10;1543.00;0.21;0
406;bunker;3656.00;9.70;1503.00;5.93;0
406;bunker;3669.00;9.75;1508.00;1.77;0
406;bunker;3669.00;9.80;1535.00;0.05;0
406;bunker;3672.00;11.20;1487.00;2.87;0
406;bunker;3673.00;9.80;1518.00;4.27;0
406;bunker;3675.00;9.88;1535.00;3.23;0
406;fuel_silo;3655.00;9.70;1509.00;1.83;0
406;industrial_complex;3622.00;9.60;1517.00;0.58;0
406;industrial_complex;3623.00;9.60;1485.00;1.09;0
406;industrial_complex;3644.00;9.70;1541.00;1.70;0
406;industrial_complex;3648.00;9.60;1499.00;3.76;0
406;industrial_complex;3658.00;9.80;1477.00;3.25;0
406;industrial_complex;3659.00;9.70;1518.00;5.32;0
406;nuclear_reactor;3657.00;10.18;1491.00;2.44;0
406;radar_station;3645.00;9.60;1503.00;2.81;0
406;rocket_site;3662.00;9.60;1471.00;6.06;0
406;synthetic_refinery;3661.00;9.98;1481.00;3.99;0
407;air_base;3914.00;11.45;1369.00;0.45;0
407;anti_air_building;3891.00;11.30;1359.00;2.58;0
407;anti_air_building;3915.00;12.05;1361.00;1.98;0
407;anti_air_building;3954.00;11.55;1361.00;5.25;0
407;arms_factory;3858.00;11.12;1404.00;0.79;0
407;arms_factory;3898.00;10.48;1378.00;5.01;0
407;arms_factory;3903.00;15.07;1338.00;0.89;0
407;arms_factory;3927.00;10.70;1371.00;2.95;0
407;arms_factory;3929.00;10.30;1387.00;1.39;0
407;arms_factory;3947.00;10.48;1385.00;0.28;0
407;bunker;3855.00;10.88;1407.00;5.69;0
407;bunker;3875.00;11.10;1409.00;3.52;0
407;bunker;3882.00;10.45;1345.00;4.13;0
407;bunker;3883.00;11.15;1385.00;4.57;0
407;bunker;3892.00;12.57;1366.00;3.02;0
407;bunker;3894.00;10.80;1377.00;3.97;0
407;bunker;3894.00;11.62;1356.00;2.07;0
407;bunker;3896.00;13.82;1333.00;1.47;0
407;bunker;3897.00;14.38;1344.00;6.20;0
407;bunker;3904.00;13.48;1333.00;3.63;0
407;bunker;3914.00;16.40;1347.00;4.57;0
407;bunker;3915.00;10.60;1411.00;6.13;0
407;bunker;3917.00;11.15;1367.00;0.96;0
407;bunker;3922.00;10.70;1407.00;0.52;0
407;bunker;3924.00;14.05;1356.00;3.02;0
407;bunker;3935.00;15.12;1358.00;5.18;0
407;bunker;3938.00;10.43;1380.00;1.46;0
407;bunker;3958.00;11.03;1378.00;3.63;0
407;fuel_silo;3900.00;13.62;1363.00;1.02;0
407;industrial_complex;3898.00;13.93;1368.00;4.67;0
407;industrial_complex;3916.00;15.40;1340.00;3.46;0
407;industrial_complex;3917.00;15.85;1344.00;5.62;0
407;industrial_complex;3939.00;11.00;1368.00;5.52;0
407;industrial_complex;3944.00;10.65;1400.00;1.40;0
407;industrial_complex;3944.00;11.10;1366.00;4.06;0
407;nuclear_reactor;3924.00;11.65;1363.00;1.63;0
407;radar_station;3904.00;11.93;1371.00;2.97;0
407;rocket_site;3878.00;10.23;1354.00;0.43;0
407;synthetic_refinery;3866.00;10.90;1413.00;4.64;0
408;air_base;4879.81;9.70;1379.90;3.39;0
408;anti_air_building;4857.00;10.05;1388.00;6.26;0
408;anti_air_building;4879.00;10.95;1396.00;2.14;0
408;anti_air_building;4881.22;10.50;1386.60;0.58;0
408;arms_factory;4864.24;9.60;1387.41;1.77;0
408;arms_factory;4909.00;11.73;1432.00;5.89;0
408;arms_factory;4930.00;12.32;1433.00;5.99;0
408;arms_factory;4948.00;11.73;1450.00;3.83;0
408;arms_factory;4952.00;12.48;1450.00;0.21;0
408;arms_factory;4955.00;11.23;1445.00;2.87;0
408;bunker;4857.00;10.35;1390.00;4.64;0
408;bunker;4858.00;9.65;1386.00;6.20;0
408;bunker;4863.00;11.90;1405.00;4.81;0
408;bunker;4864.00;11.10;1413.00;1.23;0
408;bunker;4870.00;9.60;1392.00;1.46;0
408;bunker;4872.00;10.80;1407.00;3.02;0
408;bunker;4878.00;9.95;1406.00;2.58;0
408;bunker;4879.00;10.80;1397.00;3.46;0
408;bunker;4884.00;9.53;1376.00;0.95;0
408;bunker;4885.00;10.10;1412.00;3.39;0
408;bunker;4889.00;9.93;1420.00;4.57;0
408;bunker;4891.00;12.32;1402.00;5.08;0
408;bunker;4894.00;11.90;1394.00;5.01;0
408;bunker;4897.00;10.53;1422.00;4.06;0
408;bunker;4898.00;11.13;1432.00;0.01;0
408;bunker;4900.00;11.30;1387.00;0.28;0
408;bunker;4901.00;12.73;1404.00;0.45;0
408;bunker;4904.00;10.10;1442.00;3.55;0
408;bunker;4912.00;12.43;1429.00;2.51;0
408;bunker;4912.00;12.85;1414.00;2.51;0
408;bunker;4913.00;9.85;1458.00;4.13;0
408;bunker;4915.00;10.68;1395.00;1.99;0
408;bunker;4918.00;10.65;1447.00;6.12;0
408;bunker;4918.00;12.95;1430.00;2.95;0
408;bunker;4919.00;12.88;1412.00;5.52;0
408;bunker;4924.00;12.18;1444.00;4.73;0
408;bunker;4927.00;11.75;1412.00;0.96;0
408;bunker;4932.00;12.48;1431.00;0.79;0
408;bunker;4936.00;12.90;1433.00;3.52;0
408;bunker;4938.00;12.75;1430.00;5.61;0
408;bunker;4945.00;12.30;1448.00;6.22;0
408;bunker;4949.00;11.75;1438.00;0.52;0
408;bunker;4955.00;13.25;1451.00;4.13;0
408;bunker;4959.00;12.75;1450.00;5.18;0
408;bunker;4965.00;10.78;1460.00;5.68;0
408;coastal_bunker;4856.00;9.57;1377.00;0.00;0
408;coastal_bunker;4867.00;9.50;1384.00;-0.46;0
408;coastal_bunker;4892.00;9.50;1377.00;-0.24;0
408;coastal_bunker;4903.00;9.53;1383.00;0.67;0
408;coastal_bunker;4916.00;9.57;1392.00;0.79;0
408;coastal_bunker;4923.00;9.50;1400.00;0.79;0
408;coastal_bunker;4932.00;9.50;1413.00;0.79;0
408;coastal_bunker;4940.00;9.63;1421.00;1.25;0
408;coastal_bunker;4957.00;9.55;1438.00;0.93;0
408;coastal_bunker;4958.00;9.50;1438.00;0.98;0
408;coastal_bunker;4969.00;9.50;1458.00;1.37;0
408;dockyard;4952.00;9.57;1432.00;0.93;0
408;fuel_silo;4893.00;10.60;1426.00;4.85;0
408;industrial_complex;4877.97;11.00;1389.33;4.44;0
408;industrial_complex;4909.00;9.95;1460.00;4.94;0
408;industrial_complex;4920.00;12.23;1408.00;4.34;0
408;industrial_complex;4929.00;11.88;1415.00;5.55;0
408;industrial_complex;4951.00;10.30;1435.00;1.32;0
408;industrial_complex;4959.00;12.65;1459.00;2.27;0
408;naval_base;4860.00;9.50;1381.00;0.00;7028
408;naval_base;4869.00;9.50;1384.00;-0.46;7028
408;naval_base;4889.00;9.50;1376.00;-0.24;7028
408;naval_base;4899.00;9.57;1381.00;0.67;6632
408;naval_base;4916.00;9.57;1392.00;0.79;6632
408;naval_base;4919.00;9.57;1395.00;0.79;6632
408;naval_base;4937.00;9.50;1416.00;0.79;6632
408;naval_base;4940.00;9.50;1419.00;0.14;6632
408;naval_base;4956.00;9.53;1436.00;0.93;6442
408;naval_base;4959.00;9.50;1439.00;0.98;6442
408;naval_base;4972.00;9.57;1462.00;1.37;6442
408;nuclear_reactor;4942.00;12.43;1449.00;3.25;0
408;radar_station;4873.84;9.70;1379.80;5.31;0
408;rocket_site;4909.00;10.85;1439.00;0.58;0
408;synthetic_refinery;4908.00;12.05;1429.00;1.19;0
409;air_base;4933.00;11.07;1464.00;1.33;0
409;anti_air_building;4927.00;11.13;1454.00;2.58;0
409;anti_air_building;4973.00;13.20;1539.00;5.24;0
409;anti_air_building;4974.00;12.98;1528.00;3.09;0
409;arms_factory;4927.00;9.90;1476.00;4.44;0
409;arms_factory;4947.00;9.80;1507.00;3.83;0
409;arms_factory;4953.00;11.78;1480.00;2.27;0
409;arms_factory;4972.00;11.55;1503.00;5.99;0
409;arms_factory;4985.00;12.35;1523.00;2.87;0
409;arms_factory;4995.00;11.55;1507.00;0.21;0
409;bunker;4921.00;9.93;1484.00;1.99;0
409;bunker;4924.00;10.13;1470.00;4.50;0
409;bunker;4929.00;10.30;1486.00;2.51;0
409;bunker;4929.00;10.98;1457.00;4.13;0
409;bunker;4930.00;10.85;1462.00;6.12;0
409;bunker;4941.00;13.55;1458.00;5.61;0
409;bunker;4941.00;13.65;1465.00;0.28;0
409;bunker;4944.00;10.05;1500.00;4.06;0
409;bunker;4948.00;13.53;1460.00;0.01;0
409;bunker;4950.00;11.40;1487.00;2.51;0
409;bunker;4956.00;10.85;1526.00;0.95;0
409;bunker;4956.00;11.43;1518.00;5.18;0
409;bunker;4958.00;10.75;1508.00;5.08;0
409;bunker;4961.00;12.80;1482.00;5.52;0
409;bunker;4962.00;12.07;1510.00;6.22;0
409;bunker;4962.00;12.25;1477.00;0.79;0
409;bunker;4967.00;12.57;1493.00;0.45;0
409;bunker;4974.00;11.70;1477.00;3.02;0
409;bunker;4980.00;12.93;1511.00;0.96;0
409;bunker;4986.00;12.80;1537.00;5.01;0
409;bunker;4988.00;9.75;1484.00;2.34;0
409;bunker;4988.00;11.98;1512.00;4.57;0
409;bunker;4992.00;9.70;1488.00;3.55;0
409;bunker;4992.00;11.25;1522.00;3.46;0
409;bunker;4997.00;9.98;1542.00;2.95;0
409;bunker;5007.00;9.70;1566.00;5.68;0
409;coastal_bunker;4976.00;9.50;1465.00;0.93;0
409;coastal_bunker;4991.00;9.50;1484.00;1.45;0
409;coastal_bunker;4995.00;9.50;1493.00;1.57;0
409;coastal_bunker;4999.00;9.50;1517.00;1.45;0
409;coastal_bunker;4999.00;9.70;1508.00;-4.39;0
409;coastal_bunker;5001.00;9.60;1540.00;1.33;0
409;coastal_bunker;5010.00;9.53;1575.00;1.25;0
409;dockyard;4996.00;9.82;1503.00;1.01;0
409;fuel_silo;4925.00;10.88;1453.00;1.23;0
409;industrial_complex;4955.00;11.90;1477.00;4.94;0
409;industrial_complex;4957.00;11.25;1522.00;5.55;0
409;industrial_complex;4973.00;12.60;1514.00;1.32;0
409;industrial_complex;4978.00;9.75;1474.00;4.34;0
409;industrial_complex;4986.00;12.75;1524.00;3.39;0
409;industrial_complex;5007.00;9.70;1555.00;6.05;0
409;naval_base;4976.00;9.50;1465.00;0.93;6442
409;naval_base;4991.00;9.50;1484.00;1.45;2534
409;naval_base;4996.00;9.55;1498.00;1.57;2534
409;naval_base;4996.00;9.60;1501.00;1.01;2534
409;naval_base;4998.00;9.57;1529.00;1.45;2510
409;naval_base;5004.00;9.53;1580.00;1.25;2510
409;naval_base;5004.00;9.57;1549.00;1.33;2510
409;nuclear_reactor;5005.00;10.05;1572.00;0.07;0
409;radar_station;4942.00;11.25;1485.00;1.02;0
409;rocket_site;4998.00;9.90;1563.00;3.69;0
409;synthetic_refinery;4908.00;10.40;1472.00;3.19;0
410;air_base;3766.00;12.57;1093.00;5.38;0
410;anti_air_building;3729.00;11.82;1098.00;5.55;0
410;anti_air_building;3747.00;11.70;1098.00;4.34;0
410;anti_air_building;3757.00;12.85;1123.00;1.32;0
410;arms_factory;3746.00;11.13;1129.00;1.60;0
410;arms_factory;3749.00;11.73;1079.00;0.65;0
410;arms_factory;3749.00;11.75;1144.00;2.81;0
410;arms_factory;3767.00;12.15;1091.00;3.76;0
410;arms_factory;3768.00;11.57;1088.00;2.21;0
410;arms_factory;3772.00;13.07;1115.00;4.87;0
410;bunker;3728.00;10.35;1071.00;3.83;0
410;bunker;3733.00;11.68;1097.00;4.44;0
410;bunker;3744.00;10.95;1133.00;2.87;0
410;bunker;3747.00;11.20;1128.00;5.89;0
410;bunker;3752.00;12.55;1094.00;5.99;0
410;bunker;3766.00;12.73;1112.00;0.21;0
410;coastal_bunker;3749.00;9.50;1064.00;-0.46;0
410;dockyard;3734.00;9.50;1065.00;-0.46;0
410;fuel_silo;3782.00;12.95;1110.00;5.35;0
410;industrial_complex;3743.00;10.63;1073.00;3.82;0
410;industrial_complex;3748.00;11.28;1142.00;1.25;0
410;industrial_complex;3749.00;11.30;1140.00;1.16;0
410;industrial_complex;3752.00;11.25;1076.00;5.38;0
410;industrial_complex;3773.00;13.15;1110.00;3.32;0
410;industrial_complex;3779.00;12.55;1096.00;5.48;0
410;naval_base;3741.00;9.50;1064.00;-0.46;2943
410;nuclear_reactor;3726.00;12.05;1096.00;3.99;0
410;radar_station;3758.00;12.28;1112.00;5.26;0
410;rocket_site;3757.00;12.60;1095.00;1.33;0
410;synthetic_refinery;3757.00;12.13;1112.00;3.39;0
411;air_base;3669.00;14.88;1170.00;3.32;0
411;arms_factory;3618.00;14.32;1200.00;4.37;0
411;arms_factory;3626.00;15.73;1183.00;3.16;0
411;arms_factory;3658.00;15.07;1146.00;2.21;0
411;arms_factory;3666.00;14.43;1198.00;0.15;0
411;arms_factory;3666.00;15.63;1164.00;4.88;0
411;arms_factory;3667.00;12.20;1205.00;2.81;0
411;bunker;3586.00;12.90;1195.00;4.44;0
411;bunker;3600.00;16.27;1189.00;1.77;0
411;bunker;3603.00;13.53;1167.00;2.27;0
411;bunker;3636.00;14.10;1190.00;2.38;0
411;bunker;3649.00;15.50;1165.00;3.84;0
411;bunker;3659.00;13.05;1203.00;0.22;0
411;bunker;3663.00;14.20;1184.00;5.39;0
411;bunker;3675.00;14.20;1179.00;1.17;0
411;fuel_silo;3595.00;16.77;1193.00;1.33;0
411;industrial_complex;3607.00;15.95;1178.00;2.72;0
411;industrial_complex;3615.00;16.10;1189.00;1.77;0
411;industrial_complex;3642.00;13.78;1211.00;4.78;0
411;industrial_complex;3649.00;13.30;1202.00;5.38;0
411;industrial_complex;3658.00;16.75;1181.00;0.65;0
411;industrial_complex;3678.00;13.05;1186.00;4.88;0
411;nuclear_reactor;3612.00;15.50;1166.00;3.39;0
411;radar_station;3636.00;15.00;1177.00;3.42;0
411;rocket_site;3673.00;14.38;1174.00;5.55;0
411;synthetic_refinery;3597.00;15.38;1178.00;4.94;0
412;air_base;3613.00;11.50;1122.00;1.77;0
412;anti_air_building;3627.00;12.25;1119.00;0.28;0
412;anti_air_building;3630.00;9.98;1101.00;3.55;0
412;anti_air_building;3650.00;13.60;1138.00;2.34;0
412;arms_factory;3628.00;13.53;1155.00;4.87;0
412;arms_factory;3636.00;11.50;1115.00;1.25;0
412;arms_factory;3644.00;12.90;1131.00;2.21;0
412;arms_factory;3649.00;10.78;1093.00;2.81;0
412;arms_factory;3649.00;11.55;1097.00;0.65;0
412;arms_factory;3700.00;10.57;1098.00;1.60;0
412;bunker;3611.00;12.43;1150.00;3.39;0
412;bunker;3619.00;12.73;1145.00;5.55;0
412;bunker;3622.00;12.55;1127.00;4.34;0
412;bunker;3631.00;13.07;1153.00;1.32;0
412;bunker;3644.00;11.50;1110.00;4.94;0
412;bunker;3657.00;11.90;1114.00;2.27;0
412;bunker;3675.00;11.00;1101.00;6.05;0
412;bunker;3695.00;10.05;1095.00;3.99;0
412;coastal_bunker;3589.00;9.50;1145.00;-0.40;0
412;coastal_bunker;3608.00;9.50;1108.00;-0.91;0
412;coastal_bunker;3630.00;9.50;1095.00;-0.69;0
412;coastal_bunker;3657.00;9.50;1084.00;-0.69;0
412;coastal_bunker;3679.00;9.50;1092.00;-0.29;0
412;dockyard;3593.00;9.50;1137.00;-0.40;0
412;fuel_silo;3633.00;13.35;1133.00;3.29;0
412;industrial_complex;3607.00;10.55;1125.00;5.38;0
412;industrial_complex;3608.00;10.05;1113.00;5.38;0
412;industrial_complex;3625.00;11.10;1110.00;3.82;0
412;industrial_complex;3651.00;10.50;1091.00;5.48;0
412;industrial_complex;3654.00;12.23;1123.00;3.32;0
412;industrial_complex;3659.00;12.60;1128.00;1.16;0
412;naval_base;3589.00;9.50;1141.00;-0.40;2896
412;naval_base;3607.00;9.50;1110.00;-0.91;2896
412;naval_base;3616.00;9.50;1105.00;-0.69;2691
412;naval_base;3666.00;9.50;1085.00;0.92;2919
412;naval_base;3691.00;9.50;1094.00;-0.29;2919
412;nuclear_reactor;3648.00;13.25;1134.00;5.01;0
412;radar_station;3655.00;11.80;1119.00;4.34;0
412;rocket_site;3648.00;12.60;1128.00;1.99;0
412;synthetic_refinery;3604.00;10.13;1130.00;2.95;0
413;air_base;3574.00;9.78;1189.00;1.70;0
413;anti_air_building;3554.00;9.70;1177.00;4.87;0
413;anti_air_building;3570.00;9.70;1163.00;1.25;0
413;anti_air_building;3575.00;9.73;1180.00;5.38;0
413;arms_factory;3561.00;9.70;1149.00;0.58;0
413;arms_factory;3564.00;9.70;1167.00;2.65;0
413;arms_factory;3565.00;9.70;1178.00;2.74;0
413;arms_factory;3574.00;9.60;1148.00;1.53;0
413;arms_factory;3574.00;9.70;1181.00;4.70;0
413;arms_factory;3582.00;9.95;1149.00;4.81;0
413;bunker;3556.00;9.70;1182.00;2.81;0
413;bunker;3568.00;9.70;1190.00;2.20;0
413;bunker;3569.00;9.70;1163.00;1.60;0
413;bunker;3579.00;9.68;1151.00;3.76;0
413;coastal_bunker;3571.00;9.50;1148.00;0.14;0
413;dockyard;3566.00;9.50;1143.00;0.14;0
413;fuel_silo;3555.00;9.70;1167.00;5.96;0
413;industrial_complex;3559.00;9.70;1154.00;5.31;0
413;industrial_complex;3559.00;9.70;1155.00;3.76;0
413;industrial_complex;3572.00;9.68;1172.00;1.09;0
413;industrial_complex;3572.00;9.70;1154.00;3.25;0
413;industrial_complex;3572.00;9.70;1173.00;0.14;0
413;industrial_complex;3577.00;9.80;1167.00;1.69;0
413;naval_base;3579.00;9.50;1143.00;0.14;2896
413;nuclear_reactor;3576.00;9.73;1181.00;3.82;0
413;radar_station;3571.00;9.70;1169.00;2.90;0
413;rocket_site;3562.00;9.70;1167.00;1.16;0
413;synthetic_refinery;3556.00;9.70;1164.00;5.48;0
414;air_base;3693.00;14.28;1172.00;2.88;0
414;anti_air_building;3694.00;14.07;1158.00;1.33;0
414;anti_air_building;3698.00;15.85;1132.00;1.23;0
414;anti_air_building;3704.00;14.65;1153.00;5.46;0
414;arms_factory;3660.00;14.55;1158.00;1.77;0
414;arms_factory;3666.00;14.32;1152.00;5.38;0
414;arms_factory;3679.00;15.05;1150.00;3.32;0
414;arms_factory;3692.00;12.95;1114.00;1.17;0
414;arms_factory;3699.00;14.75;1160.00;2.72;0
414;arms_factory;3702.00;13.60;1119.00;2.38;0
414;bunker;3661.00;15.25;1139.00;3.39;0
414;bunker;3681.00;15.60;1159.00;1.33;0
414;bunker;3704.00;16.15;1139.00;5.55;0
414;bunker;3705.00;11.30;1110.00;4.94;0
414;bunker;3714.00;15.28;1146.00;0.72;0
414;bunker;3717.00;11.40;1111.00;5.45;0
414;fuel_silo;3671.00;15.15;1147.00;4.51;0
414;industrial_complex;3679.00;14.65;1135.00;0.22;0
414;industrial_complex;3692.00;16.33;1142.00;3.84;0
414;industrial_complex;3713.00;15.48;1146.00;2.27;0
414;industrial_complex;3720.00;11.30;1118.00;4.44;0
414;industrial_complex;3723.00;11.05;1112.00;1.77;0
414;industrial_complex;3726.00;11.80;1119.00;5.39;0
414;nuclear_reactor;3706.00;10.88;1106.00;5.11;0
414;radar_station;3695.00;13.78;1126.00;5.89;0
414;rocket_site;3688.00;13.20;1116.00;3.90;0
414;synthetic_refinery;3665.00;14.18;1154.00;1.84;0
415;air_base;3811.00;11.30;1162.00;1.17;0
415;anti_air_building;3767.00;11.82;1217.00;1.33;0
415;anti_air_building;3776.00;11.82;1199.00;1.23;0
415;anti_air_building;3845.00;12.55;1172.00;5.46;0
415;arms_factory;3766.00;11.55;1222.00;4.88;0
415;arms_factory;3768.00;12.20;1237.00;2.81;0
415;arms_factory;3774.00;10.82;1167.00;0.65;0
415;arms_factory;3792.00;12.00;1202.00;2.21;0
415;arms_factory;3831.00;12.05;1149.00;4.37;0
415;arms_factory;3833.00;12.25;1175.00;0.15;0
415;bunker;3759.00;14.05;1198.00;0.72;0
415;bunker;3772.00;10.95;1168.00;1.77;0
415;bunker;3781.00;12.40;1220.00;1.33;0
415;bunker;3789.00;13.68;1217.00;5.55;0
415;bunker;3790.00;11.10;1145.00;4.94;0
415;bunker;3797.00;11.13;1156.00;4.44;0
415;bunker;3802.00;11.30;1185.00;2.27;0
415;bunker;3818.00;13.48;1193.00;3.39;0
415;bunker;3820.00;15.57;1210.00;5.39;0
415;bunker;3821.00;11.60;1168.00;5.45;0
415;bunker;3835.00;12.95;1157.00;3.84;0
415;bunker;3844.00;15.45;1210.00;0.22;0
415;bunker;3852.00;12.80;1180.00;2.38;0
415;bunker;3857.00;16.88;1205.00;2.88;0
415;bunker;3881.00;15.70;1179.00;2.28;0
415;fuel_silo;3787.00;10.80;1164.00;4.51;0
415;industrial_complex;3759.00;13.75;1165.00;3.32;0
415;industrial_complex;3798.00;12.40;1204.00;4.78;0
415;industrial_complex;3808.00;12.68;1136.00;5.38;0
415;industrial_complex;3813.00;11.45;1158.00;4.88;0
415;industrial_complex;3833.00;17.40;1221.00;2.72;0
415;industrial_complex;3836.00;13.00;1159.00;1.77;0
415;nuclear_reactor;3821.00;16.38;1217.00;5.11;0
415;radar_station;3821.00;12.55;1188.00;5.89;0
415;rocket_site;3819.00;12.20;1152.00;3.90;0
415;synthetic_refinery;3778.00;11.88;1231.00;1.84;0
416;air_base;3735.00;12.45;1183.00;2.07;0
416;anti_air_building;3686.00;11.30;1227.00;1.53;0
416;anti_air_building;3692.00;14.43;1284.00;2.74;0
416;anti_air_building;3723.00;14.80;1220.00;0.58;0
416;arms_factory;3676.00;12.60;1208.00;0.95;0
416;arms_factory;3693.00;12.35;1204.00;3.02;0
416;arms_factory;3738.00;12.28;1246.00;3.61;0
416;arms_factory;3739.00;14.10;1268.00;4.57;0
416;arms_factory;3740.00;14.18;1252.00;1.90;0
416;arms_factory;3746.00;13.98;1261.00;0.35;0
416;bunker;3685.00;13.88;1192.00;0.51;0
416;bunker;3688.00;14.38;1285.00;3.09;0
416;bunker;3695.00;13.75;1184.00;4.13;0
416;bunker;3698.00;13.07;1277.00;2.13;0
416;bunker;3699.00;12.10;1264.00;0.07;0
416;bunker;3703.00;12.03;1252.00;5.15;0
416;bunker;3708.00;13.07;1219.00;2.58;0
416;bunker;3717.00;13.03;1277.00;5.74;0
416;bunker;3718.00;12.45;1205.00;5.24;0
416;bunker;3718.00;13.05;1254.00;4.64;0
416;bunker;3721.00;10.80;1175.00;1.02;0
416;bunker;3727.00;15.30;1226.00;2.57;0
416;bunker;3738.00;13.23;1183.00;5.84;0
416;bunker;3738.00;13.78;1195.00;6.19;0
416;bunker;3744.00;13.73;1259.00;5.75;0
416;bunker;3748.00;11.98;1238.00;1.62;0
416;bunker;3758.00;14.30;1251.00;4.80;0
416;fuel_silo;3700.00;13.30;1280.00;4.81;0
416;industrial_complex;3688.00;12.35;1201.00;5.08;0
416;industrial_complex;3731.00;11.95;1191.00;5.68;0
416;industrial_complex;3743.00;14.40;1187.00;0.00;0
416;industrial_complex;3746.00;14.15;1253.00;4.12;0
416;industrial_complex;3747.00;14.03;1174.00;0.86;0
416;industrial_complex;3748.00;14.57;1257.00;2.06;0
416;nuclear_reactor;3707.00;12.03;1230.00;1.69;0
416;radar_station;3716.00;15.88;1221.00;2.41;0
416;rocket_site;3681.00;12.78;1200.00;5.31;0
416;synthetic_refinery;3687.00;12.55;1203.00;4.70;0
417;bunker;3509.00;11.65;1276.00;4.51;0
417;bunker;3517.00;12.23;1268.00;2.95;0
417;fuel_silo;3503.00;14.00;1309.00;5.02;0
417;synthetic_refinery;3512.00;11.80;1260.00;3.46;0
418;air_base;3670.00;10.82;1290.00;5.84;0
418;anti_air_building;3694.00;12.65;1293.00;5.15;0
418;anti_air_building;3695.00;11.32;1303.00;0.07;0
418;anti_air_building;3703.00;12.57;1290.00;1.02;0
418;arms_factory;3675.00;11.35;1292.00;5.68;0
418;arms_factory;3702.00;12.38;1300.00;2.06;0
418;arms_factory;3704.00;12.80;1299.00;0.86;0
418;arms_factory;3707.00;12.82;1304.00;5.08;0
418;arms_factory;3710.00;13.70;1300.00;0.00;0
418;arms_factory;3753.00;14.20;1265.00;4.12;0
418;bunker;3648.00;9.55;1276.00;5.74;0
418;bunker;3704.00;12.57;1291.00;2.58;0
418;bunker;3711.00;13.30;1291.00;5.24;0
418;bunker;3735.00;13.85;1275.00;1.62;0
418;fuel_silo;3654.00;9.62;1278.00;5.75;0
418;industrial_complex;3663.00;10.15;1286.00;6.19;0
418;industrial_complex;3670.00;10.40;1292.00;2.57;0
418;industrial_complex;3700.00;12.00;1303.00;2.07;0
418;industrial_complex;3719.00;13.93;1286.00;0.51;0
418;industrial_complex;3728.00;14.60;1288.00;4.64;0
418;industrial_complex;3742.00;15.35;1272.00;4.13;0
418;nuclear_reactor;3731.00;13.73;1280.00;1.53;0
418;radar_station;3702.00;13.38;1286.00;1.41;0
418;rocket_site;3691.00;11.43;1302.00;4.80;0
418;synthetic_refinery;3711.00;13.73;1298.00;3.09;0
419;air_base;3565.00;15.15;1263.00;5.11;0
419;anti_air_building;3524.00;10.95;1283.00;4.07;0
419;anti_air_building;3530.00;14.75;1294.00;1.91;0
419;anti_air_building;3537.00;14.43;1295.00;1.40;0
419;arms_factory;3530.00;14.35;1291.00;4.94;0
419;arms_factory;3533.00;14.63;1283.00;5.45;0
419;arms_factory;3562.00;14.55;1283.00;1.33;0
419;arms_factory;3564.00;15.00;1268.00;1.23;0
419;arms_factory;3572.00;14.03;1269.00;5.55;0
419;arms_factory;3579.00;13.80;1253.00;3.39;0
419;bunker;3530.00;12.90;1274.00;3.46;0
419;bunker;3530.00;15.15;1296.00;5.62;0
419;bunker;3539.00;14.43;1299.00;1.39;0
419;bunker;3546.00;14.40;1280.00;5.01;0
419;bunker;3547.00;14.75;1302.00;2.95;0
419;bunker;3550.00;14.98;1270.00;5.02;0
419;bunker;3561.00;14.40;1247.00;0.89;0
419;bunker;3562.00;14.53;1281.00;4.51;0
419;bunker;3574.00;15.10;1261.00;4.42;0
419;fuel_silo;3554.00;14.73;1268.00;6.13;0
419;industrial_complex;3521.00;10.88;1285.00;5.46;0
419;industrial_complex;3532.00;13.57;1274.00;4.51;0
419;industrial_complex;3547.00;14.43;1281.00;3.90;0
419;industrial_complex;3547.00;14.65;1299.00;1.84;0
419;industrial_complex;3548.00;11.98;1313.00;1.33;0
419;industrial_complex;3553.00;14.43;1271.00;6.06;0
419;nuclear_reactor;3564.00;14.25;1272.00;1.91;0
419;radar_station;3548.00;14.48;1281.00;1.97;0
419;rocket_site;3534.00;14.90;1284.00;5.18;0
419;synthetic_refinery;3557.00;14.85;1294.00;2.01;0
420;air_base;3659.00;11.98;1267.00;5.75;0
420;anti_air_building;3583.00;13.68;1267.00;4.70;0
420;anti_air_building;3616.00;16.40;1251.00;4.81;0
420;anti_air_building;3625.00;15.55;1251.00;2.65;0
420;bunker;3590.00;13.40;1266.00;2.74;0
420;bunker;3607.00;14.12;1257.00;4.80;0
420;bunker;3647.00;12.05;1260.00;1.53;0
420;bunker;3665.00;10.93;1282.00;2.13;0
420;fuel_silo;3672.00;12.93;1283.00;1.69;0
420;nuclear_reactor;3627.00;10.03;1258.00;3.76;0
420;radar_station;3623.00;9.50;1261.00;3.12;0
420;rocket_site;3673.00;14.53;1278.00;1.09;0
420;synthetic_refinery;3636.00;9.70;1261.00;5.31;0
421;bunker;3524.00;10.55;1221.00;4.42;0
421;bunker;3535.00;14.40;1239.00;1.39;0
421;bunker;3553.00;14.48;1230.00;1.91;0
421;nuclear_reactor;3522.00;10.05;1212.00;3.63;0
421;rocket_site;3521.00;10.48;1222.00;0.96;0
422;air_base;4069.76;9.90;780.82;2.51;0
422;anti_air_building;4057.00;9.95;779.00;0.07;0
422;anti_air_building;4059.00;10.78;763.00;1.63;0
422;anti_air_building;4073.00;10.05;775.00;5.76;0
422;arms_factory;4053.00;9.55;766.00;5.01;0
422;arms_factory;4060.00;9.88;749.00;6.22;0
422;arms_factory;4064.00;12.48;773.00;3.46;0
422;arms_factory;4065.00;13.48;756.00;1.99;0
422;arms_factory;4067.00;9.70;791.00;4.06;0
422;arms_factory;4072.00;12.05;764.00;0.79;0
422;bunker;4058.00;9.73;751.00;5.69;0
422;bunker;4058.00;10.10;775.00;4.13;0
422;bunker;4065.00;9.73;790.00;1.46;0
422;bunker;4065.00;13.73;767.00;4.64;0
422;bunker;4068.00;10.23;774.00;3.52;0
422;bunker;4069.00;12.88;763.00;4.73;0
422;bunker;4074.00;12.85;754.00;4.13;0
422;bunker;4074.00;13.00;761.00;0.52;0
422;coastal_bunker;4052.00;9.50;762.00;-0.67;0
422;coastal_bunker;4056.00;9.57;790.00;-2.60;0
422;coastal_bunker;4062.00;9.50;741.00;-0.98;0
422;coastal_bunker;4076.00;9.55;777.00;-4.33;0
422;coastal_bunker;4080.00;9.50;749.00;1.57;0
422;coastal_bunker;4081.00;9.53;768.00;-4.55;0
422;dockyard;4071.00;9.68;786.00;-3.36;0
422;fuel_silo;4062.00;12.15;766.00;4.41;0
422;industrial_complex;4055.00;9.82;770.00;0.95;0
422;industrial_complex;4056.00;9.70;783.00;2.51;0
422;industrial_complex;4060.00;11.20;768.00;5.52;0
422;industrial_complex;4067.00;9.70;792.00;6.12;0
422;industrial_complex;4072.00;13.43;758.00;4.57;0
422;industrial_complex;4077.00;10.00;750.00;0.45;0
422;naval_base;4052.00;9.50;774.00;-2.55;7479
422;naval_base;4054.00;9.50;753.00;-0.98;7933
422;naval_base;4057.00;9.53;792.00;-2.60;7479
422;naval_base;4073.64;9.50;781.41;-4.33;7705
422;naval_base;4081.00;9.50;750.00;1.57;7705
422;naval_base;4083.00;9.50;765.00;-4.55;7705
422;nuclear_reactor;4060.00;9.68;791.00;4.20;0
422;radar_station;4054.00;9.75;765.00;3.69;0
422;rocket_site;4062.00;10.48;748.00;1.53;0
422;synthetic_refinery;4071.00;13.50;755.00;2.14;0
423;air_base;4033.00;11.40;811.00;6.05;0
423;anti_air_building;4007.00;12.00;831.00;2.51;0
423;anti_air_building;4014.00;11.18;805.00;5.52;0
423;anti_air_building;4039.00;10.03;805.00;6.12;0
423;arms_factory;4007.00;10.40;821.00;3.83;0
423;arms_factory;4015.00;11.57;800.00;4.44;0
423;arms_factory;4019.00;10.00;793.00;5.89;0
423;arms_factory;4019.00;10.15;784.00;0.21;0
423;arms_factory;4020.00;10.43;808.00;5.99;0
423;arms_factory;4026.00;10.40;812.00;2.87;0
423;bunker;4003.00;11.65;825.00;2.95;0
423;bunker;4014.00;11.05;804.00;1.83;0
423;bunker;4014.00;11.53;840.00;0.28;0
423;bunker;4017.00;12.05;810.00;0.28;0
423;bunker;4018.00;10.68;783.00;2.44;0
423;bunker;4024.00;9.90;821.00;5.61;0
423;bunker;4024.00;10.28;815.00;4.50;0
423;bunker;4027.00;9.90;806.00;1.99;0
423;bunker;4035.00;10.10;817.00;6.06;0
423;bunker;4038.00;10.38;804.00;3.55;0
423;bunker;4042.00;9.98;818.00;2.34;0
423;coastal_bunker;4022.00;9.60;780.00;1.11;0
423;coastal_bunker;4029.00;9.50;792.00;-0.46;0
423;coastal_bunker;4041.00;9.65;806.00;0.90;0
423;coastal_bunker;4052.00;9.53;819.00;-4.04;0
423;dockyard;4052.00;9.57;818.00;-4.04;0
423;fuel_silo;4014.00;12.88;812.00;4.57;0
423;industrial_complex;4021.00;10.07;803.00;4.94;0
423;industrial_complex;4022.00;10.15;791.00;1.32;0
423;industrial_complex;4022.00;10.23;822.00;4.34;0
423;industrial_complex;4027.00;9.93;821.00;3.39;0
423;industrial_complex;4029.00;10.20;815.00;2.27;0
423;industrial_complex;4041.00;9.82;807.00;5.55;0
423;naval_base;4025.00;9.68;788.00;1.11;7933
423;naval_base;4033.00;9.50;794.00;1.19;7479
423;naval_base;4042.00;9.50;806.00;0.90;7479
423;naval_base;4043.00;9.80;812.00;0.17;7479
423;nuclear_reactor;4030.00;11.32;800.00;5.18;0
423;radar_station;4027.00;10.38;811.00;5.29;0
423;rocket_site;4013.00;11.23;815.00;2.51;0
423;synthetic_refinery;4046.00;9.78;816.00;0.45;0
424;air_base;4012.00;11.15;891.00;0.67;0
424;anti_air_building;4012.00;11.82;870.00;0.30;0
424;anti_air_building;4063.00;9.68;915.00;3.56;0
424;anti_air_building;4071.00;9.70;918.00;2.96;0
424;arms_factory;4012.00;11.73;871.00;5.32;0
424;arms_factory;4042.00;10.23;900.00;5.83;0
424;arms_factory;4049.00;9.78;883.00;3.77;0
424;arms_factory;4052.00;9.80;862.00;1.61;0
424;arms_factory;4075.00;9.68;919.00;3.17;0
424;arms_factory;4082.00;9.68;918.00;2.21;0
424;bunker;4009.00;11.15;887.00;5.90;0
424;bunker;4016.00;10.60;902.00;2.29;0
424;bunker;4019.00;12.13;873.00;6.00;0
424;bunker;4028.00;10.10;900.00;4.00;0
424;bunker;4030.00;10.10;892.00;4.95;0
424;bunker;4034.00;11.25;862.00;0.22;0
424;bunker;4041.00;10.28;902.00;4.35;0
424;bunker;4041.00;10.88;870.00;6.06;0
424;bunker;4045.00;9.93;894.00;2.88;0
424;bunker;4053.00;9.65;887.00;1.84;0
424;bunker;4054.00;9.73;865.00;5.55;0
424;bunker;4065.00;9.70;916.00;1.33;0
424;bunker;4067.00;9.68;908.00;3.39;0
424;bunker;4079.00;9.75;926.00;2.80;0
424;bunker;4086.00;9.70;916.00;3.84;0
424;coastal_bunker;4055.00;9.53;887.00;-4.55;0
424;coastal_bunker;4055.00;9.55;867.00;1.11;0
424;coastal_bunker;4056.00;9.55;895.00;1.57;0
424;coastal_bunker;4066.00;9.50;904.00;0.67;0
424;coastal_bunker;4071.00;9.50;904.00;0.56;0
424;coastal_bunker;4089.00;9.68;919.00;0.59;0
424;dockyard;4057.00;9.63;899.00;1.57;0
424;fuel_silo;4083.00;9.65;917.00;3.46;0
424;industrial_complex;4023.00;11.15;882.00;0.66;0
424;industrial_complex;4030.00;10.35;888.00;1.26;0
424;industrial_complex;4035.00;11.13;860.00;2.81;0
424;industrial_complex;4036.00;10.03;897.00;4.88;0
424;industrial_complex;4044.00;10.55;867.00;5.38;0
424;industrial_complex;4046.00;10.55;872.00;2.22;0
424;naval_base;4055.00;9.55;867.00;1.11;7253
424;naval_base;4055.00;9.57;893.00;1.57;7029
424;naval_base;4057.00;9.57;880.00;-4.55;7029
424;naval_base;4059.00;9.55;902.00;0.67;7029
424;naval_base;4070.00;9.50;903.00;0.56;7029
424;naval_base;4089.00;9.63;920.00;0.59;7029
424;nuclear_reactor;4034.00;11.07;859.00;4.07;0
424;radar_station;4049.00;9.80;893.00;4.10;0
424;rocket_site;4041.00;10.40;881.00;1.41;0
424;synthetic_refinery;4052.00;9.80;909.00;5.62;0
425;air_base;4008.00;11.53;859.00;0.52;0
425;anti_air_building;3987.00;13.38;855.00;2.14;0
425;anti_air_building;3998.00;13.50;841.00;1.53;0
425;anti_air_building;4005.00;11.30;880.00;3.69;0
425;arms_factory;3994.00;14.43;844.00;0.01;0
425;arms_factory;3997.00;13.93;843.00;5.68;0
425;arms_factory;4006.00;11.50;878.00;3.02;0
425;arms_factory;4013.00;11.93;864.00;5.08;0
425;arms_factory;4019.00;12.30;869.00;5.18;0
425;arms_factory;4022.00;12.40;870.00;0.96;0
425;bunker;3975.00;10.10;874.00;0.07;0
425;bunker;3989.00;14.18;859.00;1.02;0
425;bunker;3991.00;13.75;851.00;5.24;0
425;bunker;3998.00;12.00;875.00;3.69;0
425;bunker;4004.00;11.30;845.00;6.20;0
425;bunker;4004.00;11.70;864.00;3.19;0
425;bunker;4015.00;11.98;865.00;2.58;0
425;bunker;4019.00;12.30;860.00;3.09;0
425;coastal_bunker;3970.00;9.50;875.00;-1.84;0
425;dockyard;3968.00;9.50;878.00;-1.84;0
425;fuel_silo;4003.00;11.70;863.00;0.58;0
425;industrial_complex;3975.00;10.20;873.00;1.46;0
425;industrial_complex;3981.00;11.25;872.00;5.69;0
425;industrial_complex;3985.00;12.90;865.00;3.52;0
425;industrial_complex;3993.00;11.30;876.00;4.73;0
425;industrial_complex;4007.00;11.35;852.00;4.13;0
425;industrial_complex;4020.00;12.35;860.00;4.13;0
425;naval_base;3968.00;9.50;880.00;-1.84;2370
425;nuclear_reactor;3981.00;11.23;874.00;1.19;0
425;radar_station;4000.00;11.80;860.00;1.90;0
425;rocket_site;4008.00;11.35;854.00;6.26;0
425;synthetic_refinery;4001.00;11.90;854.00;4.20;0
426;air_base;4091.00;11.38;974.00;1.77;0
426;anti_air_building;4112.00;10.20;981.00;5.62;0
426;anti_air_building;4116.00;10.35;992.00;1.39;0
426;anti_air_building;4127.00;10.65;995.00;4.42;0
426;arms_factory;4111.00;10.18;988.00;0.14;0
426;arms_factory;4114.00;10.13;993.00;3.16;0
426;arms_factory;4114.00;10.18;1000.00;4.37;0
426;arms_factory;4115.00;11.35;965.00;0.15;0
426;arms_factory;4140.00;10.30;979.00;2.21;0
426;arms_factory;4140.00;10.35;981.00;4.88;0
426;bunker;4086.00;10.65;941.00;5.45;0
426;bunker;4089.00;11.30;982.00;1.33;0
426;bunker;4089.00;13.70;952.00;1.23;0
426;bunker;4097.00;11.53;970.00;5.55;0
426;bunker;4106.00;10.07;991.00;2.88;0
426;bunker;4115.00;10.98;964.00;4.44;0
426;bunker;4117.00;11.10;1001.00;3.84;0
426;bunker;4118.00;10.43;999.00;0.22;0
426;bunker;4121.00;10.80;965.00;1.33;0
426;bunker;4127.00;11.10;983.00;0.72;0
426;bunker;4128.00;10.50;992.00;2.28;0
426;bunker;4137.00;9.95;976.00;6.06;0
426;bunker;4141.00;10.03;987.00;4.51;0
426;bunker;4143.00;9.80;977.00;5.46;0
426;bunker;4144.00;10.78;1002.00;4.94;0
426;bunker;4147.00;10.73;1002.00;3.39;0
426;bunker;4150.00;10.50;1011.00;1.84;0
426;bunker;4155.00;9.75;986.00;2.27;0
426;coastal_bunker;4136.00;9.50;964.00;1.33;0
426;coastal_bunker;4146.00;9.50;969.00;0.90;0
426;coastal_bunker;4156.00;9.65;976.00;1.30;0
426;coastal_bunker;4161.00;9.60;994.00;1.21;0
426;coastal_bunker;4163.00;9.50;983.00;1.29;0
426;dockyard;4134.00;9.65;968.00;1.33;0
426;fuel_silo;4111.00;12.15;972.00;5.02;0
426;industrial_complex;4084.00;12.23;958.00;2.81;0
426;industrial_complex;4111.00;10.40;983.00;4.78;0
426;industrial_complex;4114.00;11.38;976.00;5.38;0
426;industrial_complex;4121.00;13.78;973.00;2.72;0
426;industrial_complex;4122.00;10.55;997.00;0.65;0
426;industrial_complex;4141.00;9.85;989.00;4.88;0
426;naval_base;4137.00;9.50;965.00;1.33;6633
426;naval_base;4151.00;9.50;970.00;0.90;6633
426;naval_base;4155.00;9.50;973.00;0.71;6633
426;naval_base;4161.00;9.57;993.00;1.21;6443
426;naval_base;4162.00;9.50;982.00;1.29;6443
426;nuclear_reactor;4153.00;9.75;991.00;1.91;0
426;radar_station;4125.00;12.95;978.00;0.56;0
426;rocket_site;4093.00;11.10;972.00;4.07;0
426;synthetic_refinery;4115.00;13.65;968.00;3.46;0
427;air_base;4037.00;10.70;933.00;0.28;0
427;anti_air_building;3986.00;11.57;975.00;5.08;0
427;anti_air_building;4005.00;11.65;945.00;0.01;0
427;anti_air_building;4023.00;10.60;904.00;0.96;0
427;arms_factory;3989.00;11.63;964.00;6.06;0
427;arms_factory;4005.00;10.63;919.00;1.33;0
427;arms_factory;4010.00;11.40;957.00;1.83;0
427;arms_factory;4017.00;10.40;917.00;3.99;0
427;arms_factory;4036.00;10.73;958.00;6.05;0
427;arms_factory;4044.00;10.43;955.00;3.39;0
427;bunker;3988.00;10.70;939.00;0.79;0
427;bunker;3991.00;11.60;975.00;3.02;0
427;bunker;3997.00;11.63;943.00;4.57;0
427;bunker;4003.00;11.30;959.00;0.95;0
427;bunker;4007.00;10.82;932.00;5.52;0
427;bunker;4009.00;10.45;914.00;5.18;0
427;bunker;4010.00;10.55;905.00;5.68;0
427;bunker;4013.00;11.20;932.00;2.51;0
427;bunker;4021.00;11.15;929.00;2.95;0
427;bunker;4024.00;11.03;925.00;1.99;0
427;bunker;4025.00;11.43;950.00;5.61;0
427;bunker;4034.00;10.90;956.00;3.46;0
427;bunker;4037.00;10.65;911.00;0.45;0
427;bunker;4042.00;10.57;954.00;5.01;0
427;bunker;4044.00;10.25;940.00;6.22;0
427;bunker;4050.00;9.80;928.00;6.12;0
427;bunker;4060.00;9.95;943.00;4.06;0
427;bunker;4063.00;9.80;929.00;2.51;0
427;fuel_silo;4024.00;11.10;938.00;5.69;0
427;industrial_complex;3991.00;10.70;937.00;4.50;0
427;industrial_complex;3997.00;11.78;953.00;3.55;0
427;industrial_complex;3997.00;11.78;955.00;0.28;0
427;industrial_complex;4041.00;10.75;916.00;2.44;0
427;industrial_complex;4052.00;9.85;934.00;2.34;0
427;industrial_complex;4062.00;9.90;939.00;1.83;0
427;nuclear_reactor;4041.00;10.65;946.00;1.46;0
427;radar_station;4025.00;11.28;942.00;1.83;0
427;rocket_site;4025.00;10.45;910.00;4.73;0
427;synthetic_refinery;4037.00;10.95;948.00;4.13;0
428;air_base;3927.00;9.70;1008.00;0.96;0
428;anti_air_building;3892.00;9.60;1020.00;4.37;0
428;anti_air_building;3894.00;10.05;1040.00;4.88;0
428;anti_air_building;3904.00;10.80;1039.00;2.21;0
428;arms_factory;3886.00;9.60;1022.00;5.52;0
428;arms_factory;3899.00;10.48;1040.00;0.45;0
428;arms_factory;3922.00;9.82;1016.00;3.46;0
428;arms_factory;3930.00;9.60;993.00;1.40;0
428;arms_factory;3944.00;9.82;1034.00;4.67;0
428;arms_factory;3964.00;10.40;1021.00;5.62;0
428;bunker;3875.00;9.63;1032.00;5.76;0
428;bunker;3889.00;9.75;1030.00;1.02;0
428;bunker;3892.00;9.63;1002.00;4.64;0
428;bunker;3896.00;9.57;998.00;3.69;0
428;bunker;3909.00;9.82;1039.00;5.76;0
428;bunker;3911.00;9.73;1015.00;3.69;0
428;bunker;3915.00;9.90;998.00;2.14;0
428;bunker;3916.00;9.95;996.00;4.20;0
428;bunker;3919.00;10.18;1022.00;1.98;0
428;bunker;3921.00;9.68;1044.00;0.08;0
428;bunker;3932.00;10.28;1038.00;6.26;0
428;bunker;3939.00;10.00;1046.00;1.03;0
428;bunker;3941.00;9.70;1020.00;2.58;0
428;bunker;3947.00;9.82;1032.00;1.63;0
428;bunker;3949.00;9.73;1004.00;1.19;0
428;bunker;3952.00;9.60;1003.00;0.43;0
428;bunker;3959.00;10.03;1016.00;5.25;0
428;coastal_bunker;3876.00;9.50;1028.00;-1.11;0
428;coastal_bunker;3884.00;9.50;1022.00;0.00;0
428;coastal_bunker;3885.00;9.50;1008.00;-2.21;0
428;coastal_bunker;3896.00;9.50;997.00;-0.40;0
428;coastal_bunker;3903.00;9.50;1022.00;0.00;0
428;coastal_bunker;3904.00;9.50;1019.00;-2.27;0
428;coastal_bunker;3915.00;9.50;985.00;0.93;0
428;coastal_bunker;3929.00;9.65;1003.00;1.46;0
428;coastal_bunker;3938.00;9.50;1007.00;-1.33;0
428;coastal_bunker;3941.00;9.50;992.00;-1.57;0
428;coastal_bunker;3944.00;9.50;1011.00;-0.12;0
428;dockyard;3899.00;9.50;992.00;-0.40;0
428;fuel_silo;3956.00;9.80;1008.00;2.81;0
428;industrial_complex;3891.00;10.23;1041.00;4.57;0
428;industrial_complex;3926.00;9.68;1045.00;3.02;0
428;industrial_complex;3933.00;9.80;1046.00;6.13;0
428;industrial_complex;3948.00;9.98;1009.00;3.97;0
428;industrial_complex;3952.00;9.75;1018.00;5.18;0
428;industrial_complex;3955.00;9.80;1029.00;4.57;0
428;naval_base;3876.00;9.50;1028.00;-1.11;2590
428;naval_base;3885.00;9.65;1011.00;-2.21;2564
428;naval_base;3886.00;9.50;1021.00;0.00;2564
428;naval_base;3897.00;9.50;994.00;-0.40;608
428;naval_base;3903.00;9.50;1018.00;-2.27;2564
428;naval_base;3905.00;9.50;1025.00;0.00;2564
428;naval_base;3926.00;9.50;990.00;0.93;608
428;naval_base;3930.00;9.63;1001.00;1.46;608
428;naval_base;3937.00;9.50;1011.00;-0.12;608
428;naval_base;3941.00;9.50;1006.00;-1.33;608
428;naval_base;3942.00;9.57;997.00;-1.57;608
428;nuclear_reactor;3943.00;9.75;1029.00;4.88;0
428;radar_station;3922.00;9.80;1019.00;5.17;0
428;rocket_site;3914.00;9.73;1045.00;4.78;0
428;synthetic_refinery;3940.00;10.25;1045.00;0.15;0
429;air_base;3964.00;11.65;940.00;2.51;0
429;anti_air_building;3949.00;10.07;939.00;1.63;0
429;anti_air_building;3953.00;10.88;938.00;5.76;0
429;anti_air_building;3970.00;11.57;947.00;0.07;0
429;arms_factory;3946.00;9.80;947.00;0.28;0
429;arms_factory;3949.00;12.35;974.00;3.55;0
429;arms_factory;3952.00;13.05;975.00;2.34;0
429;arms_factory;3966.00;11.45;929.00;2.95;0
429;arms_factory;3968.00;11.78;951.00;1.99;0
429;arms_factory;3978.00;11.10;928.00;5.61;0
429;bunker;3946.00;10.07;981.00;3.02;0
429;bunker;3947.00;9.98;943.00;4.64;0
429;bunker;3949.00;9.85;962.00;5.68;0
429;bunker;3955.00;13.53;925.00;5.18;0
429;bunker;3956.00;15.45;972.00;5.69;0
429;bunker;3957.00;11.90;951.00;4.13;0
429;bunker;3962.00;10.63;991.00;1.46;0
429;bunker;3966.00;11.63;932.00;6.20;0
429;bunker;3968.00;11.13;978.00;0.96;0
429;bunker;3968.00;13.35;964.00;4.13;0
429;bunker;3969.00;11.65;943.00;5.08;0
429;bunker;3971.00;13.63;963.00;4.73;0
429;bunker;3977.00;10.48;984.00;0.52;0
429;bunker;3979.00;11.55;947.00;3.52;0
429;bunker;3989.00;10.70;930.00;0.01;0
429;coastal_bunker;3941.00;9.50;975.00;-1.57;0
429;coastal_bunker;3941.00;9.50;991.00;-1.98;0
429;coastal_bunker;3943.00;9.50;957.00;-1.77;0
429;coastal_bunker;3946.00;9.50;939.00;-1.41;0
429;coastal_bunker;3950.00;9.50;925.00;-1.57;0
429;dockyard;3943.00;9.50;950.00;-1.77;0
429;fuel_silo;3963.00;11.45;986.00;3.69;0
429;industrial_complex;3947.00;9.98;943.00;6.22;0
429;industrial_complex;3950.00;9.95;985.00;6.12;0
429;industrial_complex;3961.00;10.63;990.00;4.06;0
429;industrial_complex;3969.00;11.45;948.00;3.46;0
429;industrial_complex;3970.00;10.82;989.00;0.79;0
429;industrial_complex;3973.00;11.48;950.00;5.01;0
429;naval_base;3941.00;9.50;973.00;-1.57;2394
429;naval_base;3942.00;9.50;959.00;-1.77;2394
429;naval_base;3943.00;9.50;986.00;-1.98;608
429;naval_base;3945.00;9.50;944.00;-1.41;2394
429;naval_base;3950.00;9.50;920.00;-0.86;427
429;nuclear_reactor;3973.00;11.70;937.00;0.58;0
429;radar_station;3970.00;12.18;958.00;6.01;0
429;rocket_site;3959.00;12.73;938.00;4.20;0
429;synthetic_refinery;3971.00;10.82;986.00;2.14;0
430;air_base;4198.00;11.35;1070.00;3.32;0
430;anti_air_building;4195.00;9.90;1029.00;3.46;0
430;anti_air_building;4196.00;10.00;1019.00;4.67;0
430;anti_air_building;4219.00;10.18;1059.00;5.62;0
430;arms_factory;4198.00;10.00;1019.00;1.70;0
430;arms_factory;4215.00;9.80;1039.00;5.82;0
430;arms_factory;4216.00;9.80;1048.00;5.93;0
430;arms_factory;4225.00;10.05;1041.00;3.76;0
430;arms_factory;4231.00;10.00;1024.00;0.14;0
430;arms_factory;4246.00;9.70;993.00;4.27;0
430;bunker;4195.00;9.90;1029.00;6.06;0
430;bunker;4196.00;9.70;1040.00;2.88;0
430;bunker;4198.00;10.00;1015.00;2.27;0
430;bunker;4199.00;10.73;1067.00;0.72;0
430;bunker;4200.00;9.90;1008.00;2.44;0
430;bunker;4207.00;9.90;1033.00;3.99;0
430;bunker;4207.00;10.00;1015.00;2.78;0
430;bunker;4213.00;9.70;1046.00;1.93;0
430;bunker;4215.00;9.90;1011.00;0.38;0
430;bunker;4216.00;10.00;1024.00;1.83;0
430;bunker;4217.00;9.80;1031.00;3.39;0
430;bunker;4219.00;10.00;1053.00;0.21;0
430;bunker;4225.00;9.80;1022.00;4.94;0
430;bunker;4225.00;10.38;1057.00;4.94;0
430;bunker;4228.00;9.80;1017.00;5.45;0
430;bunker;4248.00;9.65;996.00;4.44;0
430;coastal_bunker;4192.00;9.50;1000.00;-0.79;0
430;coastal_bunker;4204.00;9.50;1005.00;0.20;0
430;coastal_bunker;4214.00;9.50;1009.00;1.57;0
430;coastal_bunker;4215.00;9.88;1030.00;1.21;0
430;coastal_bunker;4216.00;9.50;1030.00;0.28;0
430;coastal_bunker;4218.00;9.73;1015.00;1.57;0
430;coastal_bunker;4220.00;9.50;1029.00;-0.59;0
430;coastal_bunker;4230.00;9.50;1016.00;-0.79;0
430;coastal_bunker;4248.00;9.50;986.00;-0.12;0
430;dockyard;4199.00;9.50;1002.00;0.38;0
430;fuel_silo;4206.00;9.90;1033.00;5.52;0
430;industrial_complex;4197.00;9.70;1055.00;4.27;0
430;industrial_complex;4205.00;9.90;1025.00;0.65;0
430;industrial_complex;4207.00;9.70;1047.00;0.05;0
430;industrial_complex;4216.00;9.90;1011.00;4.37;0
430;industrial_complex;4222.00;10.10;1036.00;2.21;0
430;industrial_complex;4224.00;10.00;1033.00;1.26;0
430;naval_base;4195.00;9.53;1001.00;0.38;5873
430;naval_base;4208.00;9.68;1012.00;0.20;5873
430;naval_base;4216.00;9.50;1030.00;0.28;5873
430;naval_base;4216.00;9.70;1028.00;1.21;5873
430;naval_base;4217.00;9.70;1022.00;1.57;5873
430;naval_base;4223.00;9.50;1022.00;-0.59;5873
430;naval_base;4223.00;9.53;1013.00;1.57;5873
430;naval_base;4232.00;9.63;1019.00;-0.79;5873
430;naval_base;4240.00;9.50;1006.00;-1.29;5873
430;nuclear_reactor;4230.00;10.30;1053.00;6.13;0
430;radar_station;4222.00;10.00;1031.00;1.07;0
430;rocket_site;4217.00;9.82;1056.00;4.57;0
430;synthetic_refinery;4200.00;10.20;1063.00;1.40;0
431;air_base;4173.00;9.75;1017.00;0.79;0
431;anti_air_building;4170.00;9.78;1019.00;1.46;0
431;anti_air_building;4179.00;9.78;1030.00;5.69;0
431;anti_air_building;4179.00;9.93;1059.00;3.02;0
431;arms_factory;4168.00;9.70;1005.00;2.44;0
431;arms_factory;4168.00;10.18;1013.00;5.45;0
431;arms_factory;4173.00;10.28;1029.00;6.06;0
431;arms_factory;4178.00;9.90;1015.00;3.39;0
431;arms_factory;4190.00;9.80;1014.00;1.83;0
431;arms_factory;4192.00;10.57;1065.00;3.99;0
431;bunker;4162.00;10.38;1008.00;0.45;0
431;bunker;4168.00;9.70;1006.00;1.40;0
431;bunker;4169.00;10.40;1032.00;5.18;0
431;bunker;4173.00;9.70;1023.00;5.62;0
431;bunker;4182.00;9.78;1031.00;4.67;0
431;bunker;4182.00;10.15;1063.00;3.46;0
431;bunker;4184.00;9.70;1048.00;4.57;0
431;bunker;4185.00;9.70;1038.00;4.06;0
431;bunker;4185.00;9.88;1015.00;5.52;0
431;bunker;4189.00;9.90;1027.00;6.13;0
431;bunker;4190.00;9.68;1009.00;3.97;0
431;coastal_bunker;4179.00;9.57;1005.00;0.54;0
431;coastal_bunker;4182.00;9.50;1009.00;0.00;0
431;coastal_bunker;4186.00;9.73;1004.00;-0.24;0
431;dockyard;4181.00;9.50;1007.00;0.54;0
431;fuel_silo;4181.00;9.90;1058.00;3.63;0
431;industrial_complex;4181.00;9.90;1015.00;4.51;0
431;industrial_complex;4184.00;9.60;1007.00;3.90;0
431;industrial_complex;4186.00;9.70;1049.00;0.89;0
431;industrial_complex;4186.00;9.80;1056.00;0.38;0
431;industrial_complex;4187.00;10.63;1066.00;0.28;0
431;industrial_complex;4192.00;9.90;1015.00;2.95;0
431;naval_base;4170.00;9.50;999.00;0.54;6443
431;naval_base;4182.00;9.50;1009.00;0.00;6443
431;naval_base;4183.00;9.50;1009.00;-0.24;6443
431;nuclear_reactor;4188.00;9.80;1010.00;0.52;0
431;radar_station;4176.00;9.85;1036.00;0.14;0
431;rocket_site;4186.00;9.70;1051.00;4.13;0
431;synthetic_refinery;4176.00;9.82;1038.00;3.52;0
432;air_base;4285.00;12.07;1103.00;2.85;0
432;anti_air_building;4229.00;11.20;1070.00;1.91;0
432;anti_air_building;4232.00;10.80;1065.00;1.81;0
432;anti_air_building;4266.00;12.43;1082.00;3.97;0
432;arms_factory;4232.00;12.70;1077.00;5.75;0
432;arms_factory;4243.00;10.43;1060.00;2.13;0
432;arms_factory;4246.00;10.50;1062.00;3.09;0
432;arms_factory;4254.00;13.00;1077.00;1.53;0
432;arms_factory;4273.00;12.15;1087.00;4.80;0
432;arms_factory;4274.00;12.45;1085.00;2.74;0
432;bunker;4216.00;13.95;1081.00;4.41;0
432;bunker;4218.00;11.53;1070.00;3.46;0
432;bunker;4240.00;10.40;1060.00;5.52;0
432;bunker;4258.00;11.50;1071.00;0.79;0
432;bunker;4259.25;13.30;1091.38;3.36;0
432;bunker;4282.73;12.80;1080.65;1.31;0
432;bunker;4296.84;12.20;1102.16;1.30;0
432;fuel_silo;4218.00;11.43;1071.00;3.25;0
432;industrial_complex;4223.00;11.57;1073.00;5.31;0
432;industrial_complex;4236.00;12.43;1076.00;0.58;0
432;industrial_complex;4254.00;12.35;1074.00;4.81;0
432;industrial_complex;4262.00;11.93;1081.00;2.65;0
432;industrial_complex;4286.00;12.15;1079.00;1.69;0
432;industrial_complex;4293.00;12.25;1100.00;4.70;0
432;nuclear_reactor;4248.65;12.80;1074.88;1.82;0
432;radar_station;4262.00;11.98;1084.00;6.06;0
432;rocket_site;4247.00;10.48;1061.00;5.08;0
432;synthetic_refinery;4295.59;12.40;1096.75;6.03;0
433;air_base;3930.00;9.80;1059.00;5.76;0
433;anti_air_building;3934.00;9.80;1052.00;5.32;0
433;anti_air_building;3934.00;9.90;1101.00;2.65;0
433;anti_air_building;3962.00;10.13;1109.00;5.92;0
433;arms_factory;3943.00;10.00;1094.00;5.25;0
433;arms_factory;3949.00;10.23;1061.00;0.52;0
433;arms_factory;3953.00;10.18;1102.00;2.58;0
433;arms_factory;3956.00;10.00;1076.00;2.07;0
433;arms_factory;3957.00;9.95;1122.00;6.20;0
433;arms_factory;3960.00;10.32;1096.00;4.13;0
433;bunker;3906.00;9.75;1102.00;0.59;0
433;bunker;3917.00;11.48;1075.00;5.76;0
433;bunker;3922.00;9.80;1058.00;4.71;0
433;bunker;3924.00;10.32;1099.00;3.69;0
433;bunker;3942.00;9.80;1112.00;4.20;0
433;bunker;3955.00;10.03;1077.00;6.26;0
433;bunker;3958.00;10.73;1068.00;1.19;0
433;bunker;3960.00;9.90;1127.00;0.08;0
433;bunker;3969.00;10.07;1114.00;1.03;0
433;bunker;3974.00;10.50;1087.00;2.14;0
433;bunker;3976.00;10.23;1111.00;4.20;0
433;fuel_silo;3915.00;10.30;1094.00;5.82;0
433;industrial_complex;3910.00;10.00;1090.00;1.02;0
433;industrial_complex;3934.00;10.05;1085.00;1.63;0
433;industrial_complex;3950.00;10.03;1069.00;3.69;0
433;industrial_complex;3972.00;10.00;1127.00;4.64;0
433;industrial_complex;3972.00;10.73;1075.00;0.43;0
433;industrial_complex;3981.00;10.10;1120.00;1.98;0
433;nuclear_reactor;3973.00;10.38;1105.00;0.14;0
433;radar_station;3944.00;10.00;1097.00;0.11;0
433;rocket_site;3960.00;9.88;1132.00;3.76;0
433;synthetic_refinery;3952.00;10.07;1085.00;1.70;0
434;air_base;4256.00;10.25;1009.00;5.61;0
434;anti_air_building;4269.00;12.88;1046.00;4.57;0
434;anti_air_building;4271.00;11.80;1041.00;0.45;0
434;anti_air_building;4284.00;11.35;1071.00;5.52;0
434;arms_factory;4241.00;10.40;1049.00;1.83;0
434;arms_factory;4241.00;10.40;1049.00;3.39;0
434;arms_factory;4245.00;9.98;1041.00;3.99;0
434;arms_factory;4257.00;11.88;1031.00;2.44;0
434;arms_factory;4259.00;13.70;1035.00;0.28;0
434;arms_factory;4261.00;13.43;1029.00;6.06;0
434;bunker;4234.00;10.00;1029.00;2.51;0
434;bunker;4240.00;10.07;1044.00;4.06;0
434;bunker;4242.00;10.20;1023.00;6.12;0
434;bunker;4247.00;10.10;1038.00;0.79;0
434;bunker;4251.00;10.10;1027.00;1.99;0
434;bunker;4253.00;11.10;1056.00;6.22;0
434;bunker;4266.00;13.75;1042.00;5.01;0
434;bunker;4286.00;10.07;1068.00;3.46;0
434;fuel_silo;4279.00;10.18;1051.00;2.51;0
434;industrial_complex;4252.00;10.95;1040.00;1.83;0
434;industrial_complex;4256.00;10.25;1009.00;2.95;0
434;industrial_complex;4256.00;11.73;1052.00;0.28;0
434;industrial_complex;4259.00;12.45;1046.00;2.34;0
434;industrial_complex;4259.00;12.45;1046.00;3.55;0
434;industrial_complex;4262.00;13.68;1041.00;4.50;0
434;nuclear_reactor;4242.00;9.85;1033.00;5.68;0
434;radar_station;4258.00;12.80;1041.00;5.99;0
434;rocket_site;4284.00;10.05;1056.00;3.02;0
434;synthetic_refinery;4269.00;12.88;1046.00;0.95;0
435;air_base;4140.00;10.32;1073.00;2.14;0
435;anti_air_building;4112.00;12.18;1047.00;4.37;0
435;anti_air_building;4130.00;10.53;1029.00;0.14;0
435;anti_air_building;4141.00;10.80;1054.00;4.27;0
435;arms_factory;4119.00;10.25;1066.00;5.24;0
435;arms_factory;4122.00;10.03;1066.00;0.52;0
435;arms_factory;4122.00;10.10;1061.00;4.64;0
435;arms_factory;4145.00;10.57;1021.00;2.58;0
435;arms_factory;4162.00;10.10;1046.00;3.09;0
435;arms_factory;4163.00;10.20;1041.00;6.20;0
435;bunker;4117.00;10.53;1065.00;3.76;0
435;bunker;4119.00;11.80;1034.00;0.58;0
435;bunker;4131.00;10.32;1027.00;4.20;0
435;bunker;4132.00;11.07;1050.00;1.70;0
435;bunker;4135.00;11.23;1045.00;5.32;0
435;bunker;4136.00;10.35;1018.00;3.25;0
435;bunker;4139.00;10.40;1015.00;3.76;0
435;bunker;4141.00;10.90;1057.00;1.19;0
435;bunker;4143.00;10.07;1069.00;3.69;0
435;bunker;4144.00;11.85;1082.00;5.82;0
435;bunker;4149.00;10.23;1020.00;5.93;0
435;bunker;4154.00;10.13;1036.00;1.53;0
435;bunker;4154.00;10.15;1048.00;5.31;0
435;bunker;4158.00;10.57;1052.00;1.09;0
435;bunker;4164.00;10.23;1066.00;6.26;0
435;bunker;4164.00;10.78;1074.00;0.58;0
435;bunker;4170.00;10.18;1046.00;2.14;0
435;fuel_silo;4145.00;10.82;1059.00;0.05;0
435;industrial_complex;4123.00;10.90;1036.00;5.76;0
435;industrial_complex;4126.00;10.88;1036.00;1.02;0
435;industrial_complex;4127.00;10.10;1065.00;3.69;0
435;industrial_complex;4133.00;10.93;1040.00;1.63;0
435;industrial_complex;4146.00;10.20;1069.00;0.07;0
435;industrial_complex;4150.00;10.38;1065.00;3.19;0
435;nuclear_reactor;4128.00;11.18;1049.00;0.65;0
435;radar_station;4147.00;10.55;1047.00;5.74;0
435;rocket_site;4131.00;10.45;1015.00;4.27;0
435;synthetic_refinery;4137.00;10.45;1032.00;2.21;0
436;air_base;4084.00;10.15;1010.00;3.84;0
436;anti_air_building;4077.00;10.30;998.00;1.33;0
436;anti_air_building;4107.00;12.45;1022.00;3.39;0
436;anti_air_building;4111.00;13.00;1028.00;1.23;0
436;arms_factory;4085.00;10.23;1001.00;5.38;0
436;arms_factory;4088.00;10.68;992.00;2.72;0
436;arms_factory;4090.00;10.15;1023.00;3.32;0
436;arms_factory;4091.00;10.38;1007.00;1.77;0
436;arms_factory;4091.00;10.73;1043.00;4.88;0
436;arms_factory;4102.00;10.75;1035.00;4.78;0
436;bunker;4077.00;10.55;1019.00;0.72;0
436;bunker;4089.00;10.15;1011.00;5.55;0
436;bunker;4093.00;10.63;1009.00;2.88;0
436;bunker;4094.00;10.78;1010.00;1.33;0
436;bunker;4099.00;10.53;1036.00;5.45;0
436;bunker;4101.00;10.43;1001.00;4.94;0
436;bunker;4103.00;10.93;1044.00;0.22;0
436;bunker;4116.00;12.35;1026.00;2.28;0
436;fuel_silo;4093.00;10.90;1046.00;1.84;0
436;industrial_complex;4077.00;10.25;1015.00;2.38;0
436;industrial_complex;4082.00;10.32;1025.00;2.27;0
436;industrial_complex;4088.00;10.95;1037.00;5.39;0
436;industrial_complex;4098.00;10.43;999.00;1.17;0
436;industrial_complex;4116.00;12.25;1025.00;4.44;0
436;industrial_complex;4117.00;12.40;1019.00;1.77;0
436;nuclear_reactor;4077.00;11.32;1034.00;3.90;0
436;radar_station;4099.00;11.73;1018.00;2.96;0
436;rocket_site;4105.00;11.65;1017.00;6.06;0
436;synthetic_refinery;4090.00;10.23;1013.00;5.46;0
437;air_base;3987.00;10.40;1027.00;4.88;0
437;anti_air_building;3983.00;10.73;1000.00;0.72;0
437;anti_air_building;4012.00;10.20;1004.00;0.22;0
437;anti_air_building;4015.00;10.88;1012.00;2.88;0
437;arms_factory;3986.00;10.75;1031.00;4.37;0
437;arms_factory;3992.00;10.35;1026.00;3.76;0
437;arms_factory;4010.00;10.30;1021.00;3.16;0
437;arms_factory;4015.00;10.60;1015.00;1.10;0
437;arms_factory;4038.00;11.45;1017.00;5.82;0
437;arms_factory;4040.00;11.70;1022.00;0.14;0
437;bunker;3974.00;10.05;1000.00;2.27;0
437;bunker;3977.00;10.35;1024.00;1.17;0
437;bunker;3990.00;10.78;1036.00;2.72;0
437;bunker;3994.00;10.07;991.00;2.38;0
437;bunker;3997.00;10.43;1021.00;3.32;0
437;bunker;3999.00;10.55;998.00;4.44;0
437;bunker;4001.00;10.63;1011.00;3.84;0
437;bunker;4008.00;10.55;1048.00;5.39;0
437;bunker;4024.00;10.73;1030.00;1.77;0
437;bunker;4031.00;10.95;1008.00;1.77;0
437;bunker;4037.00;11.60;1020.00;5.38;0
437;fuel_silo;3982.00;9.98;994.00;4.94;0
437;industrial_complex;3994.00;10.88;1031.00;0.65;0
437;industrial_complex;3999.00;10.28;1026.00;4.88;0
437;industrial_complex;4002.00;10.55;1022.00;2.81;0
437;industrial_complex;4006.00;10.40;1016.00;2.21;0
437;industrial_complex;4007.00;10.73;1035.00;0.15;0
437;industrial_complex;4025.00;10.80;997.00;4.78;0
437;nuclear_reactor;3990.00;10.98;1000.00;5.55;0
437;radar_station;4008.00;10.25;1021.00;5.66;0
437;rocket_site;4022.00;11.07;1012.00;5.45;0
437;synthetic_refinery;4008.00;10.53;1008.00;2.28;0
438;air_base;4091.00;10.30;1064.00;3.69;0
438;anti_air_building;4067.00;9.80;1080.00;3.76;0
438;anti_air_building;4067.00;10.23;1101.00;4.27;0
438;anti_air_building;4095.00;10.30;1064.00;0.14;0
438;arms_factory;4089.00;10.20;1071.00;5.24;0
438;arms_factory;4094.00;12.25;1098.00;4.64;0
438;arms_factory;4114.00;10.98;1086.00;6.20;0
438;arms_factory;4118.00;12.73;1093.00;2.58;0
438;arms_factory;4129.00;12.45;1088.00;3.19;0
438;arms_factory;4132.00;10.45;1077.00;3.09;0
438;bunker;4053.00;9.80;1093.00;5.32;0
438;bunker;4062.00;9.82;1095.00;1.19;0
438;bunker;4068.00;11.80;1111.00;6.26;0
438;bunker;4077.00;10.93;1100.00;1.53;0
438;bunker;4078.00;10.30;1066.00;4.20;0
438;bunker;4081.00;9.93;1075.00;0.58;0
438;bunker;4094.00;9.90;1080.00;5.82;0
438;bunker;4095.00;11.85;1096.00;3.25;0
438;bunker;4099.00;9.98;1073.00;1.70;0
438;bunker;4099.00;10.73;1089.00;5.93;0
438;bunker;4105.00;10.25;1070.00;2.14;0
438;bunker;4105.00;10.68;1063.00;1.09;0
438;bunker;4118.00;12.50;1092.00;5.31;0
438;bunker;4121.00;10.20;1076.00;0.58;0
438;bunker;4133.00;12.78;1088.00;3.76;0
438;fuel_silo;4118.00;10.15;1073.00;2.21;0
438;industrial_complex;4063.00;9.80;1089.00;2.14;0
438;industrial_complex;4079.00;12.00;1105.00;1.63;0
438;industrial_complex;4081.00;10.20;1090.00;3.69;0
438;industrial_complex;4096.00;11.25;1093.00;5.76;0
438;industrial_complex;4104.00;11.35;1051.00;0.07;0
438;industrial_complex;4106.00;10.05;1081.00;1.02;0
438;nuclear_reactor;4110.00;10.82;1087.00;4.27;0
438;radar_station;4091.00;9.98;1084.00;4.27;0
438;rocket_site;4063.00;9.85;1097.00;1.26;0
438;synthetic_refinery;4109.00;10.30;1069.00;4.37;0
439;air_base;4032.00;10.00;1108.00;5.38;0
439;anti_air_building;4007.00;10.40;1112.00;5.99;0
439;anti_air_building;4017.00;10.20;1119.00;3.83;0
439;anti_air_building;4044.00;9.82;1097.00;0.21;0
439;arms_factory;4006.00;10.50;1114.00;5.82;0
439;arms_factory;4014.00;10.13;1114.00;0.14;0
439;arms_factory;4015.00;10.25;1121.00;2.20;0
439;arms_factory;4023.00;10.40;1121.00;1.70;0
439;arms_factory;4031.00;10.15;1097.00;3.76;0
439;arms_factory;4053.00;9.98;1106.00;3.76;0
439;bunker;4010.00;10.40;1118.00;3.32;0
439;bunker;4019.00;10.63;1087.00;5.38;0
439;bunker;4020.00;11.95;1135.00;5.48;0
439;bunker;4023.00;10.10;1103.00;1.77;0
439;bunker;4026.00;12.48;1133.00;3.82;0
439;bunker;4049.00;9.80;1096.00;1.16;0
439;bunker;4051.00;9.82;1101.00;5.89;0
439;fuel_silo;4030.00;11.40;1125.00;4.44;0
439;industrial_complex;4015.00;11.45;1136.00;1.25;0
439;industrial_complex;4016.00;10.13;1095.00;4.87;0
439;industrial_complex;4018.00;10.25;1120.00;1.60;0
439;industrial_complex;4023.00;12.57;1136.00;2.21;0
439;industrial_complex;4024.00;10.18;1095.00;0.65;0
439;industrial_complex;4032.00;11.75;1126.00;2.81;0
439;nuclear_reactor;4057.00;10.25;1107.00;1.32;0
439;radar_station;4034.00;10.78;1119.00;0.91;0
439;rocket_site;4039.00;11.85;1124.00;4.94;0
439;synthetic_refinery;4015.00;10.20;1118.00;2.87;0
440;air_base;4006.00;14.65;1158.00;5.08;0
440;anti_air_building;3981.00;12.38;1170.00;1.46;0
440;anti_air_building;3986.00;10.73;1153.00;4.73;0
440;anti_air_building;4004.00;12.15;1148.00;3.52;0
440;arms_factory;3979.00;10.05;1148.00;2.51;0
440;arms_factory;3991.00;14.05;1170.00;0.45;0
440;arms_factory;3992.00;10.38;1144.00;3.46;0
440;arms_factory;3995.00;14.78;1172.00;5.52;0
440;arms_factory;4000.00;10.65;1141.00;6.12;0
440;arms_factory;4011.00;15.38;1158.00;4.57;0
440;bunker;3975.00;9.93;1148.00;4.13;0
440;bunker;3998.00;14.15;1163.00;5.69;0
440;bunker;4011.00;14.95;1156.00;0.01;0
440;fuel_silo;3973.00;9.90;1145.00;0.52;0
440;industrial_complex;3974.00;9.93;1148.00;3.02;0
440;industrial_complex;3981.00;11.50;1164.00;2.51;0
440;industrial_complex;3986.00;13.15;1170.00;0.96;0
440;industrial_complex;3988.00;11.07;1155.00;0.95;0
440;industrial_complex;3991.00;11.18;1153.00;5.68;0
440;industrial_complex;4006.00;12.95;1150.00;5.18;0
440;nuclear_reactor;3999.00;11.40;1148.00;2.58;0
440;radar_station;3990.00;11.65;1157.00;2.13;0
440;rocket_site;3995.00;11.20;1150.00;6.20;0
440;synthetic_refinery;4000.00;13.57;1158.00;4.13;0
441;air_base;3967.00;15.03;1207.00;4.73;0
441;anti_air_building;4011.00;19.85;1235.00;1.63;0
441;anti_air_building;4019.00;20.85;1229.00;3.69;0
441;anti_air_building;4040.00;22.77;1202.00;0.07;0
441;arms_factory;3962.00;19.20;1257.00;5.68;0
441;arms_factory;3974.00;18.48;1237.00;2.51;0
441;arms_factory;3988.00;19.80;1249.00;3.02;0
441;arms_factory;3996.00;20.23;1220.00;0.95;0
441;arms_factory;4017.00;21.50;1216.00;5.18;0
441;arms_factory;4024.00;20.68;1231.00;4.57;0
441;bunker;3956.00;20.50;1255.00;1.02;0
441;bunker;3961.00;18.68;1239.00;5.24;0
441;bunker;3974.00;16.90;1226.00;1.46;0
441;bunker;3976.00;19.73;1241.00;6.20;0
441;bunker;3984.00;19.38;1253.00;4.64;0
441;bunker;3991.00;17.43;1196.00;2.58;0
441;bunker;4001.00;19.02;1214.00;3.09;0
441;bunker;4016.00;21.80;1214.00;3.19;0
441;bunker;4033.00;23.20;1213.00;0.52;0
441;bunker;4035.00;22.88;1195.00;4.13;0
441;fuel_silo;3992.00;20.48;1239.00;2.14;0
441;industrial_complex;3965.00;17.77;1223.00;5.08;0
441;industrial_complex;3973.00;19.38;1240.00;0.01;0
441;industrial_complex;3976.00;16.50;1205.00;5.69;0
441;industrial_complex;4006.00;19.52;1236.00;0.96;0
441;industrial_complex;4023.00;21.63;1220.00;4.13;0
441;industrial_complex;4041.00;23.18;1207.00;3.52;0
441;nuclear_reactor;3969.00;19.30;1261.00;4.20;0
441;radar_station;3996.00;19.48;1228.00;3.08;0
441;rocket_site;3980.00;18.63;1255.00;1.53;0
441;synthetic_refinery;4012.00;20.75;1214.00;5.76;0
442;air_base;3920.00;10.23;1184.00;2.95;0
442;anti_air_building;3934.00;13.43;1225.00;6.12;0
442;anti_air_building;3941.00;14.93;1235.00;0.79;0
442;anti_air_building;3945.00;19.30;1259.00;3.46;0
442;arms_factory;3905.00;13.28;1180.00;2.44;0
442;arms_factory;3916.00;12.75;1209.00;6.06;0
442;arms_factory;3919.00;11.65;1204.00;1.83;0
442;arms_factory;3924.00;13.90;1231.00;1.33;0
442;arms_factory;3931.00;16.68;1241.00;3.39;0
442;arms_factory;3941.00;19.18;1251.00;3.99;0
442;bunker;3905.00;13.43;1188.00;5.01;0
442;bunker;3922.00;10.25;1186.00;4.06;0
442;bunker;3927.00;13.45;1219.00;5.61;0
442;bunker;3940.00;18.65;1247.00;1.99;0
442;bunker;3945.00;15.82;1237.00;6.22;0
442;fuel_silo;3908.00;15.63;1214.00;5.52;0
442;industrial_complex;3920.00;10.88;1191.00;3.55;0
442;industrial_complex;3920.00;11.68;1197.00;0.28;0
442;industrial_complex;3921.00;15.10;1215.00;0.28;0
442;industrial_complex;3926.00;15.80;1236.00;1.83;0
442;industrial_complex;3944.00;14.38;1225.00;2.34;0
442;industrial_complex;3951.00;20.25;1262.00;4.50;0
442;nuclear_reactor;3900.00;14.00;1189.00;0.95;0
442;radar_station;3926.00;13.88;1215.00;0.87;0
442;rocket_site;3913.00;12.40;1202.00;4.57;0
442;synthetic_refinery;3947.00;19.02;1245.00;2.51;0
443;air_base;3866.00;10.38;1100.00;2.43;0
443;anti_air_building;3862.00;10.20;1062.00;5.27;0
443;anti_air_building;3866.00;10.18;1098.00;2.60;0
443;anti_air_building;3874.00;9.80;1064.00;3.10;0
443;arms_factory;3857.00;9.88;1059.00;2.87;0
443;arms_factory;3863.00;9.70;1051.00;4.08;0
443;arms_factory;3889.00;9.73;1104.00;5.03;0
443;arms_factory;3890.00;9.68;1064.00;0.82;0
443;arms_factory;3902.00;9.70;1059.00;2.37;0
443;arms_factory;3908.00;9.68;1048.00;5.64;0
443;bunker;3855.00;9.85;1059.00;5.61;0
443;bunker;3862.00;10.23;1083.00;4.59;0
443;bunker;3871.00;9.85;1064.00;6.21;0
443;bunker;3872.00;9.70;1082.00;1.49;0
443;bunker;3876.00;9.95;1113.00;3.03;0
443;bunker;3881.00;9.70;1067.00;5.10;0
443;bunker;3885.00;9.70;1083.00;0.03;0
443;bunker;3886.00;9.65;1054.00;3.04;0
443;bunker;3895.00;9.70;1109.00;0.98;0
443;bunker;3902.00;9.75;1063.00;3.54;0
443;bunker;3910.00;9.70;1047.00;0.88;0
443;coastal_bunker;3851.00;9.50;1054.00;-1.05;0
443;coastal_bunker;3867.00;9.50;1036.00;-0.66;0
443;dockyard;3847.00;9.50;1055.00;-1.05;0
443;fuel_silo;3873.00;9.90;1107.00;1.04;0
443;industrial_complex;3874.00;9.70;1091.00;1.92;0
443;industrial_complex;3880.00;9.70;1080.00;4.59;0
443;industrial_complex;3881.00;9.65;1060.00;6.14;0
443;industrial_complex;3881.00;9.68;1068.00;3.48;0
443;industrial_complex;3882.00;9.75;1090.00;2.53;0
443;industrial_complex;3884.00;9.70;1082.00;5.54;0
443;naval_base;3856.00;9.50;1044.00;-1.05;2590
443;naval_base;3863.00;9.50;1036.00;-0.66;2590
443;nuclear_reactor;3908.00;9.80;1053.00;3.11;0
443;radar_station;3881.00;9.73;1077.00;2.36;0
443;rocket_site;3901.00;9.68;1058.00;5.27;0
443;synthetic_refinery;3883.00;9.78;1101.00;4.66;0
444;air_base;3847.00;12.85;1096.00;4.27;0
444;anti_air_building;3788.00;11.75;1126.00;3.23;0
444;anti_air_building;3789.00;13.28;1101.00;4.44;0
444;anti_air_building;3834.00;11.85;1086.00;2.27;0
444;arms_factory;3781.00;10.28;1066.00;5.31;0
444;arms_factory;3783.00;14.13;1118.00;3.25;0
444;arms_factory;3816.00;13.85;1132.00;3.76;0
444;arms_factory;3821.00;11.38;1072.00;0.58;0
444;arms_factory;3827.00;11.70;1079.00;1.19;0
444;arms_factory;3846.00;10.07;1067.00;1.09;0
444;bunker;3792.00;11.78;1079.00;4.27;0
444;bunker;3800.00;11.60;1114.00;1.77;0
444;bunker;3804.00;11.80;1130.00;5.98;0
444;bunker;3809.00;12.70;1121.00;0.65;0
444;bunker;3811.00;12.55;1095.00;2.72;0
444;bunker;3818.00;11.05;1068.00;3.32;0
444;bunker;3842.00;12.07;1083.00;1.26;0
444;bunker;3857.00;10.90;1075.00;3.93;0
444;coastal_bunker;3769.00;9.50;1060.00;-0.59;0
444;coastal_bunker;3807.00;9.50;1065.00;0.22;0
444;coastal_bunker;3844.00;9.73;1067.00;-0.62;0
444;dockyard;3848.00;9.50;1059.00;0.35;0
444;fuel_silo;3826.00;10.88;1072.00;1.97;0
444;industrial_complex;3787.00;11.60;1131.00;5.32;0
444;industrial_complex;3788.00;13.70;1110.00;0.14;0
444;industrial_complex;3810.00;9.70;1063.00;3.76;0
444;industrial_complex;3822.00;13.05;1092.00;1.70;0
444;industrial_complex;3829.00;14.40;1109.00;5.82;0
444;industrial_complex;3834.00;13.15;1121.00;5.93;0
444;naval_base;3784.00;9.50;1062.00;0.47;2967
444;naval_base;3810.00;9.50;1062.00;0.22;2967
444;naval_base;3848.00;9.50;1060.00;-1.25;2590
444;nuclear_reactor;3810.00;13.13;1129.00;0.72;0
444;radar_station;3778.00;10.65;1073.00;0.21;0
444;rocket_site;3807.00;12.73;1103.00;2.88;0
444;synthetic_refinery;3823.00;10.80;1069.00;4.94;0
445;air_base;3894.00;12.03;1134.00;5.87;0
445;anti_air_building;3866.00;14.30;1148.00;4.83;0
445;anti_air_building;3902.00;10.30;1122.00;1.21;0
445;anti_air_building;3902.00;10.50;1125.00;0.70;0
445;arms_factory;3846.00;14.35;1132.00;2.09;0
445;arms_factory;3846.00;14.53;1121.00;3.64;0
445;arms_factory;3849.00;15.23;1130.00;0.03;0
445;arms_factory;3863.00;13.00;1119.00;2.69;0
445;arms_factory;3875.00;16.43;1166.00;4.25;0
445;arms_factory;3886.00;10.55;1127.00;0.53;0
445;bunker;3846.00;14.25;1114.00;5.87;0
445;bunker;3848.00;14.00;1139.00;2.25;0
445;bunker;3868.00;11.55;1120.00;5.77;0
445;bunker;3871.00;12.55;1146.00;0.09;0
445;bunker;3874.00;16.27;1164.00;5.27;0
445;bunker;3897.00;9.90;1118.00;4.32;0
445;bunker;3897.00;14.18;1161.00;3.71;0
445;bunker;3901.00;12.20;1135.00;0.19;0
445;bunker;3912.00;13.15;1149.00;2.76;0
445;fuel_silo;3892.00;14.15;1158.00;5.43;0
445;industrial_complex;3858.00;15.13;1140.00;3.20;0
445;industrial_complex;3883.00;10.43;1125.00;3.80;0
445;industrial_complex;3885.00;10.45;1126.00;4.76;0
445;industrial_complex;3895.00;12.55;1138.00;2.59;0
445;industrial_complex;3897.00;12.53;1136.00;0.54;0
445;industrial_complex;3911.00;13.48;1150.00;0.63;0
445;nuclear_reactor;3874.00;16.45;1161.00;1.21;0
445;radar_station;3878.00;11.78;1143.00;5.25;0
445;rocket_site;3849.00;14.05;1113.00;4.48;0
445;synthetic_refinery;3897.00;15.23;1172.00;2.76;0
446;air_base;3286.00;9.68;1133.00;4.27;0
446;bunker;3281.00;9.78;1134.00;2.72;0
446;bunker;3282.00;9.85;1136.00;3.93;0
446;bunker;3288.00;9.70;1124.00;1.77;0
446;bunker;3288.00;9.80;1145.00;3.23;0
446;bunker;3289.00;9.65;1135.00;3.32;0
446;bunker;3293.00;10.10;1123.00;3.32;0
446;bunker;3298.00;10.15;1146.00;0.21;0
446;bunker;3298.00;10.63;1127.00;3.83;0
446;bunker;3307.00;11.10;1136.00;5.99;0
446;fuel_silo;3281.00;9.82;1135.00;1.93;0
446;industrial_complex;3280.00;10.03;1137.00;4.37;0
446;industrial_complex;3282.00;9.80;1123.00;0.05;0
446;industrial_complex;3287.00;9.90;1141.00;2.21;0
446;industrial_complex;3293.00;9.93;1126.00;4.27;0
446;industrial_complex;3297.00;9.75;1149.00;0.14;0
446;industrial_complex;3298.00;10.18;1136.00;1.26;0
446;nuclear_reactor;3299.00;10.55;1135.00;3.99;0
446;radar_station;3286.00;9.85;1138.00;3.99;0
446;rocket_site;3303.00;11.23;1130.00;2.78;0
447;air_base;3289.00;9.70;1166.00;2.35;0
447;bunker;3263.00;9.70;1149.00;0.80;0
447;bunker;3264.00;9.70;1153.00;2.51;0
447;bunker;3276.00;9.70;1157.00;3.47;0
447;bunker;3285.00;9.70;1162.00;4.07;0
447;bunker;3287.00;9.70;1163.00;6.13;0
447;bunker;3293.00;9.70;1155.00;1.41;0
447;bunker;3296.00;9.70;1163.00;5.54;0
447;coastal_bunker;3258.00;9.60;1157.00;-3.31;0
447;coastal_bunker;3267.00;9.53;1159.00;-2.68;0
447;coastal_bunker;3280.00;9.50;1167.00;-2.82;0
447;coastal_bunker;3290.00;9.53;1168.00;-2.90;0
447;coastal_bunker;3302.00;9.55;1167.00;-3.93;0
447;dockyard;3276.00;9.57;1164.00;-2.82;0
447;naval_base;3255.00;9.68;1158.00;-3.31;6011
447;naval_base;3265.00;9.53;1158.00;-2.68;6011
447;naval_base;3280.00;9.50;1167.00;-2.82;6011
447;naval_base;3285.00;9.53;1168.00;-2.90;6011
447;naval_base;3300.00;9.50;1168.00;-3.93;803
447;nuclear_reactor;3274.00;9.70;1156.00;3.54;0
447;radar_station;3278.00;9.70;1152.00;1.65;0
447;rocket_site;3284.00;9.70;1155.00;5.70;0
447;synthetic_refinery;3274.00;9.70;1157.00;0.01;0
448;air_base;3000.00;10.98;1186.00;5.98;0
448;anti_air_building;2992.00;9.70;1191.00;0.89;0
448;anti_air_building;3024.00;11.68;1187.00;0.38;0
448;anti_air_building;3025.00;12.80;1177.00;4.51;0
448;arms_factory;2996.00;9.95;1188.00;5.82;0
448;arms_factory;3007.00;12.53;1178.00;5.93;0
448;arms_factory;3014.00;11.55;1182.00;4.27;0
448;arms_factory;3032.00;9.93;1183.00;0.14;0
448;arms_factory;3033.00;11.65;1173.00;4.37;0
448;arms_factory;3037.00;9.82;1181.00;3.76;0
448;bunker;2969.00;10.50;1161.00;0.43;0
448;bunker;2992.00;10.98;1149.00;3.69;0
448;bunker;2995.00;9.73;1190.00;0.72;0
448;bunker;2998.00;10.90;1168.00;0.08;0
448;bunker;3001.00;10.68;1190.00;0.21;0
448;bunker;3013.00;10.95;1159.00;3.69;0
448;bunker;3013.00;11.53;1181.00;1.93;0
448;bunker;3015.00;11.23;1176.00;1.02;0
448;bunker;3017.00;12.45;1182.00;4.44;0
448;bunker;3029.00;10.90;1182.00;2.88;0
448;bunker;3031.00;11.32;1178.00;4.94;0
448;bunker;3031.00;12.25;1165.00;4.64;0
448;bunker;3037.00;10.60;1140.00;5.76;0
448;bunker;3040.00;9.75;1181.00;3.23;0
448;bunker;3040.00;9.93;1156.00;1.03;0
448;bunker;3044.00;10.68;1169.00;2.27;0
448;bunker;3049.00;9.93;1147.00;1.63;0
448;bunker;3059.00;9.90;1155.00;2.65;0
448;bunker;3061.00;10.00;1153.00;5.32;0
448;bunker;3072.00;10.18;1144.00;5.82;0
448;bunker;3077.00;9.95;1150.00;5.92;0
448;bunker;3080.00;9.98;1136.00;0.59;0
448;bunker;3085.00;9.88;1150.00;4.71;0
448;bunker;3097.00;9.60;1148.00;1.70;0
448;bunker;3099.00;9.88;1130.00;5.68;0
448;coastal_bunker;2992.00;9.68;1195.00;-3.14;0
448;coastal_bunker;3001.00;10.13;1191.00;-3.27;0
448;coastal_bunker;3015.00;10.10;1192.00;-3.61;0
448;coastal_bunker;3021.00;10.20;1191.00;-3.28;0
448;coastal_bunker;3029.00;9.60;1188.00;-3.34;0
448;coastal_bunker;3040.00;9.55;1185.00;-3.68;0
448;coastal_bunker;3048.00;10.55;1169.00;-3.61;0
448;coastal_bunker;3061.00;9.60;1164.00;-3.68;0
448;coastal_bunker;3066.00;9.60;1164.00;-3.03;0
448;coastal_bunker;3074.00;9.60;1161.00;-3.42;0
448;coastal_bunker;3087.00;9.60;1157.00;-3.55;0
448;coastal_bunker;3100.00;9.60;1148.00;-3.61;0
448;dockyard;3025.00;9.93;1190.00;-3.34;0
448;fuel_silo;3044.00;10.10;1174.00;0.42;0
448;industrial_complex;2993.00;9.78;1186.00;0.65;0
448;industrial_complex;3000.00;10.93;1187.00;1.26;0
448;industrial_complex;3008.00;9.90;1191.00;3.32;0
448;industrial_complex;3016.00;11.93;1184.00;4.27;0
448;industrial_complex;3026.00;12.70;1175.00;2.21;0
448;industrial_complex;3045.00;10.50;1162.00;0.05;0
448;naval_base;2993.00;9.68;1194.00;-3.14;5631
448;naval_base;3004.00;10.15;1191.00;-3.27;5631
448;naval_base;3010.00;9.60;1192.00;-3.00;5631
448;naval_base;3019.00;10.20;1191.00;-3.28;5733
448;naval_base;3034.00;9.53;1186.00;-3.34;5733
448;naval_base;3044.46;9.60;1181.57;-4.18;5733
448;naval_base;3048.97;10.40;1168.68;-4.01;5733
448;naval_base;3058.31;9.50;1163.82;-3.28;5733
448;naval_base;3067.00;9.60;1163.00;-3.50;9049
448;naval_base;3081.00;9.60;1160.00;-3.42;9049
448;naval_base;3088.00;9.60;1156.00;-3.55;9049
448;naval_base;3098.49;9.40;1148.62;-3.61;9049
448;nuclear_reactor;3002.00;12.73;1179.00;0.79;0
448;radar_station;3017.00;12.38;1179.00;0.28;0
448;rocket_site;3040.00;9.70;1178.00;2.95;0
448;synthetic_refinery;3001.00;10.68;1190.00;3.90;0
449;air_base;1814.00;10.03;208.00;3.55;0
449;anti_air_building;1756.00;10.90;250.00;0.95;0
449;anti_air_building;1762.00;10.43;248.00;5.18;0
449;anti_air_building;1815.00;9.80;262.00;2.51;0
449;arms_factory;1751.00;10.80;245.00;1.33;0
449;arms_factory;1755.00;10.78;255.00;6.05;0
449;arms_factory;1762.00;10.45;262.00;3.99;0
449;arms_factory;1775.00;10.65;251.00;3.39;0
449;arms_factory;1814.00;9.80;237.00;1.83;0
449;arms_factory;1815.00;9.80;265.00;3.39;0
449;bunker;1755.00;11.03;252.00;5.52;0
449;bunker;1759.00;10.80;266.00;2.51;0
449;bunker;1778.00;10.07;224.00;4.06;0
449;bunker;1780.00;9.90;218.00;5.61;0
449;bunker;1783.00;10.60;260.00;5.01;0
449;bunker;1787.00;10.48;244.00;3.46;0
449;bunker;1788.00;10.18;236.00;6.12;0
449;bunker;1789.00;10.53;285.00;0.28;0
449;bunker;1792.00;9.78;219.00;1.99;0
449;bunker;1797.00;10.25;262.00;0.45;0
449;bunker;1805.00;9.95;227.00;2.95;0
449;bunker;1810.00;9.70;243.00;0.79;0
449;bunker;1810.00;9.82;266.00;4.57;0
449;bunker;1814.00;9.73;200.00;6.22;0
449;fuel_silo;1766.00;10.57;225.00;5.68;0
449;industrial_complex;1758.00;10.68;249.00;6.06;0
449;industrial_complex;1763.00;10.35;237.00;2.44;0
449;industrial_complex;1769.00;10.13;266.00;4.50;0
449;industrial_complex;1769.00;10.20;226.00;0.28;0
449;industrial_complex;1777.00;10.18;240.00;2.34;0
449;industrial_complex;1802.00;10.23;274.00;1.83;0
449;nuclear_reactor;1796.00;10.53;286.00;0.01;0
449;radar_station;1779.00;10.50;248.00;0.41;0
449;rocket_site;1809.00;10.07;223.00;5.08;0
449;synthetic_refinery;1808.00;9.82;275.00;3.02;0
450;air_base;3121.00;10.23;1174.00;4.37;0
450;anti_air_building;3119.00;9.85;1177.00;4.88;0
450;anti_air_building;3120.00;10.00;1173.00;2.21;0
450;anti_air_building;3123.00;10.85;1174.00;0.15;0
450;arms_factory;3120.00;9.95;1172.00;2.65;0
450;arms_factory;3120.00;10.05;1176.00;5.92;0
450;arms_factory;3122.00;10.48;1177.00;4.71;0
450;arms_factory;3123.00;10.73;1173.00;0.59;0
450;arms_factory;3124.00;11.43;1177.00;5.32;0
450;arms_factory;3125.00;12.15;1175.00;4.20;0
450;bunker;3120.55;10.10;1177.55;0.21;0
450;coastal_bunker;3117.00;9.50;1173.00;-1.82;0
450;dockyard;3121.00;9.50;1182.00;-1.82;0
450;fuel_silo;3121.00;10.23;1177.00;0.65;0
450;industrial_complex;3118.00;9.73;1173.00;0.14;0
450;industrial_complex;3119.00;9.93;1175.00;1.70;0
450;industrial_complex;3120.00;10.05;1174.00;3.76;0
450;industrial_complex;3122.00;10.30;1172.00;5.82;0
450;industrial_complex;3124.00;11.53;1176.00;3.16;0
450;industrial_complex;3125.00;12.07;1177.00;1.10;0
450;naval_base;3117.30;9.60;1174.53;-1.62;9049
450;nuclear_reactor;3120.00;10.05;1178.00;0.38;0
450;radar_station;3122.00;10.50;1176.00;1.82;0
450;rocket_site;3119.00;9.82;1172.00;4.88;0
450;synthetic_refinery;3121.00;10.03;1171.00;2.81;0
451;air_base;3179.00;11.40;1178.00;4.80;0
451;anti_air_building;3128.00;11.00;1167.00;4.81;0
451;anti_air_building;3135.00;13.07;1176.00;2.65;0
451;anti_air_building;3191.00;11.38;1172.00;4.70;0
451;arms_factory;3127.00;10.40;1183.00;4.64;0
451;arms_factory;3129.00;12.90;1171.00;5.74;0
451;arms_factory;3140.00;11.50;1172.00;5.84;0
451;arms_factory;3143.00;11.60;1181.00;2.58;0
451;arms_factory;3144.00;11.32;1188.00;5.24;0
451;arms_factory;3145.00;11.57;1182.00;1.62;0
451;bunker;3119.00;10.20;1152.00;2.74;0
451;bunker;3122.00;9.95;1167.00;5.82;0
451;bunker;3126.00;10.48;1182.00;2.65;0
451;bunker;3132.00;10.20;1164.00;1.10;0
451;bunker;3135.00;9.80;1188.00;4.94;0
451;bunker;3138.00;12.63;1175.00;1.70;0
451;bunker;3142.00;11.73;1178.00;5.32;0
451;bunker;3146.00;9.85;1193.00;3.99;0
451;bunker;3152.00;10.63;1188.00;5.16;0
451;bunker;3157.00;10.20;1184.00;0.09;0
451;bunker;3167.99;10.50;1179.85;6.06;0
451;bunker;3176.74;11.60;1174.24;1.83;0
451;bunker;3184.71;11.20;1173.12;3.39;0
451;bunker;3192.03;11.60;1172.74;2.44;0
451;coastal_bunker;3117.00;9.80;1153.00;-1.82;0
451;coastal_bunker;3120.00;9.53;1167.00;-1.57;0
451;coastal_bunker;3124.00;9.50;1185.00;-2.68;0
451;coastal_bunker;3130.00;9.50;1189.00;-3.14;0
451;coastal_bunker;3142.00;9.80;1192.00;-3.14;0
451;coastal_bunker;3158.00;9.65;1191.00;-4.25;0
451;coastal_bunker;3163.00;9.68;1189.00;-3.82;0
451;coastal_bunker;3167.00;9.85;1183.00;-3.61;0
451;coastal_bunker;3179.00;10.93;1179.00;-3.39;0
451;coastal_bunker;3189.00;10.20;1177.00;-3.39;0
451;coastal_bunker;3195.00;9.98;1177.00;-3.61;0
451;dockyard;3181.00;10.75;1178.00;-3.39;0
451;fuel_silo;3140.00;9.88;1190.00;2.48;0
451;industrial_complex;3126.00;10.30;1183.00;1.02;0
451;industrial_complex;3129.00;12.90;1171.00;2.13;0
451;industrial_complex;3132.00;13.00;1173.00;5.15;0
451;industrial_complex;3143.00;11.13;1188.00;3.09;0
451;industrial_complex;3189.00;10.32;1170.00;0.07;0
451;industrial_complex;3191.00;11.38;1172.00;5.75;0
451;naval_base;3118.32;9.60;1155.80;-2.12;9049
451;naval_base;3120.00;9.50;1166.00;-1.57;9049
451;naval_base;3124.00;9.50;1185.00;-2.68;20
451;naval_base;3133.00;9.50;1191.00;-3.14;20
451;naval_base;3146.00;9.73;1194.00;-3.14;20
451;naval_base;3155.00;9.70;1192.00;-3.31;20
451;naval_base;3160.00;9.70;1190.00;-3.82;5961
451;naval_base;3169.00;10.00;1181.00;-3.61;5961
451;naval_base;3176.00;10.32;1180.00;-3.39;5961
451;naval_base;3184.00;10.53;1177.00;-3.39;5961
451;naval_base;3192.00;10.38;1177.00;-3.61;5961
451;nuclear_reactor;3169.00;10.57;1179.00;1.40;0
451;radar_station;3191.00;11.68;1174.00;3.46;0
451;rocket_site;3123.00;9.80;1158.00;1.69;0
451;synthetic_refinery;3184.00;10.05;1170.00;5.31;0
452;air_base;3219.00;10.00;1160.00;5.02;0
452;anti_air_building;3205.00;10.00;1163.00;0.52;0
452;anti_air_building;3221.00;9.90;1148.00;1.48;0
452;anti_air_building;3243.00;9.65;1151.00;5.60;0
452;arms_factory;3196.00;9.70;1139.00;3.76;0
452;arms_factory;3198.00;9.70;1135.00;2.65;0
452;arms_factory;3210.00;9.80;1137.00;5.32;0
452;arms_factory;3218.00;10.00;1144.00;5.82;0
452;arms_factory;3226.00;9.95;1155.00;1.70;0
452;arms_factory;3244.00;9.70;1160.00;1.10;0
452;bunker;3200.58;10.00;1155.64;0.97;0
452;bunker;3201.00;9.80;1146.00;0.65;0
452;bunker;3203.00;9.70;1130.00;2.81;0
452;bunker;3205.00;9.70;1167.00;5.69;0
452;bunker;3209.67;10.00;1150.71;2.42;0
452;bunker;3213.09;10.00;1164.55;2.51;0
452;bunker;3220.00;9.95;1144.00;3.03;0
452;bunker;3225.60;10.00;1162.25;4.58;0
452;bunker;3236.64;10.00;1157.72;5.54;0
452;bunker;3247.31;9.80;1155.34;0.46;0
452;coastal_bunker;3198.00;10.65;1170.00;-2.68;0
452;coastal_bunker;3215.00;9.60;1169.00;-3.46;0
452;coastal_bunker;3229.00;9.53;1167.00;-3.66;0
452;coastal_bunker;3234.00;9.68;1163.00;-3.84;0
452;coastal_bunker;3252.00;9.60;1160.00;-3.79;0
452;dockyard;3238.00;9.55;1163.00;-3.84;0
452;fuel_silo;3239.00;9.90;1158.00;0.32;0
452;industrial_complex;3208.00;10.00;1163.00;0.14;0
452;industrial_complex;3215.00;9.90;1165.00;0.15;0
452;industrial_complex;3216.00;10.00;1149.00;4.88;0
452;industrial_complex;3218.00;10.00;1146.00;4.37;0
452;industrial_complex;3226.00;10.00;1156.00;2.21;0
452;industrial_complex;3227.00;10.00;1157.00;3.16;0
452;naval_base;3198.00;10.65;1170.00;-2.68;5961
452;naval_base;3209.00;9.55;1170.00;-3.46;5985
452;naval_base;3222.00;9.55;1168.00;-3.66;5985
452;naval_base;3236.00;9.55;1163.00;-3.84;5985
452;naval_base;3249.00;9.55;1161.00;-3.36;5985
452;nuclear_reactor;3247.00;9.80;1155.00;5.25;0
452;radar_station;3218.00;10.10;1154.00;5.23;0
452;rocket_site;3220.00;9.95;1147.00;2.59;0
452;synthetic_refinery;3209.00;10.00;1153.00;4.65;0
453;air_base;3333.00;11.53;1136.00;3.39;0
453;anti_air_building;3321.00;9.70;1160.00;5.52;0
453;anti_air_building;3332.00;10.55;1145.00;4.57;0
453;anti_air_building;3335.00;9.73;1112.00;0.45;0
453;arms_factory;3319.00;9.80;1149.00;3.23;0
453;arms_factory;3322.00;9.80;1157.00;4.94;0
453;arms_factory;3322.00;10.32;1137.00;2.88;0
453;arms_factory;3323.00;9.82;1157.00;4.44;0
453;arms_factory;3332.00;11.70;1135.00;2.27;0
453;arms_factory;3337.00;9.70;1109.00;0.21;0
453;bunker;3324.00;10.03;1155.00;0.28;0
453;bunker;3324.00;10.73;1135.00;3.90;0
453;bunker;3325.00;10.82;1146.00;2.95;0
453;bunker;3336.00;11.57;1117.00;0.89;0
453;bunker;3337.00;10.03;1159.00;0.89;0
453;bunker;3339.00;12.00;1133.00;5.01;0
453;bunker;3348.00;11.35;1138.00;0.79;0
453;coastal_bunker;3317.00;9.50;1135.00;-1.19;0
453;coastal_bunker;3326.00;9.60;1161.00;-3.31;0
453;coastal_bunker;3338.00;9.50;1164.00;-2.98;0
453;coastal_bunker;3343.00;9.88;1116.00;0.00;0
453;coastal_bunker;3345.00;9.80;1121.00;0.98;0
453;dockyard;3347.00;9.85;1129.00;0.98;0
453;fuel_silo;3330.00;9.98;1120.00;3.97;0
453;industrial_complex;3321.00;9.80;1158.00;1.83;0
453;industrial_complex;3328.00;9.78;1159.00;4.94;0
453;industrial_complex;3332.00;11.85;1130.00;3.99;0
453;industrial_complex;3336.00;9.68;1109.00;0.72;0
453;industrial_complex;3337.00;11.38;1136.00;2.78;0
453;industrial_complex;3338.00;11.32;1136.00;1.93;0
453;naval_base;3323.00;9.50;1127.00;-1.19;5388
453;naval_base;3324.00;9.60;1161.00;-3.31;803
453;naval_base;3330.00;9.50;1114.00;0.00;5388
453;naval_base;3339.00;9.65;1164.00;-2.98;6219
453;naval_base;3346.00;9.88;1125.00;0.98;5388
453;nuclear_reactor;3320.00;9.68;1133.00;4.57;0
453;radar_station;3333.00;11.65;1135.00;4.72;0
453;rocket_site;3326.00;9.70;1122.00;3.02;0
453;synthetic_refinery;3333.00;9.68;1112.00;6.13;0
454;bunker;3352.00;10.73;1165.00;1.32;0
454;nuclear_reactor;3357.00;10.48;1166.00;2.34;0
455;air_base;3369.00;11.93;1145.00;1.99;0
455;anti_air_building;3365.00;11.73;1154.00;0.45;0
455;anti_air_building;3367.00;12.07;1153.00;0.95;0
455;anti_air_building;3367.00;12.10;1147.00;4.57;0
455;arms_factory;3357.00;10.43;1146.00;3.39;0
455;arms_factory;3367.00;10.50;1177.00;2.44;0
455;arms_factory;3375.00;11.18;1184.00;0.28;0
455;arms_factory;3375.00;11.63;1164.00;1.83;0
455;arms_factory;3385.00;12.93;1185.00;1.83;0
455;arms_factory;3386.00;12.85;1184.00;6.06;0
455;bunker;3360.00;9.90;1154.00;6.22;0
455;bunker;3361.00;9.53;1159.00;6.12;0
455;bunker;3363.00;10.03;1185.00;3.46;0
455;bunker;3367.00;10.57;1178.00;4.06;0
455;bunker;3371.00;11.85;1153.00;5.01;0
455;bunker;3375.00;11.10;1182.00;0.79;0
455;bunker;3378.00;11.38;1174.00;5.52;0
455;bunker;3381.00;11.75;1177.00;2.51;0
455;coastal_bunker;3352.00;9.50;1133.00;-0.55;0
455;dockyard;3352.00;9.50;1134.00;-0.55;0
455;fuel_silo;3364.00;9.70;1172.00;5.18;0
455;industrial_complex;3359.00;9.80;1155.00;2.34;0
455;industrial_complex;3362.00;10.23;1181.00;2.95;0
455;industrial_complex;3364.00;10.55;1157.00;0.28;0
455;industrial_complex;3365.00;11.38;1156.00;5.61;0
455;industrial_complex;3370.00;11.35;1169.00;3.55;0
455;industrial_complex;3377.00;11.50;1169.00;4.50;0
455;naval_base;3352.00;9.50;1134.00;-0.55;5388
455;nuclear_reactor;3370.00;11.90;1143.00;0.96;0
455;radar_station;3371.00;11.60;1162.00;1.18;0
455;rocket_site;3378.00;11.50;1171.00;5.68;0
455;synthetic_refinery;3366.00;10.30;1180.00;2.51;0
456;air_base;3315.00;10.55;1053.00;4.94;0
456;anti_air_building;3312.00;10.53;1012.00;4.37;0
456;anti_air_building;3316.00;10.93;1043.00;0.05;0
456;anti_air_building;3325.00;10.07;1058.00;2.21;0
456;bunker;3291.00;10.20;1011.00;4.51;0
456;bunker;3310.00;10.95;1065.00;1.83;0
456;bunker;3312.00;12.03;1045.00;2.78;0
456;bunker;3318.00;10.13;1068.00;2.95;0
456;bunker;3320.00;10.15;1042.00;3.39;0
456;bunker;3321.00;9.95;1055.00;0.38;0
456;bunker;3326.00;10.13;1026.00;0.79;0
456;nuclear_reactor;3324.00;10.20;1018.00;1.40;0
456;radar_station;3325.00;10.10;1059.00;3.46;0
456;rocket_site;3325.00;10.20;1041.00;4.67;0
456;synthetic_refinery;3319.00;10.13;1031.00;5.62;0
457;air_base;3345.00;10.95;1017.00;3.99;0
457;anti_air_building;3325.00;10.45;1105.00;3.97;0
457;anti_air_building;3327.00;11.73;1081.00;4.57;0
457;anti_air_building;3350.00;12.28;1042.00;6.13;0
457;arms_factory;3304.00;11.03;1109.00;2.27;0
457;arms_factory;3315.00;12.30;1111.00;4.94;0
457;arms_factory;3323.00;12.07;1095.00;0.21;0
457;arms_factory;3333.00;10.60;1031.00;4.44;0
457;arms_factory;3343.00;11.15;1027.00;3.83;0
457;arms_factory;3352.00;12.03;1024.00;3.23;0
457;bunker;3353.00;11.98;1039.00;2.95;0
457;coastal_bunker;3357.00;10.45;1044.00;-4.07;0
457;dockyard;3324.00;9.65;1111.00;-4.39;0
457;fuel_silo;3313.00;12.15;1110.00;5.15;0
457;industrial_complex;3307.00;11.20;1124.00;0.21;0
457;industrial_complex;3307.00;12.05;1117.00;2.78;0
457;industrial_complex;3331.00;11.45;1066.00;0.72;0
457;industrial_complex;3332.00;12.30;1078.00;1.93;0
457;industrial_complex;3333.00;10.45;1038.00;4.94;0
457;industrial_complex;3340.00;10.40;1013.00;2.88;0
457;naval_base;3357.00;10.45;1044.00;-4.07;2825
457;nuclear_reactor;3354.00;13.13;1026.00;0.96;0
457;radar_station;3314.00;12.78;1107.00;3.02;0
457;rocket_site;3329.00;10.95;1096.00;4.57;0
457;synthetic_refinery;3334.00;11.10;1062.00;5.18;0
458;air_base;2947.00;10.43;1257.00;3.39;0
458;anti_air_building;2940.00;10.70;1260.00;0.96;0
458;anti_air_building;2946.00;12.55;1249.00;3.63;0
458;anti_air_building;2967.00;10.35;1254.00;4.57;0
458;arms_factory;2951.00;9.70;1270.00;4.94;0
458;arms_factory;2952.00;12.03;1254.00;2.27;0
458;arms_factory;2963.00;11.70;1248.00;4.44;0
458;arms_factory;2966.00;10.45;1257.00;3.23;0
458;arms_factory;2969.00;10.00;1235.00;0.21;0
458;arms_factory;2971.00;10.05;1236.00;2.88;0
458;bunker;2942.80;10.60;1261.13;3.90;0
458;bunker;2943.00;14.93;1240.00;5.62;0
458;bunker;2948.00;11.45;1252.00;3.46;0
458;bunker;2954.00;10.35;1267.00;0.28;0
458;bunker;2954.32;13.30;1246.02;0.79;0
458;bunker;2956.00;10.90;1228.00;4.06;0
458;bunker;2957.98;11.80;1255.27;0.89;0
458;bunker;2962.00;10.65;1262.00;4.67;0
458;bunker;2963.69;10.00;1235.21;5.01;0
458;bunker;2969.06;10.20;1227.43;1.39;0
458;bunker;2973.05;9.80;1241.60;2.95;0
458;bunker;2975.00;9.70;1264.00;1.40;0
458;coastal_bunker;2945.00;9.60;1267.00;-3.14;0
458;coastal_bunker;2959.00;9.50;1273.00;-3.42;0
458;coastal_bunker;2962.00;9.50;1272.00;-3.34;0
458;coastal_bunker;2969.00;9.68;1251.00;-4.39;0
458;coastal_bunker;2970.00;9.53;1263.00;-3.52;0
458;coastal_bunker;2978.00;9.65;1236.00;-3.93;0
458;dockyard;2967.00;9.53;1263.00;-3.34;0
458;fuel_silo;2940.00;11.55;1249.00;2.99;0
458;industrial_complex;2942.00;10.98;1255.00;2.78;0
458;industrial_complex;2953.00;12.43;1253.00;1.93;0
458;industrial_complex;2956.00;10.30;1268.00;4.94;0
458;industrial_complex;2960.00;10.50;1230.00;3.99;0
458;industrial_complex;2971.00;9.90;1241.00;0.72;0
458;industrial_complex;2973.00;9.85;1239.00;1.83;0
458;naval_base;2942.00;9.53;1267.00;-3.14;8941
458;naval_base;2958.00;9.50;1274.00;-3.42;5605
458;naval_base;2965.40;9.60;1266.79;-4.04;5605
458;naval_base;2968.00;9.50;1222.00;0.98;5631
458;naval_base;2969.00;9.82;1249.00;-4.39;9013
458;naval_base;2975.00;9.53;1261.00;0.98;9013
458;nuclear_reactor;2943.00;10.60;1258.00;3.52;0
458;radar_station;2947.00;14.15;1244.00;3.02;0
458;rocket_site;2976.00;9.68;1266.00;5.69;0
458;synthetic_refinery;2968.00;10.23;1243.00;1.46;0
459;air_base;2832.00;9.90;1258.00;2.44;0
459;anti_air_building;2835.00;13.00;1245.00;0.30;0
459;anti_air_building;2845.00;12.98;1246.00;3.56;0
459;anti_air_building;2863.00;12.48;1249.00;2.96;0
459;arms_factory;2845.00;12.30;1256.00;4.95;0
459;arms_factory;2853.00;12.20;1244.00;6.06;0
459;arms_factory;2855.00;12.53;1251.00;5.55;0
459;arms_factory;2857.00;10.35;1260.00;3.39;0
459;arms_factory;2858.00;12.57;1252.00;1.33;0
459;arms_factory;2867.00;11.57;1242.00;4.35;0
459;bunker;2833.00;13.00;1248.00;5.01;0
459;bunker;2843.00;12.48;1237.00;0.29;0
459;bunker;2848.00;12.30;1255.00;3.46;0
459;bunker;2849.00;12.73;1244.00;4.06;0
459;bunker;2858.00;12.03;1242.00;1.85;0
459;bunker;2864.00;10.80;1260.00;5.52;0
459;bunker;2864.46;12.60;1250.10;0.79;0
459;bunker;2866.00;12.15;1238.00;4.51;0
459;bunker;2879.00;12.20;1230.00;2.35;0
459;coastal_bunker;2832.00;9.57;1259.00;-3.14;0
459;coastal_bunker;2855.00;9.55;1263.00;-3.52;0
459;coastal_bunker;2866.00;9.53;1266.00;-3.14;0
459;dockyard;2834.00;9.75;1259.00;-3.14;0
459;fuel_silo;2831.00;10.60;1254.00;4.20;0
459;industrial_complex;2831.00;9.82;1258.00;1.84;0
459;industrial_complex;2833.00;12.13;1249.00;4.00;0
459;industrial_complex;2843.00;12.48;1237.00;6.06;0
459;industrial_complex;2852.00;12.43;1248.00;4.86;0
459;industrial_complex;2857.00;12.25;1237.00;3.91;0
459;industrial_complex;2868.00;10.03;1264.00;2.80;0
459;naval_base;2830.00;9.55;1259.00;-3.14;8819
459;naval_base;2850.00;9.50;1262.00;-1.95;8819
459;naval_base;2868.00;9.88;1265.00;-3.14;5479
459;nuclear_reactor;2863.00;10.75;1260.00;1.47;0
459;radar_station;2852.00;12.13;1243.00;3.41;0
459;rocket_site;2854.00;9.70;1262.00;3.63;0
459;synthetic_refinery;2834.00;13.07;1249.00;5.69;0
460;air_base;2896.00;14.63;1257.00;2.89;0
460;anti_air_building;2882.00;14.07;1251.00;6.13;0
460;anti_air_building;2905.00;12.98;1260.00;1.41;0
460;anti_air_building;2913.00;12.50;1253.00;3.47;0
460;arms_factory;2888.00;14.40;1250.00;6.00;0
460;arms_factory;2894.00;10.45;1261.00;2.73;0
460;arms_factory;2903.00;13.60;1257.00;1.78;0
460;arms_factory;2918.00;10.40;1261.00;3.84;0
460;arms_factory;2918.00;12.73;1255.00;3.93;0
460;arms_factory;2920.00;9.70;1264.00;4.79;0
460;bunker;2876.00;13.50;1254.00;4.51;0
460;bunker;2880.00;12.78;1256.00;0.30;0
460;bunker;2883.00;12.23;1257.00;6.07;0
460;bunker;2895.00;14.60;1252.00;3.91;0
460;bunker;2906.00;11.28;1265.00;1.85;0
460;bunker;2910.00;12.07;1258.00;3.41;0
460;bunker;2923.00;9.70;1265.00;2.45;0
460;bunker;2927.00;13.18;1250.00;5.47;0
460;bunker;2930.00;10.80;1259.00;2.36;0
460;coastal_bunker;2882.00;9.65;1265.00;-3.82;0
460;coastal_bunker;2894.00;9.78;1263.00;-3.52;0
460;coastal_bunker;2909.00;10.38;1267.00;-3.14;0
460;coastal_bunker;2914.00;9.68;1265.00;-3.14;0
460;coastal_bunker;2923.00;9.53;1268.00;-3.14;0
460;coastal_bunker;2933.00;9.53;1266.00;-3.73;0
460;dockyard;2900.00;9.60;1265.00;-3.14;0
460;fuel_silo;2902.00;13.45;1258.00;0.46;0
460;industrial_complex;2872.00;13.88;1251.00;2.29;0
460;industrial_complex;2880.00;12.07;1259.00;0.22;0
460;industrial_complex;2894.00;14.73;1255.00;3.24;0
460;industrial_complex;2895.00;11.82;1260.00;4.95;0
460;industrial_complex;2906.00;11.05;1266.00;4.45;0
460;industrial_complex;2916.00;12.28;1256.00;0.23;0
460;naval_base;2884.00;9.60;1264.00;-3.82;5531
460;naval_base;2887.00;9.73;1261.00;-3.52;5531
460;naval_base;2895.00;9.50;1264.00;-3.14;5531
460;naval_base;2913.00;9.93;1265.00;-3.14;5531
460;naval_base;2920.00;9.57;1267.00;-3.14;8941
460;naval_base;2929.00;9.55;1265.00;-3.73;8941
460;nuclear_reactor;2934.00;9.70;1263.00;3.98;0
460;radar_station;2904.00;13.28;1258.00;1.61;0
460;rocket_site;2915.00;10.18;1262.00;6.14;0
460;synthetic_refinery;2908.00;12.68;1258.00;5.54;0
461;air_base;2725.00;11.40;1225.00;0.89;0
461;anti_air_building;2667.00;10.90;1177.00;2.07;0
461;anti_air_building;2694.00;12.60;1194.00;4.13;0
461;anti_air_building;2707.00;12.90;1212.00;0.52;0
461;arms_factory;2671.00;10.13;1189.00;1.93;0
461;arms_factory;2703.00;14.00;1201.00;2.78;0
461;arms_factory;2716.00;11.65;1215.00;3.99;0
461;arms_factory;2748.00;14.68;1205.00;0.72;0
461;arms_factory;2772.00;10.65;1231.00;4.94;0
461;arms_factory;2773.00;14.38;1205.00;1.83;0
461;bunker;2676.00;9.80;1199.00;4.67;0
461;bunker;2687.00;11.75;1198.00;5.62;0
461;bunker;2694.00;13.60;1184.00;1.39;0
461;bunker;2696.00;9.82;1208.00;6.13;0
461;bunker;2698.00;12.98;1191.00;0.45;0
461;bunker;2707.00;12.98;1195.00;4.57;0
461;bunker;2709.00;13.25;1204.00;3.02;0
461;bunker;2713.00;10.70;1229.00;3.46;0
461;bunker;2715.00;11.98;1214.00;4.57;0
461;bunker;2723.00;15.78;1197.00;3.97;0
461;bunker;2725.00;11.60;1222.00;3.63;0
461;bunker;2736.00;14.60;1211.00;4.06;0
461;bunker;2737.00;11.18;1222.00;0.96;0
461;bunker;2747.00;15.98;1208.00;5.01;0
461;bunker;2753.00;13.07;1212.00;1.40;0
461;bunker;2773.00;14.05;1210.00;5.52;0
461;bunker;2775.00;13.40;1222.00;5.18;0
461;coastal_bunker;2666.00;9.50;1192.00;-2.25;0
461;coastal_bunker;2682.00;9.50;1204.00;-2.03;0
461;coastal_bunker;2696.00;9.53;1211.00;-2.21;0
461;coastal_bunker;2706.00;9.65;1224.00;-1.95;0
461;coastal_bunker;2771.00;9.60;1233.00;-3.14;0
461;dockyard;2701.00;9.50;1217.00;-2.21;0
461;fuel_silo;2676.00;10.68;1178.00;3.60;0
461;industrial_complex;2707.00;12.80;1191.00;5.45;0
461;industrial_complex;2712.00;12.68;1196.00;0.38;0
461;industrial_complex;2720.00;13.98;1200.00;6.06;0
461;industrial_complex;2721.00;13.68;1207.00;4.51;0
461;industrial_complex;2733.00;17.10;1204.00;2.44;0
461;industrial_complex;2772.00;14.05;1210.00;3.39;0
461;naval_base;2669.00;9.53;1194.00;-2.25;8937
461;naval_base;2684.00;9.50;1205.00;-2.63;8937
461;naval_base;2700.02;9.50;1214.66;-2.21;2400
461;naval_base;2709.00;9.50;1231.00;-1.95;2400
461;naval_base;2771.00;9.60;1233.00;-3.39;8793
461;nuclear_reactor;2723.00;11.15;1225.00;1.98;0
461;radar_station;2711.00;12.70;1196.00;2.58;0
461;rocket_site;2719.00;14.28;1204.00;5.25;0
461;synthetic_refinery;2705.00;12.68;1191.00;6.20;0
462;air_base;2672.00;11.98;1136.00;0.28;0
462;anti_air_building;2701.00;16.35;1171.00;3.02;0
462;anti_air_building;2748.00;13.65;1174.00;5.69;0
462;anti_air_building;2753.00;14.63;1203.00;3.52;0
462;arms_factory;2638.00;10.73;1118.00;3.99;0
462;arms_factory;2651.00;13.70;1116.00;3.39;0
462;arms_factory;2669.00;14.48;1164.00;1.83;0
462;arms_factory;2673.00;11.45;1159.00;6.06;0
462;arms_factory;2676.00;11.28;1134.00;4.94;0
462;arms_factory;2736.00;12.20;1158.00;2.78;0
462;bunker;2661.00;14.05;1137.00;4.57;0
462;bunker;2664.00;12.98;1117.00;5.01;0
462;bunker;2665.00;13.53;1168.00;4.06;0
462;bunker;2677.00;10.80;1129.00;3.02;0
462;bunker;2681.35;13.90;1154.72;1.40;0
462;bunker;2700.84;13.80;1167.70;3.46;0
462;bunker;2712.22;11.10;1144.30;1.39;0
462;bunker;2714.69;14.60;1183.31;5.18;0
462;bunker;2716.53;13.90;1166.39;5.62;0
462;bunker;2719.40;11.80;1149.46;5.52;0
462;bunker;2741.16;14.00;1188.61;3.97;0
462;bunker;2754.59;12.90;1171.50;0.45;0
462;bunker;2760.36;13.60;1195.32;6.13;0
462;bunker;2773.54;13.20;1193.15;4.67;0
462;coastal_bunker;2633.00;9.65;1119.00;-1.62;0
462;coastal_bunker;2653.00;9.50;1168.00;-1.57;0
462;coastal_bunker;2656.00;9.50;1149.00;-1.75;0
462;dockyard;2656.00;11.00;1143.00;-1.75;0
462;fuel_silo;2717.00;11.60;1149.00;6.26;0
462;industrial_complex;2670.00;14.13;1139.00;4.51;0
462;industrial_complex;2677.00;15.78;1148.00;0.38;0
462;industrial_complex;2694.00;16.60;1167.00;0.89;0
462;industrial_complex;2699.00;11.25;1138.00;5.45;0
462;industrial_complex;2738.00;13.10;1171.00;3.90;0
462;industrial_complex;2776.00;13.65;1189.00;2.44;0
462;naval_base;2642.00;9.63;1125.00;-1.87;2272
462;naval_base;2653.00;9.50;1162.00;-1.57;2272
462;naval_base;2656.00;9.50;1150.00;-1.75;2272
462;nuclear_reactor;2647.00;11.13;1120.00;0.52;0
462;radar_station;2684.00;11.95;1137.00;1.47;0
462;rocket_site;2663.00;12.15;1171.00;4.13;0
462;synthetic_refinery;2723.00;13.20;1162.00;3.63;0
463;air_base;445.79;10.20;1997.18;0.79;0
463;anti_air_building;310.00;11.38;1967.00;4.20;0
463;anti_air_building;346.00;10.40;2041.00;0.59;0
463;anti_air_building;374.00;10.65;2031.00;1.19;0
463;arms_factory;253.00;10.30;1996.00;3.39;0
463;arms_factory;262.00;10.10;2027.00;5.45;0
463;arms_factory;352.00;10.60;2012.00;3.99;0
463;arms_factory;395.00;11.50;1971.00;6.06;0
463;arms_factory;470.00;13.70;2041.00;1.83;0
463;arms_factory;557.00;9.85;1971.00;2.44;0
463;bunker;88.00;9.53;1787.00;2.58;0
463;bunker;204.00;9.68;1815.00;6.20;0
463;bunker;297.00;10.88;1953.00;3.02;0
463;bunker;316.00;10.05;1870.00;4.13;0
463;bunker;325.00;10.50;2000.00;4.57;0
463;bunker;356.00;9.78;1893.00;3.52;0
463;bunker;412.00;10.25;1904.00;3.63;0
463;bunker;435.00;11.73;1993.00;1.46;0
463;bunker;438.00;9.70;1945.00;1.47;0
463;bunker;479.00;12.20;2005.00;3.02;0
463;bunker;519.00;11.50;2015.00;0.96;0
463;bunker;568.00;15.23;2010.00;5.69;0
463;bunker;641.00;10.30;1949.00;2.07;0
463;bunker;688.00;9.70;1918.00;3.63;0
463;bunker;766.00;9.95;1856.00;0.52;0
463;coastal_bunker;33.00;9.50;1775.00;-1.47;0
463;coastal_bunker;211.00;9.50;1822.00;1.57;0
463;coastal_bunker;226.00;9.70;1956.00;-0.41;0
463;coastal_bunker;284.00;9.50;1930.00;-1.09;0
463;coastal_bunker;292.00;9.60;1866.00;-1.02;0
463;coastal_bunker;344.00;9.50;1884.00;-0.58;0
463;coastal_bunker;429.00;9.50;1921.00;-3.99;0
463;coastal_bunker;429.00;9.73;1975.00;0.61;0
463;coastal_bunker;464.00;9.53;1953.00;-1.25;0
463;coastal_bunker;480.00;9.50;1983.00;-1.04;0
463;coastal_bunker;525.00;9.50;1971.00;-1.24;0
463;coastal_bunker;625.00;9.50;1960.00;-1.37;0
463;coastal_bunker;706.00;9.50;1895.00;-0.17;0
463;coastal_bunker;730.00;9.50;1857.00;-1.71;0
463;dockyard;722.00;9.55;1871.00;-1.71;0
463;fuel_silo;293.00;11.10;2034.00;4.10;0
463;industrial_complex;199.00;10.20;2038.00;4.51;0
463;industrial_complex;243.00;9.70;1841.00;0.28;0
463;industrial_complex;383.00;11.00;1978.00;2.95;0
463;industrial_complex;421.00;13.50;2020.00;0.89;0
463;industrial_complex;464.00;9.70;2000.00;0.38;0
463;industrial_complex;551.00;11.93;1998.00;3.90;0
463;naval_base;48.00;9.65;1777.00;-1.41;3248
463;naval_base;231.00;9.50;1826.00;-4.22;6064
463;naval_base;247.00;9.53;1957.00;-0.86;8383
463;naval_base;304.00;9.53;1874.00;-3.99;8513
463;naval_base;309.00;9.50;1930.00;-0.69;8739
463;naval_base;364.00;9.63;1898.00;0.17;8538
463;naval_base;394.00;9.50;1881.00;-0.57;8458
463;naval_base;421.00;9.50;1968.00;0.61;3253
463;naval_base;454.00;9.50;1992.00;-1.04;3253
463;naval_base;498.00;9.50;1962.00;1.54;3002
463;naval_base;524.00;9.50;1981.00;-1.24;3002
463;naval_base;618.00;9.50;1955.00;-1.37;4049
463;naval_base;716.00;9.55;1925.00;-0.17;2970
463;naval_base;721.00;9.50;1864.00;-1.71;2970
463;nuclear_reactor;339.00;11.05;1987.00;5.32;0
463;radar_station;279.00;10.30;2004.00;5.92;0
463;rocket_site;634.00;9.55;1956.00;2.65;0
463;synthetic_refinery;499.00;12.80;2024.00;4.71;0
464;air_base;1790.00;9.80;1629.00;5.01;0
464;anti_air_building;1823.00;9.68;1665.00;6.20;0
464;anti_air_building;1832.00;9.70;1641.00;2.58;0
464;anti_air_building;1855.00;9.73;1664.00;5.25;0
464;arms_factory;1781.00;9.55;1612.00;5.45;0
464;arms_factory;1794.00;9.70;1624.00;0.38;0
464;arms_factory;1808.00;9.78;1654.00;3.39;0
464;arms_factory;1826.00;9.70;1637.00;4.51;0
464;arms_factory;1826.00;9.85;1646.00;2.44;0
464;arms_factory;1865.00;9.68;1654.00;6.06;0
464;bunker;1779.00;9.68;1621.00;4.57;0
464;bunker;1794.00;9.80;1636.00;6.13;0
464;bunker;1803.00;9.75;1638.00;3.97;0
464;bunker;1805.00;9.70;1652.00;4.57;0
464;bunker;1814.00;9.53;1664.00;3.63;0
464;bunker;1817.00;9.65;1644.00;5.18;0
464;bunker;1830.00;9.73;1649.00;3.02;0
464;bunker;1862.00;9.55;1652.00;0.96;0
464;coastal_bunker;1777.00;9.50;1616.00;-0.79;0
464;coastal_bunker;1794.00;9.57;1640.00;0.79;0
464;coastal_bunker;1808.00;9.50;1633.00;-2.68;0
464;coastal_bunker;1809.00;9.50;1667.00;-1.57;0
464;coastal_bunker;1813.00;9.50;1646.00;-1.25;0
464;coastal_bunker;1817.00;9.50;1632.00;0.00;0
464;coastal_bunker;1836.00;9.60;1652.00;-2.68;0
464;coastal_bunker;1858.00;9.50;1660.00;0.59;0
464;dockyard;1819.00;9.50;1662.00;-1.57;0
464;fuel_silo;1831.00;9.75;1648.00;5.66;0
464;industrial_complex;1783.00;9.63;1618.00;0.89;0
464;industrial_complex;1816.00;9.60;1647.00;0.28;0
464;industrial_complex;1825.00;9.75;1640.00;0.79;0
464;industrial_complex;1828.00;9.70;1663.00;2.95;0
464;industrial_complex;1838.00;9.70;1643.00;3.90;0
464;industrial_complex;1868.00;9.70;1658.00;0.89;0
464;naval_base;1784.06;9.50;1633.70;-2.41;8566
464;naval_base;1792.00;9.50;1615.00;0.71;8566
464;naval_base;1793.10;9.50;1645.71;-1.25;8566
464;naval_base;1803.00;9.50;1675.00;-1.97;8614
464;naval_base;1813.31;9.70;1629.75;0.82;2817
464;naval_base;1826.32;9.40;1634.78;0.40;2817
464;naval_base;1841.31;9.60;1650.49;-3.78;8614
464;naval_base;1863.00;9.50;1669.00;0.59;8589
464;nuclear_reactor;1839.00;9.75;1649.00;3.69;0
464;radar_station;1796.00;9.70;1640.00;4.64;0
464;rocket_site;1807.00;9.68;1672.00;1.02;0
464;synthetic_refinery;1797.00;9.73;1630.00;1.98;0
465;air_base;1755.00;9.70;1650.00;4.06;0
465;anti_air_building;1753.00;9.80;1671.00;0.52;0
465;anti_air_building;1769.00;9.90;1652.00;1.47;0
465;anti_air_building;1786.00;9.75;1673.00;4.13;0
465;arms_factory;1761.00;9.90;1667.00;5.45;0
465;arms_factory;1767.00;12.00;1688.00;3.90;0
465;arms_factory;1773.00;9.80;1658.00;4.51;0
465;arms_factory;1781.00;9.80;1654.00;0.89;0
465;arms_factory;1787.00;9.70;1671.00;0.38;0
465;arms_factory;1791.00;9.70;1689.00;2.44;0
465;bunker;1748.00;10.95;1690.00;6.13;0
465;bunker;1765.00;11.85;1688.00;0.45;0
465;bunker;1766.00;9.82;1665.00;4.57;0
465;bunker;1771.00;9.85;1654.00;0.96;0
465;bunker;1773.00;9.80;1669.00;3.97;0
465;bunker;1787.00;9.90;1658.00;3.02;0
465;bunker;1788.00;9.70;1677.00;5.18;0
465;bunker;1792.00;9.78;1663.00;4.57;0
465;coastal_bunker;1767.00;9.50;1642.00;0.54;0
465;coastal_bunker;1779.00;9.78;1696.00;-3.93;0
465;coastal_bunker;1784.00;9.50;1646.00;0.17;0
465;coastal_bunker;1792.00;9.53;1680.00;-4.17;0
465;coastal_bunker;1797.00;9.55;1668.00;-4.31;0
465;dockyard;1769.00;9.50;1642.00;0.54;0
465;fuel_silo;1762.00;9.70;1645.00;2.05;0
465;industrial_complex;1748.00;10.38;1683.00;2.95;0
465;industrial_complex;1760.00;10.03;1669.00;1.39;0
465;industrial_complex;1767.00;10.03;1672.00;0.28;0
465;industrial_complex;1778.00;9.80;1674.00;0.79;0
465;industrial_complex;1790.00;9.70;1693.00;5.01;0
465;industrial_complex;1800.00;9.70;1661.00;0.89;0
465;naval_base;1771.00;9.53;1642.00;0.54;8566
465;naval_base;1779.00;9.78;1696.00;-3.93;8614
465;naval_base;1784.00;9.53;1647.00;0.17;8566
465;naval_base;1794.00;9.53;1679.00;-4.17;8614
465;naval_base;1800.00;9.50;1656.00;0.32;8566
465;nuclear_reactor;1757.00;11.23;1678.00;5.25;0
465;radar_station;1774.00;11.48;1688.00;6.20;0
465;rocket_site;1787.00;9.95;1657.00;2.58;0
465;synthetic_refinery;1783.00;9.75;1677.00;2.07;0
466;air_base;1696.87;11.50;1696.29;3.69;0
466;anti_air_building;1686.08;10.90;1697.38;3.39;0
466;anti_air_building;1787.00;11.20;1763.00;1.23;0
466;anti_air_building;1894.00;9.78;1770.00;1.33;0
466;bunker;1571.00;10.10;1750.00;1.77;0
466;bunker;1581.00;10.78;1674.00;2.38;0
466;bunker;1596.00;10.95;1687.00;3.32;0
466;bunker;1597.00;10.90;1704.00;0.14;0
466;bunker;1610.00;10.82;1730.00;4.88;0
466;bunker;1610.00;11.00;1685.00;1.10;0
466;bunker;1656.00;10.70;1718.00;5.32;0
466;bunker;1666.00;11.10;1737.00;0.65;0
466;bunker;1667.00;10.57;1709.00;4.88;0
466;bunker;1684.00;10.50;1688.00;2.21;0
466;bunker;1705.00;11.38;1736.00;5.38;0
466;bunker;1711.00;9.85;1696.00;4.78;0
466;bunker;1720.00;9.60;1705.00;5.82;0
466;bunker;1745.00;11.20;1752.00;0.15;0
466;bunker;1812.00;10.95;1764.00;3.76;0
466;bunker;1817.00;9.55;1728.00;1.17;0
466;bunker;1849.00;10.60;1776.00;3.16;0
466;bunker;1867.00;10.40;1776.00;2.72;0
466;coastal_bunker;1568.00;9.50;1774.00;-2.87;0
466;coastal_bunker;1715.00;9.60;1698.00;1.15;0
466;coastal_bunker;1728.00;9.57;1715.00;1.30;0
466;coastal_bunker;1735.00;9.50;1720.00;0.94;0
466;coastal_bunker;1763.00;9.50;1740.00;0.44;0
466;coastal_bunker;1803.00;9.50;1736.00;-1.57;0
466;coastal_bunker;1822.00;9.50;1746.00;0.06;0
466;coastal_bunker;1842.00;9.50;1743.00;-0.16;0
466;coastal_bunker;1902.00;9.50;1769.00;0.36;0
466;dockyard;1710.01;9.70;1689.12;0.36;0
466;fuel_silo;1704.87;10.90;1692.37;1.84;0
466;naval_base;1572.00;10.20;1770.00;-2.87;9092
466;naval_base;1716.00;9.60;1700.00;1.15;8642
466;naval_base;1729.00;9.50;1715.00;1.30;8642
466;naval_base;1742.00;9.53;1724.00;0.94;8642
466;naval_base;1749.00;9.50;1726.00;0.44;8642
466;naval_base;1823.00;9.50;1746.00;0.06;8642
466;naval_base;1834.00;9.50;1721.00;-1.57;8642
466;naval_base;1842.00;9.50;1744.00;-0.16;8642
466;naval_base;1922.89;9.60;1775.15;-4.56;2935
466;nuclear_reactor;1679.83;10.60;1707.87;3.90;0
466;radar_station;1710.52;11.00;1707.95;2.96;0
466;rocket_site;1690.37;11.00;1703.25;6.06;0
467;air_base;1263.00;10.15;1748.00;5.52;0
467;anti_air_building;1232.00;11.28;1750.00;3.52;0
467;anti_air_building;1232.00;11.43;1749.00;3.63;0
467;anti_air_building;1243.00;11.65;1741.00;5.69;0
467;arms_factory;1220.00;10.35;1803.00;0.89;0
467;arms_factory;1245.00;10.13;1765.00;0.79;0
467;arms_factory;1263.00;10.03;1794.00;0.28;0
467;arms_factory;1267.00;10.35;1729.00;2.95;0
467;arms_factory;1269.00;9.70;1776.00;5.01;0
467;arms_factory;1305.00;11.00;1724.00;3.90;0
467;bunker;1222.00;10.20;1813.00;1.46;0
467;bunker;1224.00;10.82;1731.00;5.18;0
467;bunker;1232.00;11.60;1743.00;3.63;0
467;bunker;1236.00;10.10;1784.00;0.45;0
467;bunker;1241.00;11.60;1740.00;6.13;0
467;bunker;1247.00;10.18;1760.00;4.57;0
467;bunker;1263.00;10.10;1788.00;4.57;0
467;bunker;1276.00;9.82;1753.00;3.02;0
467;bunker;1277.00;10.10;1731.00;3.02;0
467;bunker;1311.00;11.00;1725.00;0.96;0
467;bunker;1317.00;10.90;1758.00;3.97;0
467;fuel_silo;1225.00;10.68;1734.00;2.55;0
467;industrial_complex;1226.00;10.78;1723.00;4.06;0
467;industrial_complex;1229.00;11.60;1745.00;1.40;0
467;industrial_complex;1232.00;11.60;1746.00;4.67;0
467;industrial_complex;1243.00;11.55;1736.00;3.46;0
467;industrial_complex;1264.00;10.18;1736.00;5.62;0
467;industrial_complex;1272.00;10.03;1775.00;1.39;0
467;nuclear_reactor;1293.00;10.10;1730.00;2.07;0
467;radar_station;1294.00;9.95;1756.00;4.13;0
467;rocket_site;1311.00;10.80;1740.00;0.52;0
467;synthetic_refinery;1260.00;10.20;1751.00;1.47;0
468;air_base;1763.00;11.32;1710.00;4.57;0
468;anti_air_building;1656.00;10.57;1643.00;4.94;0
468;anti_air_building;1702.00;11.82;1653.00;0.21;0
468;anti_air_building;1769.00;11.07;1708.00;2.88;0
468;arms_factory;1694.00;11.13;1670.00;0.79;0
468;arms_factory;1704.00;11.35;1655.00;2.95;0
468;arms_factory;1741.00;11.03;1699.00;5.01;0
468;arms_factory;1768.00;10.75;1702.00;0.89;0
468;arms_factory;1777.00;11.78;1708.00;1.39;0
468;arms_factory;1786.00;10.57;1702.00;4.06;0
468;bunker;1663.00;10.30;1653.00;2.58;0
468;bunker;1670.00;10.48;1649.00;1.47;0
468;bunker;1676.00;11.07;1654.00;3.63;0
468;bunker;1681.00;10.25;1664.00;4.13;0
468;bunker;1688.00;11.45;1648.00;2.07;0
468;bunker;1699.00;12.90;1653.00;3.02;0
468;bunker;1701.00;11.68;1668.00;4.64;0
468;bunker;1712.00;11.43;1674.00;5.25;0
468;bunker;1735.00;10.28;1696.00;3.63;0
468;bunker;1765.00;11.40;1716.00;1.46;0
468;bunker;1782.00;11.35;1712.00;0.52;0
468;coastal_bunker;1696.00;9.95;1673.00;-3.14;0
468;coastal_bunker;1719.00;9.50;1693.00;-2.76;0
468;coastal_bunker;1731.00;9.50;1705.00;-2.55;0
468;coastal_bunker;1769.00;10.00;1721.00;-2.85;0
468;coastal_bunker;1802.00;9.50;1716.00;0.86;0
468;dockyard;1778.00;10.00;1723.00;-3.14;0
468;fuel_silo;1759.00;11.10;1713.00;4.11;0
468;industrial_complex;1671.00;9.73;1660.00;5.99;0
468;industrial_complex;1678.00;11.88;1648.00;4.44;0
468;industrial_complex;1713.00;11.15;1681.00;2.27;0
468;industrial_complex;1726.00;9.73;1698.00;0.21;0
468;industrial_complex;1775.00;11.63;1718.00;3.83;0
468;industrial_complex;1795.00;10.43;1714.00;3.23;0
468;naval_base;1695.00;9.85;1673.00;-3.14;8642
468;naval_base;1709.00;9.50;1682.00;-2.76;8642
468;naval_base;1744.00;9.82;1711.00;-2.55;8642
468;naval_base;1762.00;9.73;1719.00;-2.85;8642
468;naval_base;1788.00;9.57;1724.00;-3.14;8642
468;nuclear_reactor;1728.00;10.53;1695.00;4.20;0
468;radar_station;1699.00;11.57;1665.00;6.26;0
468;rocket_site;1729.00;9.68;1701.00;1.19;0
468;synthetic_refinery;1703.00;11.55;1660.00;0.72;0
469;air_base;1191.00;11.23;1748.00;3.97;0
469;anti_air_building;1100.00;11.30;1766.00;2.58;0
469;anti_air_building;1130.00;11.82;1742.00;6.20;0
469;anti_air_building;1157.00;10.78;1803.00;5.25;0
469;arms_factory;1094.00;11.38;1777.00;3.46;0
469;arms_factory;1104.00;11.10;1801.00;5.01;0
469;arms_factory;1118.00;11.20;1756.00;4.06;0
469;arms_factory;1175.00;10.90;1784.00;1.39;0
469;arms_factory;1210.00;11.30;1729.00;0.89;0
469;arms_factory;1217.00;10.98;1736.00;5.62;0
469;bunker;1093.00;12.68;1721.00;5.69;0
469;bunker;1112.00;11.23;1790.00;4.13;0
469;bunker;1125.00;11.50;1747.00;2.07;0
469;bunker;1133.00;11.78;1760.00;4.57;0
469;bunker;1148.00;13.05;1752.00;3.52;0
469;bunker;1149.00;10.98;1820.00;1.46;0
469;bunker;1158.00;10.80;1804.00;1.47;0
469;bunker;1180.00;10.90;1796.00;3.02;0
469;bunker;1192.00;11.07;1773.00;3.02;0
469;bunker;1198.00;11.00;1739.00;3.63;0
469;bunker;1201.00;10.85;1794.00;0.96;0
469;bunker;1205.00;10.70;1759.00;0.52;0
469;bunker;1218.00;10.80;1746.00;3.63;0
469;industrial_complex;1129.00;10.90;1787.00;5.52;0
469;industrial_complex;1141.00;10.80;1814.00;6.13;0
469;industrial_complex;1149.00;11.53;1734.00;4.67;0
469;industrial_complex;1173.00;10.60;1810.00;1.40;0
469;industrial_complex;1184.00;10.90;1783.00;0.45;0
469;industrial_complex;1189.00;10.80;1799.00;4.57;0
469;nuclear_reactor;1143.00;13.32;1768.00;3.69;0
469;radar_station;1141.00;12.60;1749.00;4.64;0
469;rocket_site;1134.00;10.93;1818.00;1.02;0
469;synthetic_refinery;1130.00;10.98;1798.00;1.98;0
470;air_base;1019.00;15.05;1739.00;3.02;0
470;anti_air_building;1027.00;12.65;1781.00;1.98;0
470;anti_air_building;1036.00;13.32;1720.00;4.64;0
470;anti_air_building;1038.00;12.25;1757.00;1.02;0
470;bunker;971.00;14.73;1798.00;2.58;0
470;bunker;995.00;12.48;1810.00;3.63;0
470;bunker;1010.00;13.95;1769.00;4.57;0
470;bunker;1021.00;15.18;1726.00;3.63;0
470;bunker;1027.00;12.50;1791.00;5.69;0
470;bunker;1029.00;11.95;1831.00;5.25;0
470;bunker;1029.00;12.38;1857.00;4.13;0
470;bunker;1040.00;12.23;1763.00;2.07;0
470;bunker;1045.00;12.20;1776.00;3.02;0
470;bunker;1064.00;11.80;1811.00;0.96;0
470;bunker;1069.00;12.80;1757.00;6.20;0
470;bunker;1071.00;11.30;1806.00;1.46;0
470;bunker;1087.00;11.00;1821.00;1.47;0
470;fuel_silo;1014.00;12.20;1795.00;3.15;0
470;nuclear_reactor;1047.00;12.25;1779.00;5.76;0
470;radar_station;1045.00;12.00;1815.00;0.43;0
471;air_base;727.00;12.80;2023.00;1.26;0
471;anti_air_building;613.00;12.60;2005.00;5.98;0
471;anti_air_building;752.00;12.10;2016.00;2.72;0
471;anti_air_building;869.00;10.80;1954.00;3.32;0
471;arms_factory;623.00;12.60;2006.00;5.82;0
471;arms_factory;691.00;12.18;2018.00;5.93;0
471;arms_factory;716.00;12.28;1964.00;5.32;0
471;arms_factory;766.00;13.07;1948.00;3.76;0
471;arms_factory;768.00;12.50;2024.00;1.09;0
471;arms_factory;833.00;11.15;1955.00;1.70;0
471;bunker;750.00;12.60;2033.00;0.65;0
471;bunker;789.00;12.55;1947.00;4.27;0
471;fuel_silo;775.00;12.55;1931.00;1.77;0
471;industrial_complex;612.00;12.13;2011.00;0.05;0
471;industrial_complex;613.00;11.63;2021.00;3.76;0
471;industrial_complex;683.00;11.85;2010.00;2.21;0
471;industrial_complex;745.00;12.43;1941.00;4.37;0
471;industrial_complex;827.00;11.63;1951.00;4.27;0
471;industrial_complex;840.00;12.43;1960.00;0.14;0
471;nuclear_reactor;706.00;12.07;2007.00;3.83;0
471;radar_station;745.00;12.13;1959.00;3.04;0
471;rocket_site;746.00;12.30;1940.00;5.99;0
471;synthetic_refinery;654.00;13.18;2018.00;3.93;0
472;air_base;1282.00;9.73;2030.00;3.93;0
472;anti_air_building;798.00;14.28;2031.00;0.21;0
472;anti_air_building;1063.00;10.70;1992.00;2.88;0
472;anti_air_building;1351.00;9.70;2036.00;4.94;0
472;arms_factory;901.00;11.82;1901.00;3.76;0
472;arms_factory;931.00;11.70;1896.00;2.21;0
472;arms_factory;959.00;11.85;1898.00;4.27;0
472;arms_factory;1042.00;10.63;1964.00;0.14;0
472;arms_factory;1106.00;10.15;2024.00;4.37;0
472;arms_factory;1137.00;10.35;2023.00;0.05;0
472;bunker;872.00;12.00;1999.00;3.83;0
472;bunker;1174.00;11.03;1987.00;5.99;0
472;bunker;1698.00;9.70;2037.00;0.21;0
472;coastal_bunker;1362.00;9.50;2024.00;-4.57;0
472;coastal_bunker;1696.00;9.50;2036.00;-4.53;0
472;dockyard;1777.00;9.50;2035.00;1.53;0
472;fuel_silo;829.00;12.73;1992.00;1.93;0
472;industrial_complex;963.00;11.23;1916.00;2.72;0
472;industrial_complex;973.00;11.05;1918.00;3.32;0
472;industrial_complex;1076.00;10.70;1972.00;1.26;0
472;industrial_complex;1169.00;10.82;2022.00;4.27;0
472;industrial_complex;1312.00;9.80;1977.00;5.98;0
472;industrial_complex;1315.00;9.80;1978.00;0.65;0
472;naval_base;1383.00;9.68;2046.00;-4.57;255
472;naval_base;1792.00;9.55;2007.00;1.28;5977
472;nuclear_reactor;1192.00;10.85;1992.00;3.99;0
472;radar_station;1287.00;10.60;1962.00;3.99;0
472;rocket_site;812.00;14.40;2037.00;2.78;0
472;synthetic_refinery;1119.00;11.20;1994.00;0.72;0
473;air_base;899.15;11.80;1726.45;1.23;0
473;arms_factory;878.98;12.30;1739.31;0.22;0
473;arms_factory;890.39;12.50;1732.59;4.44;0
473;arms_factory;897.32;12.10;1734.33;3.84;0
473;arms_factory;913.00;11.98;1759.00;0.72;0
473;arms_factory;914.96;12.20;1725.39;2.88;0
473;arms_factory;950.81;12.90;1734.79;2.27;0
473;bunker;829.00;10.88;1773.00;0.87;0
473;bunker;831.00;10.35;1783.00;4.42;0
473;bunker;841.00;11.70;1835.00;1.40;0
473;bunker;848.00;13.03;1773.00;1.39;0
473;bunker;864.00;9.65;1747.00;1.91;0
473;bunker;867.00;12.28;1795.00;3.63;0
473;bunker;878.00;13.53;1756.00;5.01;0
473;bunker;886.00;11.38;1737.00;5.69;0
473;bunker;889.00;11.40;1813.00;0.36;0
473;bunker;891.00;12.68;1736.00;2.07;0
473;bunker;895.00;12.95;1757.00;6.20;0
473;bunker;896.00;9.78;1720.00;3.97;0
473;bunker;900.00;11.70;1796.00;5.18;0
473;bunker;903.00;11.38;1730.00;2.58;0
473;bunker;917.00;12.73;1817.00;4.13;0
473;bunker;922.00;12.48;1729.00;3.46;0
473;bunker;935.00;12.38;1745.00;1.91;0
473;bunker;948.00;11.48;1751.00;6.13;0
473;bunker;950.00;13.15;1786.00;2.07;0
473;bunker;956.00;12.85;1728.00;3.02;0
473;bunker;977.00;13.45;1762.00;1.47;0
473;bunker;979.00;13.40;1735.00;5.09;0
473;bunker;996.00;12.95;1723.00;4.58;0
473;coastal_bunker;811.00;9.50;1785.00;-0.84;0
473;coastal_bunker;816.00;9.55;1766.00;-1.49;0
473;coastal_bunker;858.00;9.50;1760.00;0.08;0
473;coastal_bunker;864.00;9.50;1734.00;-0.59;0
473;coastal_bunker;871.00;9.50;1730.00;-0.59;0
473;coastal_bunker;885.00;9.50;1720.00;-1.57;0
473;coastal_bunker;888.00;9.50;1725.00;-1.25;0
473;dockyard;884.01;9.50;1727.69;0.46;0
473;fuel_silo;887.52;12.30;1743.42;4.21;0
473;industrial_complex;833.36;11.50;1765.37;1.33;0
473;industrial_complex;881.27;12.80;1741.68;3.39;0
473;industrial_complex;881.82;12.30;1741.65;2.28;0
473;industrial_complex;894.55;11.70;1728.36;4.94;0
473;industrial_complex;903.95;13.20;1739.08;5.55;0
473;industrial_complex;933.50;13.00;1727.84;5.45;0
473;naval_base;821.00;9.60;1786.00;-0.84;2945
473;naval_base;823.00;9.50;1760.00;-1.49;2945
473;naval_base;858.00;9.50;1760.00;0.08;5257
473;naval_base;865.00;9.50;1750.00;-0.59;5257
473;naval_base;880.00;9.50;1730.00;-0.59;5257
473;naval_base;888.00;9.50;1720.00;-1.57;5257
473;naval_base;889.00;9.50;1727.00;-1.25;5257
473;nuclear_reactor;914.04;12.30;1744.42;4.81;0
473;radar_station;886.96;10.80;1730.60;5.59;0
473;rocket_site;915.97;12.50;1735.46;4.71;0
473;synthetic_refinery;895.97;12.30;1740.51;1.55;0
474;air_base;1396.00;9.70;1203.00;3.63;0
474;anti_air_building;1390.00;9.70;1173.00;1.63;0
474;anti_air_building;1411.00;9.75;1195.00;0.43;0
474;anti_air_building;1417.00;9.70;1204.00;3.69;0
474;arms_factory;1386.00;9.63;1168.00;4.57;0
474;arms_factory;1397.00;9.70;1178.00;5.18;0
474;arms_factory;1414.00;9.70;1199.00;3.02;0
474;arms_factory;1419.00;9.80;1164.00;6.13;0
474;arms_factory;1425.00;9.70;1200.00;3.97;0
474;arms_factory;1434.00;9.70;1207.00;4.57;0
474;bunker;1407.00;9.70;1201.00;3.26;0
474;bunker;1407.00;10.05;1170.00;6.20;0
474;bunker;1409.00;10.20;1162.00;6.28;0
474;bunker;1413.00;9.70;1203.00;1.20;0
474;bunker;1420.00;9.70;1180.00;2.15;0
474;bunker;1420.00;9.78;1169.00;2.05;0
474;bunker;1430.00;9.70;1206.00;5.32;0
474;bunker;1440.00;9.70;1200.00;2.07;0
474;bunker;1443.00;9.70;1206.00;2.58;0
474;coastal_bunker;1381.00;9.50;1175.00;-2.03;0
474;coastal_bunker;1390.00;9.50;1181.00;-1.98;0
474;coastal_bunker;1394.00;9.53;1196.00;-1.98;0
474;coastal_bunker;1409.00;9.53;1214.00;-3.23;0
474;coastal_bunker;1429.00;9.60;1217.00;-3.24;0
474;coastal_bunker;1439.00;9.50;1178.00;-4.41;0
474;coastal_bunker;1441.00;9.50;1196.00;1.41;0
474;coastal_bunker;1451.00;9.50;1211.00;-4.39;0
474;dockyard;1429.00;9.60;1172.00;0.46;0
474;fuel_silo;1413.00;9.98;1161.00;3.06;0
474;industrial_complex;1410.00;9.70;1209.00;5.69;0
474;industrial_complex;1420.00;9.70;1185.00;3.63;0
474;industrial_complex;1420.00;9.80;1173.00;3.02;0
474;industrial_complex;1425.00;9.70;1184.00;1.46;0
474;industrial_complex;1425.00;9.70;1196.00;0.96;0
474;industrial_complex;1440.00;9.70;1208.00;3.52;0
474;naval_base;1381.00;9.60;1168.00;-1.98;2697
474;naval_base;1387.00;9.57;1178.00;-1.97;2697
474;naval_base;1394.00;9.50;1197.00;-1.98;2697
474;naval_base;1413.00;9.55;1214.00;-2.78;5892
474;naval_base;1431.00;9.65;1218.00;-3.24;5892
474;naval_base;1437.00;9.57;1188.00;1.41;5840
474;naval_base;1440.00;9.50;1185.00;-4.41;5840
474;naval_base;1446.00;9.50;1218.00;-4.44;5840
474;nuclear_reactor;1446.00;9.68;1212.00;0.08;0
474;radar_station;1382.00;9.68;1164.00;1.03;0
474;rocket_site;1435.00;9.70;1190.00;3.69;0
474;synthetic_refinery;1402.00;9.80;1172.00;5.76;0
475;air_base;1356.00;11.95;1126.00;4.13;0
475;anti_air_building;1346.00;11.30;1143.00;0.43;0
475;anti_air_building;1365.00;9.70;1156.00;3.69;0
475;anti_air_building;1383.00;9.70;1152.00;1.63;0
475;arms_factory;1358.00;9.68;1115.00;4.57;0
475;arms_factory;1360.00;11.57;1148.00;3.63;0
475;arms_factory;1366.00;13.20;1121.00;0.96;0
475;arms_factory;1372.00;12.80;1128.00;3.97;0
475;arms_factory;1379.00;11.20;1134.00;3.02;0
475;arms_factory;1389.00;9.90;1131.00;5.18;0
475;bunker;1351.00;11.60;1133.00;1.55;0
475;bunker;1360.00;10.20;1152.00;5.25;0
475;bunker;1364.00;10.05;1111.00;2.58;0
475;bunker;1365.00;11.32;1127.00;0.59;0
475;bunker;1367.00;9.70;1168.00;6.20;0
475;bunker;1380.00;9.70;1157.00;4.21;0
475;coastal_bunker;1337.00;9.50;1129.00;-0.20;0
475;coastal_bunker;1356.00;9.50;1114.00;-0.52;0
475;coastal_bunker;1360.00;9.50;1168.00;-3.05;0
475;coastal_bunker;1378.00;9.60;1166.00;-3.14;0
475;dockyard;1356.00;9.50;1115.00;-0.20;0
475;fuel_silo;1385.00;10.35;1133.00;3.16;0
475;industrial_complex;1350.00;10.30;1151.00;3.02;0
475;industrial_complex;1357.00;9.80;1154.00;5.69;0
475;industrial_complex;1360.00;12.93;1144.00;3.52;0
475;industrial_complex;1371.00;12.60;1140.00;1.47;0
475;industrial_complex;1378.00;11.93;1137.00;3.63;0
475;industrial_complex;1381.00;9.70;1157.00;1.46;0
475;naval_base;1340.00;9.50;1127.00;-0.20;2889
475;naval_base;1365.00;9.50;1105.00;-0.52;2889
475;naval_base;1371.00;9.53;1170.00;-3.05;2697
475;naval_base;1375.00;9.55;1166.00;-3.14;2697
475;nuclear_reactor;1359.00;12.45;1124.00;0.08;0
475;radar_station;1369.00;14.05;1136.00;1.03;0
475;rocket_site;1360.00;14.28;1139.00;3.69;0
475;synthetic_refinery;1349.00;11.53;1143.00;5.76;0
476;air_base;1284.07;13.90;1148.50;2.07;0
476;anti_air_building;1278.84;11.50;1137.10;6.26;0
476;anti_air_building;1296.81;13.20;1154.72;5.76;0
476;anti_air_building;1317.39;9.90;1150.58;2.14;0
476;arms_factory;1281.22;11.20;1131.86;1.46;0
476;arms_factory;1302.24;13.30;1135.35;3.02;0
476;arms_factory;1310.59;12.10;1138.26;3.02;0
476;arms_factory;1337.00;9.70;1155.00;3.63;0
476;arms_factory;1341.00;10.55;1147.00;0.96;0
476;arms_factory;1346.00;9.75;1154.00;4.57;0
476;bunker;1286.51;12.10;1132.54;0.43;0
476;bunker;1286.72;13.90;1156.30;1.02;0
476;bunker;1291.49;13.60;1148.58;0.59;0
476;bunker;1301.09;13.30;1128.02;1.55;0
476;bunker;1309.93;10.50;1153.44;1.63;0
476;bunker;1313.44;11.70;1141.75;4.21;0
476;bunker;1323.00;9.80;1160.00;2.15;0
476;bunker;1334.00;9.70;1158.00;4.64;0
476;bunker;1334.00;11.28;1137.00;3.69;0
476;coastal_bunker;1279.00;9.50;1128.00;-0.79;0
476;coastal_bunker;1290.00;9.50;1125.00;0.43;0
476;coastal_bunker;1315.00;9.50;1126.00;0.56;0
476;coastal_bunker;1322.00;9.75;1168.00;-3.57;0
476;coastal_bunker;1327.00;9.50;1132.00;0.36;0
476;coastal_bunker;1335.00;9.53;1162.00;-2.74;0
476;dockyard;1342.00;9.55;1163.00;-2.74;0
476;fuel_silo;1303.00;13.25;1149.00;1.00;0
476;industrial_complex;1280.05;13.90;1153.49;0.52;0
476;industrial_complex;1290.83;12.50;1129.87;5.69;0
476;industrial_complex;1292.82;12.90;1156.44;4.13;0
476;industrial_complex;1311.79;9.70;1160.28;3.63;0
476;industrial_complex;1320.01;9.70;1154.46;3.52;0
476;industrial_complex;1328.00;9.70;1154.00;1.47;0
476;naval_base;1269.00;9.50;1131.00;-0.79;5785
476;naval_base;1305.00;9.73;1123.00;0.43;2780
476;naval_base;1311.00;9.50;1125.00;-0.67;2780
476;naval_base;1318.00;9.60;1170.00;-3.57;5915
476;naval_base;1327.00;9.50;1132.00;-0.11;2889
476;naval_base;1351.00;9.68;1164.00;-3.93;2697
476;nuclear_reactor;1315.00;10.75;1136.00;4.71;0
476;radar_station;1308.00;12.78;1136.00;4.20;0
476;rocket_site;1308.90;12.30;1131.52;0.59;0
476;synthetic_refinery;1278.51;13.70;1147.13;1.19;0
477;air_base;1293.00;10.73;1185.00;2.58;0
477;anti_air_building;1269.00;12.80;1161.00;5.76;0
477;anti_air_building;1283.00;10.18;1214.00;4.20;0
477;anti_air_building;1305.00;9.70;1175.00;2.14;0
477;arms_factory;1277.59;12.60;1195.50;3.52;0
477;arms_factory;1278.00;10.45;1218.00;3.63;0
477;arms_factory;1280.00;10.53;1207.00;5.69;0
477;arms_factory;1283.00;10.25;1210.00;0.96;0
477;arms_factory;1301.00;9.75;1179.00;3.02;0
477;arms_factory;1307.00;9.70;1171.00;1.46;0
477;bunker;1263.00;12.65;1169.00;3.69;0
477;bunker;1271.00;10.05;1222.00;3.71;0
477;bunker;1274.00;14.45;1173.00;1.55;0
477;bunker;1279.00;14.68;1165.00;0.59;0
477;bunker;1283.00;10.45;1202.00;0.43;0
477;bunker;1284.00;12.98;1181.00;1.02;0
477;bunker;1293.00;11.07;1180.00;4.21;0
477;bunker;1308.00;9.70;1166.00;1.63;0
477;coastal_bunker;1280.00;9.82;1223.00;-4.33;0
477;coastal_bunker;1284.00;9.68;1216.00;-4.42;0
477;coastal_bunker;1295.00;9.57;1196.00;-4.55;0
477;coastal_bunker;1302.00;9.60;1181.00;-4.07;0
477;coastal_bunker;1313.00;9.55;1171.00;-3.93;0
477;dockyard;1286.00;9.50;1215.00;-4.42;0
477;fuel_silo;1275.00;10.40;1218.00;3.67;0
477;industrial_complex;1277.98;13.80;1179.54;6.20;0
477;industrial_complex;1288.08;9.90;1197.36;0.52;0
477;industrial_complex;1290.23;10.60;1190.67;4.13;0
477;industrial_complex;1293.62;12.30;1167.74;3.63;0
477;industrial_complex;1299.30;10.00;1184.40;1.47;0
477;industrial_complex;1302.50;9.80;1168.20;2.07;0
477;naval_base;1281.00;9.70;1220.00;-4.33;2672
477;naval_base;1285.00;9.70;1213.00;-4.42;2672
477;naval_base;1288.00;9.70;1203.00;-3.61;2672
477;naval_base;1305.00;9.60;1178.00;-3.93;5915
477;naval_base;1311.00;9.55;1171.00;-3.82;5915
477;nuclear_reactor;1292.00;12.03;1174.00;0.59;0
477;radar_station;1278.00;10.57;1211.00;1.19;0
477;rocket_site;1305.00;9.70;1165.00;4.20;0
477;synthetic_refinery;1281.00;10.73;1203.00;6.26;0
478;air_base;1214.00;15.88;1220.00;1.98;0
478;anti_air_building;1176.00;13.20;1197.00;1.19;0
478;anti_air_building;1179.00;13.40;1221.00;4.20;0
478;anti_air_building;1211.00;15.60;1218.00;0.59;0
478;arms_factory;1166.00;10.38;1204.00;3.63;0
478;arms_factory;1172.00;11.48;1189.00;3.02;0
478;arms_factory;1176.00;12.00;1220.00;5.69;0
478;arms_factory;1185.00;13.60;1193.00;3.52;0
478;arms_factory;1196.96;13.90;1233.37;1.46;0
478;arms_factory;1199.55;13.00;1202.68;1.47;0
478;bunker;1167.00;10.73;1221.00;3.61;0
478;bunker;1170.00;10.90;1185.00;1.55;0
478;bunker;1176.00;12.07;1211.00;1.03;0
478;bunker;1177.00;12.90;1231.00;3.71;0
478;bunker;1184.65;13.60;1233.64;1.63;0
478;bunker;1189.00;14.10;1192.00;0.08;0
478;bunker;1198.31;13.70;1217.32;3.69;0
478;bunker;1200.00;11.07;1184.00;5.76;0
478;bunker;1209.71;13.30;1199.79;4.21;0
478;bunker;1219.02;14.10;1232.39;0.43;0
478;coastal_bunker;1157.00;9.50;1225.00;-1.52;0
478;coastal_bunker;1158.00;9.50;1196.00;-1.67;0
478;coastal_bunker;1160.00;9.50;1220.00;-1.17;0
478;coastal_bunker;1162.00;9.50;1190.00;-0.88;0
478;coastal_bunker;1184.00;9.50;1173.00;-1.19;0
478;dockyard;1164.00;9.50;1202.00;-1.67;0
478;fuel_silo;1189.00;13.63;1226.00;0.05;0
478;industrial_complex;1181.93;12.60;1209.26;2.07;0
478;industrial_complex;1184.00;13.32;1193.00;6.20;0
478;industrial_complex;1196.37;11.40;1179.65;0.52;0
478;industrial_complex;1201.48;14.00;1235.57;4.13;0
478;industrial_complex;1207.77;13.40;1204.24;5.25;0
478;industrial_complex;1221.74;14.10;1235.76;2.58;0
478;naval_base;1158.00;9.50;1197.00;-1.36;5680
478;naval_base;1158.00;9.50;1225.00;-1.52;5680
478;naval_base;1161.00;9.50;1219.00;-1.67;5680
478;naval_base;1178.00;9.60;1178.00;-1.19;5706
478;naval_base;1180.00;9.50;1175.00;-0.96;5706
478;nuclear_reactor;1203.88;14.10;1230.28;5.32;0
478;radar_station;1204.00;14.15;1202.00;5.92;0
478;rocket_site;1174.00;12.90;1236.00;2.65;0
478;synthetic_refinery;1184.00;9.80;1176.00;4.71;0
479;air_base;1244.00;15.38;1269.00;1.02;0
479;anti_air_building;1248.00;13.45;1245.00;5.92;0
479;anti_air_building;1250.00;15.90;1261.00;2.65;0
479;anti_air_building;1265.00;10.25;1252.00;4.71;0
479;arms_factory;1226.00;16.08;1245.00;1.47;0
479;arms_factory;1239.00;15.35;1264.00;3.63;0
479;arms_factory;1252.00;13.68;1246.00;3.52;0
479;arms_factory;1267.00;11.18;1234.00;4.13;0
479;arms_factory;1269.00;9.95;1261.00;0.52;0
479;arms_factory;1279.00;9.70;1253.00;5.69;0
479;bunker;1213.73;14.00;1242.21;2.14;0
479;bunker;1230.00;15.68;1225.00;5.76;0
479;bunker;1231.97;13.90;1249.54;5.76;0
479;bunker;1242.47;13.70;1255.32;1.03;0
479;bunker;1243.18;12.50;1239.42;3.69;0
479;bunker;1261.00;11.00;1275.00;4.20;0
479;bunker;1266.00;9.95;1260.00;0.08;0
479;bunker;1270.00;9.85;1263.00;3.61;0
479;bunker;1274.00;9.70;1287.00;3.71;0
479;bunker;1275.00;11.10;1229.00;5.76;0
479;coastal_bunker;1279.00;9.80;1231.00;-4.47;0
479;coastal_bunker;1280.00;9.55;1256.00;1.50;0
479;coastal_bunker;1283.00;9.50;1276.00;1.57;0
479;coastal_bunker;1288.00;9.53;1287.00;1.57;0
479;dockyard;1287.00;9.50;1284.00;1.57;0
479;fuel_silo;1270.00;9.85;1262.00;1.61;0
479;industrial_complex;1237.00;14.90;1253.00;2.58;0
479;industrial_complex;1245.00;14.85;1273.00;6.20;0
479;industrial_complex;1254.00;12.10;1243.00;2.07;0
479;industrial_complex;1255.00;13.38;1249.00;4.64;0
479;industrial_complex;1269.00;11.20;1230.00;5.25;0
479;industrial_complex;1273.00;9.90;1267.00;1.98;0
479;naval_base;1279.00;9.55;1250.00;1.50;2672
479;naval_base;1279.00;9.95;1229.00;-4.47;2672
479;naval_base;1283.00;9.50;1276.00;1.57;2646
479;naval_base;1289.00;9.53;1290.00;1.57;2646
479;nuclear_reactor;1251.00;12.63;1242.00;1.10;0
479;radar_station;1277.00;10.60;1232.00;1.70;0
479;rocket_site;1263.00;9.90;1260.00;5.82;0
479;synthetic_refinery;1216.00;16.20;1244.00;5.32;0
480;air_base;1216.00;14.70;1271.00;0.43;0
480;anti_air_building;1192.00;12.80;1305.00;0.59;0
480;anti_air_building;1206.00;13.07;1332.00;1.19;0
480;anti_air_building;1263.00;9.90;1291.00;4.20;0
480;arms_factory;1193.00;12.70;1318.00;4.13;0
480;arms_factory;1199.00;12.60;1325.00;3.63;0
480;arms_factory;1227.00;10.65;1350.00;1.47;0
480;arms_factory;1227.00;10.88;1342.00;0.52;0
480;arms_factory;1229.00;12.05;1295.00;2.07;0
480;arms_factory;1231.00;10.68;1335.00;6.20;0
480;bunker;1189.00;13.13;1321.00;6.26;0
480;bunker;1194.00;12.55;1298.00;3.61;0
480;bunker;1202.00;12.35;1348.00;1.03;0
480;bunker;1202.00;13.50;1281.00;3.10;0
480;bunker;1205.00;15.05;1264.00;3.69;0
480;bunker;1212.00;15.80;1255.00;1.55;0
480;bunker;1213.00;12.63;1316.00;1.63;0
480;bunker;1214.00;13.05;1327.00;5.26;0
480;bunker;1217.00;12.88;1293.00;2.14;0
480;bunker;1223.00;11.55;1346.00;3.71;0
480;bunker;1228.00;10.60;1318.00;5.76;0
480;bunker;1232.00;10.63;1335.00;5.76;0
480;bunker;1241.00;11.20;1298.00;0.08;0
480;bunker;1241.00;13.68;1287.00;4.20;0
480;bunker;1246.00;10.20;1306.00;5.76;0
480;fuel_silo;1244.00;10.00;1318.00;5.73;0
480;industrial_complex;1203.00;15.28;1263.00;5.25;0
480;industrial_complex;1216.00;14.23;1276.00;1.02;0
480;industrial_complex;1228.00;12.18;1301.00;3.69;0
480;industrial_complex;1230.00;15.25;1283.00;1.98;0
480;industrial_complex;1245.00;10.32;1306.00;4.64;0
480;industrial_complex;1245.00;11.98;1288.00;2.58;0
480;nuclear_reactor;1201.00;13.43;1282.00;5.32;0
480;radar_station;1198.00;12.70;1299.00;5.92;0
480;rocket_site;1208.00;13.40;1340.00;2.65;0
480;synthetic_refinery;1201.00;12.15;1346.00;4.71;0
481;air_base;1185.80;14.10;1255.47;5.76;0
481;anti_air_building;1114.00;9.70;1290.00;3.76;0
481;anti_air_building;1136.00;9.68;1260.00;1.10;0
481;anti_air_building;1150.00;12.23;1260.00;0.14;0
481;arms_factory;1125.00;10.03;1285.00;5.25;0
481;arms_factory;1150.49;13.70;1277.25;2.07;0
481;arms_factory;1151.53;13.70;1270.71;6.20;0
481;arms_factory;1162.17;13.70;1296.47;2.58;0
481;arms_factory;1179.95;13.80;1248.52;4.13;0
481;arms_factory;1187.74;14.20;1248.24;0.52;0
481;bunker;1101.00;10.28;1290.00;4.20;0
481;bunker;1110.00;9.60;1287.00;5.32;0
481;bunker;1125.00;9.68;1274.00;6.28;0
481;bunker;1138.00;9.68;1258.00;1.19;0
481;bunker;1144.45;13.20;1278.44;5.92;0
481;bunker;1145.00;9.75;1249.00;0.59;0
481;bunker;1163.00;10.40;1238.00;4.71;0
481;bunker;1163.02;14.30;1270.70;4.20;0
481;bunker;1163.82;13.60;1291.75;6.26;0
481;bunker;1171.88;14.00;1271.81;2.14;0
481;bunker;1174.87;13.70;1252.30;0.59;0
481;bunker;1179.64;13.60;1244.59;5.76;0
481;bunker;1194.74;13.90;1262.55;1.20;0
481;bunker;1195.97;14.00;1255.35;2.15;0
481;coastal_bunker;1107.00;9.50;1286.00;-1.03;0
481;coastal_bunker;1110.00;9.50;1283.00;-0.91;0
481;coastal_bunker;1125.00;9.50;1269.00;-0.95;0
481;coastal_bunker;1136.00;9.50;1258.00;-1.17;0
481;coastal_bunker;1144.00;9.50;1249.00;-0.64;0
481;coastal_bunker;1152.00;9.50;1239.00;-1.11;0
481;dockyard;1131.00;9.50;1262.00;-0.95;0
481;fuel_silo;1177.00;13.50;1295.00;0.65;0
481;industrial_complex;1116.00;10.30;1299.00;1.98;0
481;industrial_complex;1143.00;11.45;1267.00;1.02;0
481;industrial_complex;1159.56;14.10;1265.54;0.43;0
481;industrial_complex;1161.00;10.60;1243.00;4.64;0
481;industrial_complex;1177.69;13.80;1262.64;3.69;0
481;industrial_complex;1198.70;14.10;1241.73;1.63;0
481;naval_base;1100.00;9.50;1288.00;-0.96;5630
481;naval_base;1111.00;9.50;1283.00;-1.03;5630
481;naval_base;1121.00;9.50;1273.00;-0.95;2828
481;naval_base;1126.00;9.50;1266.00;-1.17;2828
481;naval_base;1139.00;9.50;1253.00;-2.08;2828
481;naval_base;1156.00;9.50;1235.00;-1.33;5680
481;nuclear_reactor;1154.46;13.80;1266.97;4.88;0
481;radar_station;1138.00;10.68;1274.00;4.37;0
481;rocket_site;1185.00;16.33;1267.00;2.21;0
481;synthetic_refinery;1149.90;14.30;1286.29;3.16;0
482;air_base;1123.00;14.85;1348.00;3.69;0
482;anti_air_building;1144.00;16.15;1312.00;5.82;0
482;anti_air_building;1146.00;14.65;1322.00;1.70;0
482;anti_air_building;1153.00;13.23;1369.00;5.32;0
482;arms_factory;1111.00;13.88;1378.00;6.20;0
482;arms_factory;1112.00;12.65;1325.00;2.07;0
482;arms_factory;1138.00;12.80;1378.00;5.25;0
482;arms_factory;1146.00;14.00;1331.00;2.58;0
482;arms_factory;1173.00;13.68;1311.00;1.98;0
482;arms_factory;1179.00;13.45;1346.00;4.64;0
482;bunker;1120.92;13.30;1321.32;5.76;0
482;bunker;1121.78;12.40;1389.47;3.61;0
482;bunker;1122.44;13.50;1363.73;4.71;0
482;bunker;1128.57;13.80;1321.44;2.65;0
482;bunker;1131.38;13.60;1341.36;5.76;0
482;bunker;1136.02;12.30;1382.35;5.92;0
482;bunker;1136.89;13.90;1307.36;4.20;0
482;bunker;1140.12;13.50;1324.31;4.20;0
482;bunker;1145.06;14.40;1306.69;6.26;0
482;bunker;1164.36;12.40;1370.29;0.59;0
482;bunker;1164.39;12.30;1348.24;1.19;0
482;bunker;1174.34;12.70;1321.64;2.14;0
482;bunker;1181.00;13.43;1338.00;0.08;0
482;fuel_silo;1142.00;14.15;1310.00;4.78;0
482;industrial_complex;1119.00;14.75;1346.00;5.76;0
482;industrial_complex;1124.00;12.40;1314.00;0.43;0
482;industrial_complex;1150.00;15.57;1314.00;1.03;0
482;industrial_complex;1159.00;13.00;1370.00;3.69;0
482;industrial_complex;1160.00;13.05;1371.00;1.63;0
482;industrial_complex;1183.00;12.75;1312.00;1.02;0
482;nuclear_reactor;1175.00;13.50;1337.00;3.16;0
482;radar_station;1145.00;15.85;1313.00;3.76;0
482;rocket_site;1170.00;12.70;1361.00;0.14;0
482;synthetic_refinery;1121.00;15.00;1341.00;1.10;0
483;air_base;1050.00;9.98;1379.00;4.20;0
483;anti_air_building;1016.00;10.63;1400.00;2.81;0
483;anti_air_building;1063.00;9.65;1344.00;0.65;0
483;anti_air_building;1100.00;11.80;1343.00;4.78;0
483;arms_factory;1062.00;10.95;1380.00;2.58;0
483;arms_factory;1080.00;9.53;1326.00;4.64;0
483;arms_factory;1082.00;9.75;1318.00;1.98;0
483;arms_factory;1090.00;11.48;1351.00;1.02;0
483;arms_factory;1105.00;12.03;1359.00;3.69;0
483;arms_factory;1106.00;12.40;1350.00;5.25;0
483;bunker;1030.00;9.78;1398.00;5.92;0
483;bunker;1043.91;10.00;1389.77;2.15;0
483;bunker;1051.00;10.70;1387.00;1.70;0
483;bunker;1059.50;10.60;1372.28;0.59;0
483;bunker;1060.00;9.80;1352.00;3.61;0
483;bunker;1068.00;11.13;1361.00;1.10;0
483;bunker;1072.00;13.30;1381.00;2.65;0
483;bunker;1076.00;10.10;1349.00;5.82;0
483;bunker;1083.00;11.75;1362.00;4.21;0
483;bunker;1089.00;10.13;1334.00;0.59;0
483;bunker;1089.99;12.70;1382.16;3.71;0
483;bunker;1094.00;11.28;1318.00;3.76;0
483;bunker;1099.00;12.50;1369.00;1.55;0
483;bunker;1107.00;13.13;1334.00;5.32;0
483;bunker;1108.00;12.30;1356.00;4.71;0
483;coastal_bunker;1019.00;9.50;1392.00;0.00;0
483;coastal_bunker;1042.00;9.50;1380.00;-1.18;0
483;coastal_bunker;1042.00;9.50;1382.00;-0.28;0
483;coastal_bunker;1046.00;9.50;1366.00;-1.11;0
483;coastal_bunker;1048.00;9.50;1359.00;-1.06;0
483;coastal_bunker;1058.00;9.50;1343.00;-1.15;0
483;coastal_bunker;1074.00;9.50;1326.00;-0.79;0
483;coastal_bunker;1086.00;9.50;1313.00;-1.33;0
483;dockyard;1034.00;9.50;1385.00;-0.28;0
483;fuel_silo;1026.00;9.75;1399.00;0.06;0
483;industrial_complex;1022.00;9.70;1393.00;0.43;0
483;industrial_complex;1057.00;10.93;1367.00;1.03;0
483;industrial_complex;1063.00;9.70;1348.00;3.69;0
483;industrial_complex;1092.00;12.13;1361.00;1.63;0
483;industrial_complex;1103.00;13.30;1376.00;5.76;0
483;industrial_complex;1105.00;11.00;1303.00;0.08;0
483;naval_base;1015.00;9.50;1394.00;-0.28;2851
483;naval_base;1029.00;9.50;1391.00;-0.67;2851
483;naval_base;1042.00;9.53;1378.00;-1.18;2851
483;naval_base;1044.00;9.50;1371.00;-1.11;2851
483;naval_base;1046.00;9.50;1363.00;-1.25;2851
483;naval_base;1059.00;9.50;1340.00;-1.06;2851
483;naval_base;1065.00;9.50;1335.00;-0.79;5630
483;naval_base;1102.00;9.50;1300.00;-1.33;5630
483;nuclear_reactor;1058.00;11.28;1387.00;1.77;0
483;radar_station;1058.00;10.10;1357.00;2.72;0
483;rocket_site;1069.00;12.20;1373.00;5.38;0
483;synthetic_refinery;1047.00;9.73;1376.00;4.88;0
484;air_base;1026.00;9.80;1344.00;2.14;0
484;anti_air_building;996.00;9.70;1378.00;2.72;0
484;anti_air_building;1008.00;11.48;1391.00;5.38;0
484;anti_air_building;1047.00;9.68;1305.00;1.77;0
484;arms_factory;1000.00;11.35;1381.00;1.02;0
484;arms_factory;1014.00;10.88;1365.00;4.64;0
484;arms_factory;1019.00;10.40;1353.00;3.69;0
484;arms_factory;1028.00;9.70;1329.00;1.63;0
484;arms_factory;1036.00;9.90;1315.00;1.98;0
484;arms_factory;1052.00;10.88;1309.00;0.43;0
484;bunker;985.00;9.57;1397.00;3.10;0
484;bunker;997.00;10.73;1385.00;3.71;0
484;bunker;1009.00;9.80;1358.00;5.76;0
484;bunker;1009.00;11.50;1387.00;1.70;0
484;bunker;1010.00;10.50;1403.00;5.32;0
484;bunker;1012.00;11.18;1367.00;3.76;0
484;bunker;1021.00;9.60;1316.00;0.14;0
484;bunker;1026.00;10.43;1349.00;3.16;0
484;bunker;1064.00;10.53;1296.00;1.10;0
484;bunker;1068.00;9.85;1282.00;3.61;0
484;bunker;1076.00;9.70;1264.00;5.82;0
484;coastal_bunker;984.00;9.50;1397.00;-1.45;0
484;coastal_bunker;997.00;9.50;1370.00;-0.93;0
484;coastal_bunker;1000.00;9.50;1360.00;-0.17;0
484;coastal_bunker;1014.00;9.50;1391.00;-4.36;0
484;coastal_bunker;1017.00;10.15;1361.00;-4.15;0
484;coastal_bunker;1019.00;9.50;1316.00;-0.24;0
484;coastal_bunker;1034.00;9.50;1354.00;-4.12;0
484;coastal_bunker;1047.00;9.50;1299.00;-0.29;0
484;coastal_bunker;1070.00;9.70;1285.00;-3.14;0
484;coastal_bunker;1091.00;9.50;1241.00;0.30;0
484;dockyard;1061.00;9.50;1269.00;-0.79;0
484;fuel_silo;1043.00;9.68;1305.00;4.18;0
484;industrial_complex;994.00;12.20;1399.00;5.76;0
484;industrial_complex;1012.00;10.15;1358.00;4.20;0
484;industrial_complex;1044.00;9.68;1307.00;0.08;0
484;industrial_complex;1055.00;10.82;1306.00;3.69;0
484;industrial_complex;1089.00;9.60;1244.00;5.76;0
484;industrial_complex;1095.00;9.73;1248.00;1.03;0
484;naval_base;985.00;9.50;1395.00;-1.45;5554
484;naval_base;995.00;9.50;1370.00;-1.28;5554
484;naval_base;1006.00;9.50;1354.00;-0.17;5578
484;naval_base;1012.00;10.30;1380.00;-4.25;2851
484;naval_base;1015.00;9.50;1349.00;-1.66;5578
484;naval_base;1015.00;9.80;1375.00;-4.15;2851
484;naval_base;1019.00;9.50;1316.00;-0.24;5604
484;naval_base;1060.00;9.50;1307.00;-3.82;5630
484;naval_base;1078.00;9.55;1265.00;0.98;2828
484;naval_base;1087.00;9.57;1262.00;-4.33;2828
484;nuclear_reactor;1066.00;9.70;1270.00;5.39;0
484;radar_station;1022.00;9.53;1342.00;1.17;0
484;rocket_site;1000.00;10.73;1407.00;2.38;0
484;synthetic_refinery;1028.00;9.60;1324.00;3.32;0
485;air_base;1201.00;11.57;1174.00;1.19;0
485;anti_air_building;1202.00;9.93;1163.00;4.37;0
485;anti_air_building;1212.00;15.90;1190.00;2.21;0
485;anti_air_building;1227.00;11.90;1164.00;4.88;0
485;arms_factory;1224.00;12.65;1162.00;1.02;0
485;arms_factory;1225.00;14.78;1184.00;3.69;0
485;arms_factory;1227.00;10.68;1172.00;1.63;0
485;arms_factory;1236.00;11.85;1159.00;0.43;0
485;arms_factory;1243.00;13.13;1173.00;1.03;0
485;arms_factory;1258.00;13.65;1155.00;5.76;0
485;bunker;1209.00;10.90;1165.00;5.32;0
485;bunker;1226.00;12.45;1180.00;5.82;0
485;bunker;1235.00;11.23;1162.00;2.65;0
485;bunker;1240.00;11.63;1171.00;5.92;0
485;bunker;1251.00;13.28;1154.00;3.77;0
485;bunker;1267.00;9.68;1136.00;1.70;0
485;coastal_bunker;1201.00;9.50;1162.00;-0.22;0
485;coastal_bunker;1214.00;9.50;1159.00;-1.28;0
485;coastal_bunker;1245.00;9.50;1142.00;-0.51;0
485;coastal_bunker;1264.00;9.50;1136.00;-0.29;0
485;dockyard;1216.00;9.50;1159.00;-1.28;0
485;fuel_silo;1246.00;12.53;1155.00;0.56;0
485;industrial_complex;1213.00;10.10;1161.00;6.26;0
485;industrial_complex;1218.00;11.00;1164.00;5.76;0
485;industrial_complex;1229.00;10.50;1170.00;0.08;0
485;industrial_complex;1245.00;9.60;1143.00;2.14;0
485;industrial_complex;1247.00;9.95;1145.00;4.20;0
485;industrial_complex;1249.00;10.73;1147.00;3.69;0
485;naval_base;1210.00;9.50;1159.00;-0.22;2803
485;naval_base;1220.00;9.50;1154.00;-1.28;2803
485;naval_base;1243.00;9.50;1142.00;-0.46;5785
485;naval_base;1266.00;9.50;1133.00;-0.51;5785
485;nuclear_reactor;1268.00;14.85;1150.00;4.78;0
485;radar_station;1222.00;11.32;1161.00;2.81;0
485;rocket_site;1227.00;11.05;1175.00;0.65;0
485;synthetic_refinery;1212.00;11.30;1179.00;0.15;0
486;air_base;1710.00;9.90;933.00;1.33;0
486;anti_air_building;1674.00;10.00;934.00;2.27;0
486;anti_air_building;1698.00;9.90;943.00;4.44;0
486;anti_air_building;1736.00;9.80;937.00;1.77;0
486;arms_factory;1671.00;10.00;912.00;4.88;0
486;arms_factory;1673.00;10.05;921.00;2.81;0
486;arms_factory;1681.00;9.98;952.00;0.15;0
486;arms_factory;1690.00;9.80;947.00;4.78;0
486;arms_factory;1719.00;9.80;949.00;0.65;0
486;arms_factory;1727.00;9.80;929.00;4.88;0
486;bunker;1671.00;10.05;924.00;0.90;0
486;bunker;1681.00;12.93;975.00;3.16;0
486;bunker;1692.00;10.00;925.00;5.03;0
486;bunker;1700.00;9.80;951.00;5.39;0
486;bunker;1718.00;9.85;929.00;1.41;0
486;bunker;1724.00;9.80;947.00;0.80;0
486;bunker;1742.00;9.80;954.00;2.65;0
486;fuel_silo;1720.00;9.80;949.00;2.12;0
486;industrial_complex;1693.00;9.80;953.00;1.77;0
486;industrial_complex;1703.00;9.80;948.00;2.38;0
486;industrial_complex;1706.00;9.88;941.00;2.72;0
486;industrial_complex;1710.00;9.90;932.00;3.32;0
486;industrial_complex;1731.00;9.80;955.00;5.38;0
486;industrial_complex;1741.00;9.80;944.00;1.17;0
486;nuclear_reactor;1667.00;10.10;924.00;5.46;0
486;radar_station;1690.00;9.98;928.00;1.33;0
486;rocket_site;1732.00;9.80;930.00;3.84;0
486;synthetic_refinery;1693.00;9.80;950.00;1.23;0
487;air_base;1838.00;9.85;649.00;0.21;0
487;anti_air_building;1822.00;10.60;583.00;4.94;0
487;anti_air_building;1840.00;10.10;630.00;2.78;0
487;anti_air_building;1845.00;11.25;589.00;1.93;0
487;arms_factory;1823.00;9.90;632.00;5.98;0
487;arms_factory;1832.00;9.95;632.00;4.27;0
487;arms_factory;1835.00;10.32;576.00;0.05;0
487;arms_factory;1839.00;10.38;608.00;3.32;0
487;arms_factory;1843.00;9.90;640.00;0.65;0
487;arms_factory;1848.00;9.90;641.00;1.26;0
487;bunker;1817.00;10.50;606.00;0.72;0
487;bunker;1820.00;10.60;590.00;4.44;0
487;bunker;1828.00;10.25;578.00;4.94;0
487;bunker;1844.00;10.10;622.00;3.23;0
487;bunker;1845.00;11.10;598.00;0.21;0
487;bunker;1858.00;10.55;636.00;2.88;0
487;bunker;1877.00;10.15;594.00;2.27;0
487;fuel_silo;1857.00;10.13;621.00;1.83;0
487;industrial_complex;1806.00;10.60;585.00;5.99;0
487;industrial_complex;1833.00;10.20;574.00;3.83;0
487;industrial_complex;1837.00;10.88;593.00;3.32;0
487;industrial_complex;1848.00;11.30;591.00;3.93;0
487;industrial_complex;1884.00;10.35;603.00;1.77;0
487;industrial_complex;1890.00;10.07;604.00;2.72;0
487;nuclear_reactor;1829.00;10.73;606.00;2.44;0
487;radar_station;1846.00;11.10;602.00;2.81;0
487;rocket_site;1837.00;10.20;614.00;6.06;0
487;synthetic_refinery;1836.00;9.90;648.00;3.99;0
488;air_base;3019.00;9.70;1428.00;4.44;0
488;anti_air_building;3018.00;9.53;1427.00;1.93;0
488;anti_air_building;3018.00;9.65;1429.00;0.72;0
488;anti_air_building;3018.00;9.65;1429.00;4.94;0
488;arms_factory;3018.00;9.53;1427.00;3.93;0
488;arms_factory;3018.00;9.60;1428.00;0.65;0
488;arms_factory;3018.00;9.60;1428.00;5.98;0
488;arms_factory;3019.00;9.70;1429.00;2.72;0
488;arms_factory;3019.00;9.70;1429.00;3.32;0
488;arms_factory;3020.00;9.65;1430.00;4.27;0
488;bunker;3018.00;9.60;1428.00;4.94;0
488;coastal_bunker;3017.00;9.50;1427.00;-1.57;0
488;dockyard;3019.00;9.50;1431.00;-1.57;0
488;fuel_silo;3019.00;9.70;1429.00;3.99;0
488;industrial_complex;3018.00;9.53;1427.00;3.32;0
488;industrial_complex;3018.00;9.60;1428.00;3.83;0
488;industrial_complex;3018.00;9.60;1428.00;5.99;0
488;industrial_complex;3018.00;9.65;1429.00;1.77;0
488;industrial_complex;3018.00;9.65;1429.00;3.23;0
488;industrial_complex;3019.00;9.70;1428.00;0.21;0
488;naval_base;3017.00;9.50;1429.00;-1.57;5786
488;nuclear_reactor;3018.00;9.53;1427.00;6.06;0
488;radar_station;3019.00;9.50;1432.00;6.16;0
488;rocket_site;3018.00;9.53;1427.00;3.39;0
488;synthetic_refinery;3020.00;9.65;1430.00;2.78;0
489;air_base;1680.00;9.88;1039.00;5.82;0
489;anti_air_building;1685.00;9.70;1058.00;4.44;0
489;anti_air_building;1690.00;12.53;1003.00;2.27;0
489;anti_air_building;1692.00;12.70;1001.00;3.84;0
489;arms_factory;1673.00;11.75;1040.00;4.14;0
489;arms_factory;1681.00;9.80;1039.00;5.85;0
489;arms_factory;1697.00;9.70;1035.00;0.52;0
489;arms_factory;1698.00;9.73;1033.00;2.59;0
489;arms_factory;1702.00;10.65;1019.00;4.64;0
489;arms_factory;1704.00;12.05;1018.00;0.43;0
489;bunker;1675.00;9.73;1007.00;0.15;0
489;bunker;1680.00;9.88;1047.00;4.88;0
489;bunker;1681.00;10.15;1004.00;2.72;0
489;bunker;1699.00;9.70;1029.00;2.14;0
489;bunker;1704.00;10.70;1005.00;4.88;0
489;coastal_bunker;1682.00;9.53;1023.00;-4.29;0
489;coastal_bunker;1688.00;9.50;1057.00;-4.09;0
489;coastal_bunker;1692.00;9.50;1042.00;-2.25;0
489;coastal_bunker;1697.00;9.50;1018.00;-1.99;0
489;dockyard;1692.00;9.50;1035.00;-1.79;0
489;fuel_silo;1684.00;12.07;1002.00;5.29;0
489;industrial_complex;1677.00;11.63;992.00;3.09;0
489;industrial_complex;1678.00;11.80;991.00;5.16;0
489;industrial_complex;1682.00;9.95;1006.00;3.10;0
489;industrial_complex;1695.00;9.57;1032.00;5.76;0
489;industrial_complex;1702.00;10.48;1029.00;0.08;0
489;industrial_complex;1705.00;12.93;1017.00;1.03;0
489;naval_base;1682.00;9.60;1022.00;-4.29;2232
489;naval_base;1683.00;9.68;1048.00;-4.09;2232
489;naval_base;1691.00;9.50;1037.00;-2.25;2232
489;naval_base;1694.00;9.53;1015.00;-1.99;2232
489;nuclear_reactor;1697.00;13.45;1010.00;2.28;0
489;radar_station;1670.00;13.80;1032.00;4.21;0
489;rocket_site;1675.00;9.73;1026.00;0.72;0
489;synthetic_refinery;1677.00;12.23;989.00;1.55;0
490;air_base;1640.00;9.85;813.00;3.76;0
490;anti_air_building;1600.00;10.10;824.00;3.84;0
490;anti_air_building;1615.00;10.15;830.00;2.27;0
490;anti_air_building;1645.00;9.90;821.00;4.44;0
490;arms_factory;1590.00;11.25;804.00;2.14;0
490;arms_factory;1636.00;9.80;811.00;1.19;0
490;arms_factory;1650.00;9.80;810.00;6.26;0
490;arms_factory;1659.00;9.80;817.00;4.20;0
490;arms_factory;1678.00;9.80;828.00;4.71;0
490;arms_factory;1688.00;9.80;827.00;0.59;0
490;bunker;1580.00;13.00;801.00;1.77;0
490;bunker;1609.00;9.88;801.00;3.64;0
490;bunker;1609.00;10.00;813.00;3.16;0
490;bunker;1633.00;10.00;843.00;3.54;0
490;bunker;1647.00;9.90;838.00;4.37;0
490;bunker;1661.00;9.80;819.00;0.14;0
490;bunker;1671.00;9.80;816.00;4.15;0
490;bunker;1687.00;9.80;814.00;1.48;0
490;fuel_silo;1601.00;9.90;795.00;0.57;0
490;industrial_complex;1592.00;10.50;803.00;1.77;0
490;industrial_complex;1592.00;10.65;806.00;5.39;0
490;industrial_complex;1627.00;9.95;827.00;2.38;0
490;industrial_complex;1680.00;9.80;828.00;1.77;0
490;industrial_complex;1684.00;9.80;825.00;3.32;0
490;industrial_complex;1699.00;9.80;823.00;1.17;0
490;nuclear_reactor;1674.00;9.80;817.00;4.88;0
490;radar_station;1593.00;10.35;813.00;0.65;0
490;rocket_site;1657.00;9.80;814.00;4.78;0
490;synthetic_refinery;1639.00;9.80;801.00;2.81;0
491;air_base;1631.00;9.95;751.00;3.27;0
491;anti_air_building;1625.00;9.90;767.00;5.23;0
491;anti_air_building;1654.00;9.80;781.00;5.33;0
491;anti_air_building;1659.00;9.90;768.00;1.11;0
491;arms_factory;1593.00;13.73;781.00;2.38;0
491;arms_factory;1610.00;9.80;789.00;1.77;0
491;arms_factory;1655.00;9.80;786.00;2.27;0
491;arms_factory;1667.00;9.82;792.00;4.44;0
491;arms_factory;1682.00;9.80;811.00;5.39;0
491;arms_factory;1688.00;9.80;800.00;1.17;0
491;bunker;1608.00;10.63;782.00;4.37;0
491;bunker;1627.00;10.75;754.00;1.33;0
491;bunker;1641.00;9.80;780.00;5.39;0
491;bunker;1645.00;10.18;752.00;2.38;0
491;bunker;1665.00;9.80;782.00;4.88;0
491;bunker;1677.00;9.80;796.00;1.48;0
491;fuel_silo;1619.00;11.50;750.00;3.23;0
491;industrial_complex;1619.00;9.80;788.00;4.94;0
491;industrial_complex;1622.00;11.65;748.00;0.22;0
491;industrial_complex;1630.00;9.90;765.00;0.72;0
491;industrial_complex;1630.00;10.10;752.00;3.84;0
491;industrial_complex;1669.00;9.80;810.00;2.28;0
491;industrial_complex;1681.00;9.80;799.00;2.88;0
491;nuclear_reactor;1600.00;10.00;791.00;5.38;0
491;radar_station;1655.00;9.80;777.00;5.55;0
491;rocket_site;1603.00;11.60;782.00;2.72;0
491;synthetic_refinery;1660.00;9.80;784.00;5.45;0
492;air_base;1692.17;14.10;596.75;5.39;0
492;anti_air_building;1642.00;12.03;626.00;5.93;0
492;anti_air_building;1669.00;14.73;649.00;5.82;0
492;anti_air_building;1695.00;16.52;597.00;2.27;0
492;arms_factory;1636.25;13.30;642.72;5.33;0
492;arms_factory;1655.00;13.80;665.00;3.27;0
492;arms_factory;1669.14;15.10;637.58;5.23;0
492;arms_factory;1669.28;15.20;627.44;1.11;0
492;arms_factory;1671.21;15.20;631.77;3.17;0
492;arms_factory;1674.87;15.30;623.32;2.06;0
492;bunker;1631.07;14.40;654.35;2.09;0
492;bunker;1634.18;10.70;632.45;4.89;0
492;bunker;1650.84;14.90;650.40;1.77;0
492;bunker;1662.00;13.05;615.00;6.21;0
492;bunker;1675.07;15.30;627.81;2.72;0
492;bunker;1681.00;10.65;600.00;4.78;0
492;bunker;1692.59;15.20;620.33;4.44;0
492;bunker;1697.20;12.60;587.54;3.32;0
492;bunker;1715.57;15.20;594.44;2.27;0
492;coastal_bunker;1617.00;9.50;654.00;-1.49;0
492;coastal_bunker;1618.00;9.50;641.00;-0.91;0
492;coastal_bunker;1635.00;9.50;622.00;-0.79;0
492;coastal_bunker;1669.00;9.50;604.00;-0.79;0
492;coastal_bunker;1693.00;9.50;586.00;-0.90;0
492;dockyard;1652.00;9.50;611.00;-0.90;0
492;fuel_silo;1662.00;15.03;642.00;5.89;0
492;industrial_complex;1626.78;11.00;643.25;2.22;0
492;industrial_complex;1627.00;13.60;652.00;2.83;0
492;industrial_complex;1653.85;15.00;640.58;5.84;0
492;industrial_complex;1658.47;14.90;640.61;0.67;0
492;industrial_complex;1659.78;15.00;635.42;3.78;0
492;industrial_complex;1662.49;12.10;611.49;1.62;0
492;naval_base;1617.00;9.50;652.00;-1.49;4708
492;naval_base;1628.00;9.50;631.00;-1.19;4931
492;naval_base;1634.00;9.50;622.00;-0.90;4931
492;naval_base;1682.00;9.50;596.00;-0.79;5252
492;naval_base;1692.00;9.50;587.00;-0.90;5252
492;nuclear_reactor;1631.00;11.93;642.00;2.88;0
492;radar_station;1636.00;12.20;637.00;0.72;0
492;rocket_site;1665.00;15.05;634.00;3.76;0
492;synthetic_refinery;1635.00;15.35;646.00;3.84;0
493;air_base;1633.94;9.70;1037.71;5.01;0
493;anti_air_building;1617.00;10.25;998.00;1.39;0
493;anti_air_building;1650.00;10.10;1038.00;5.62;0
493;anti_air_building;1666.00;10.65;1042.00;4.42;0
493;arms_factory;1622.00;13.35;983.00;5.46;0
493;arms_factory;1631.00;9.78;1018.00;1.84;0
493;arms_factory;1659.00;14.18;1043.00;1.23;0
493;bunker;1627.00;9.57;1025.00;2.27;0
493;bunker;1645.00;9.70;1013.00;1.77;0
493;bunker;1649.00;9.60;1047.00;0.22;0
493;bunker;1649.00;9.75;1024.00;5.63;0
493;bunker;1651.00;9.80;1029.00;2.38;0
493;coastal_bunker;1616.00;9.50;1014.00;-1.94;0
493;coastal_bunker;1628.00;9.50;1036.00;-1.85;0
493;coastal_bunker;1642.00;9.50;1045.00;-2.68;0
493;coastal_bunker;1647.00;9.50;1044.00;-2.43;0
493;dockyard;1611.00;9.57;1008.00;-1.94;0
493;fuel_silo;1633.00;9.70;1006.00;3.73;0
493;industrial_complex;1627.00;12.63;985.00;2.95;0
493;industrial_complex;1634.00;9.78;1032.00;0.89;0
493;industrial_complex;1650.00;9.73;1012.00;4.51;0
493;industrial_complex;1661.00;12.88;1045.00;3.90;0
493;industrial_complex;1668.00;10.70;1040.00;5.11;0
493;naval_base;1612.00;9.50;1010.00;-1.94;2547
493;naval_base;1632.00;9.57;1040.00;-3.27;2258
493;naval_base;1646.00;9.50;1043.00;-2.43;2258
493;naval_base;1646.00;9.57;1041.00;-2.68;2258
493;nuclear_reactor;1629.00;9.55;1037.00;5.02;0
493;radar_station;1640.00;9.73;1027.00;3.46;0
493;synthetic_refinery;1654.00;10.95;1035.00;6.06;0
494;air_base;1698.00;11.00;670.00;0.65;0
494;anti_air_building;1671.00;10.78;701.00;2.38;0
494;anti_air_building;1699.00;11.00;682.00;5.39;0
494;anti_air_building;1700.00;11.10;676.00;1.17;0
494;arms_factory;1660.00;10.05;719.00;0.14;0
494;arms_factory;1673.00;10.43;709.00;1.10;0
494;arms_factory;1683.10;14.80;655.56;5.32;0
494;arms_factory;1687.62;12.80;663.13;5.82;0
494;arms_factory;1695.44;15.20;643.96;3.76;0
494;arms_factory;1696.00;10.20;710.00;1.70;0
494;bunker;1636.00;10.40;724.00;4.88;0
494;bunker;1638.00;10.25;708.00;1.04;0
494;bunker;1644.00;9.90;738.00;0.72;0
494;bunker;1658.00;14.78;671.00;1.77;0
494;bunker;1666.00;10.45;712.00;5.38;0
494;bunker;1675.00;11.00;684.00;5.25;0
494;bunker;1680.00;11.13;687.00;3.32;0
494;bunker;1687.69;15.00;646.54;1.99;0
494;bunker;1700.00;10.90;682.00;4.66;0
494;bunker;1709.09;15.20;636.70;5.84;0
494;bunker;1721.00;10.68;675.00;4.78;0
494;bunker;1727.00;10.57;668.00;2.72;0
494;fuel_silo;1676.00;12.80;666.00;3.84;0
494;industrial_complex;1633.36;10.40;738.57;4.37;0
494;industrial_complex;1636.00;10.20;709.00;2.21;0
494;industrial_complex;1654.00;10.15;721.00;2.81;0
494;industrial_complex;1673.00;10.35;710.00;4.88;0
494;industrial_complex;1686.25;14.50;655.61;3.16;0
494;industrial_complex;1715.00;10.65;660.00;0.15;0
494;nuclear_reactor;1697.50;14.90;646.07;3.84;0
494;radar_station;1672.00;11.48;668.00;4.44;0
494;rocket_site;1668.00;10.80;695.00;2.27;0
494;synthetic_refinery;1656.00;11.50;689.00;1.77;0
495;anti_air_building;1888.00;10.30;811.00;3.99;0
495;bunker;1868.00;9.70;786.00;2.88;0
495;bunker;1883.00;10.30;801.00;1.77;0
495;bunker;1902.00;10.30;821.00;0.21;0
495;bunker;1905.00;10.40;829.00;3.23;0
495;industrial_complex;1904.00;10.30;823.00;5.82;0
496;arms_factory;2075.00;11.63;601.00;0.01;0
496;bunker;2090.00;11.70;608.00;0.21;0
496;bunker;2093.00;10.95;588.00;3.93;0
496;radar_station;2088.00;11.43;604.00;4.94;0
497;air_base;2137.00;9.70;801.00;4.74;0
497;arms_factory;2160.00;10.50;793.00;3.99;0
497;bunker;2148.00;9.70;815.00;4.22;0
497;bunker;2163.00;10.32;801.00;1.84;0
497;coastal_bunker;2153.00;9.57;824.00;-3.46;0
497;dockyard;2160.00;9.60;822.00;-3.55;0
497;naval_base;2154.00;9.68;823.00;-3.46;2472
498;anti_air_building;2246.00;9.98;764.00;4.58;0
498;arms_factory;2210.00;9.70;787.00;2.21;0
498;arms_factory;2216.00;10.25;763.00;4.88;0
498;arms_factory;2234.00;10.55;763.00;2.81;0
498;arms_factory;2249.00;9.75;775.00;4.78;0
498;bunker;2201.00;10.10;766.00;4.94;0
498;bunker;2211.00;9.70;785.00;1.84;0
498;bunker;2236.00;10.55;768.00;1.23;0
498;bunker;2237.00;9.70;786.00;5.46;0
498;bunker;2249.00;9.78;774.00;4.51;0
498;bunker;2259.00;9.70;757.00;5.01;0
498;coastal_bunker;2223.00;9.53;794.00;-3.97;0
498;coastal_bunker;2238.00;9.60;787.00;-3.79;0
498;coastal_bunker;2249.00;9.55;787.00;-3.73;0
498;coastal_bunker;2262.00;9.55;754.00;1.41;0
498;fuel_silo;2203.00;10.65;750.00;3.74;0
498;naval_base;2217.00;9.68;795.00;-3.97;2398
498;naval_base;2228.00;9.55;790.00;-3.79;2849
498;naval_base;2248.00;9.60;787.00;-3.73;2849
498;naval_base;2257.00;9.60;773.00;-3.52;2849
499;air_base;2203.57;9.70;669.30;3.39;0
499;arms_factory;2151.00;10.68;692.00;5.60;0
499;arms_factory;2166.00;11.15;687.00;3.54;0
499;bunker;2152.00;10.85;701.00;5.55;0
499;bunker;2174.00;10.50;712.00;5.45;0
499;bunker;2176.00;10.45;671.00;2.88;0
499;bunker;2189.00;10.50;694.00;2.66;0
499;bunker;2191.00;10.40;728.00;2.16;0
499;bunker;2198.00;10.73;707.00;0.72;0
499;bunker;2202.00;10.20;678.00;3.39;0
499;bunker;2207.00;10.28;714.00;4.72;0
499;coastal_bunker;2219.00;9.60;681.00;0.88;0
499;industrial_complex;2195.00;10.38;724.00;2.38;0
499;industrial_complex;2204.00;10.00;683.00;3.32;0
499;industrial_complex;2208.00;10.25;701.00;1.17;0
499;naval_base;2219.00;9.60;681.00;0.88;995
499;nuclear_reactor;2181.00;10.40;686.00;5.01;0
499;radar_station;2180.00;10.45;676.00;4.51;0
500;air_base;2128.86;11.10;503.50;4.94;0
500;anti_air_building;2152.00;10.40;523.00;3.71;0
500;anti_air_building;2162.00;9.65;518.00;1.55;0
500;anti_air_building;2163.00;9.60;513.00;3.61;0
500;arms_factory;2113.00;12.30;507.00;5.25;0
500;arms_factory;2129.00;10.53;500.00;5.60;0
500;arms_factory;2137.00;10.65;509.00;0.52;0
500;arms_factory;2152.00;10.90;527.00;2.59;0
500;arms_factory;2164.00;9.70;518.00;4.65;0
500;arms_factory;2165.00;9.70;517.00;6.21;0
500;bunker;2121.00;10.28;501.00;5.76;0
500;bunker;2134.00;10.40;504.00;0.89;0
500;bunker;2150.00;9.90;516.00;3.39;0
500;bunker;2155.00;9.70;515.00;5.55;0
500;coastal_bunker;2108.00;9.88;493.00;-0.10;0
500;coastal_bunker;2125.00;9.50;498.00;-0.54;0
500;coastal_bunker;2145.00;9.50;498.00;0.46;0
500;coastal_bunker;2166.00;9.53;519.00;-4.57;0
500;dockyard;2166.00;9.55;517.00;-4.57;0
500;fuel_silo;2160.00;9.80;525.00;4.25;0
500;industrial_complex;2112.00;12.28;506.00;3.09;0
500;industrial_complex;2123.00;11.43;511.00;3.19;0
500;industrial_complex;2129.00;11.05;505.00;3.10;0
500;industrial_complex;2143.00;10.13;511.00;1.04;0
500;industrial_complex;2150.00;10.00;510.00;3.70;0
500;industrial_complex;2152.00;9.82;514.00;5.26;0
500;naval_base;2108.00;10.00;495.00;-0.10;2694
500;naval_base;2123.00;9.50;498.00;-0.54;2694
500;naval_base;2156.00;9.50;509.00;0.46;2719
500;naval_base;2166.00;9.55;516.00;-4.57;8452
500;nuclear_reactor;2121.00;11.45;509.00;0.89;0
500;radar_station;2150.00;9.95;519.00;1.91;0
500;rocket_site;2126.00;10.80;507.00;0.59;0
500;synthetic_refinery;2153.00;10.82;530.00;4.21;0
501;air_base;2081.32;12.30;491.83;0.21;0
501;bunker;2075.00;10.15;478.00;2.78;0
501;bunker;2075.00;11.85;488.00;3.39;0
501;bunker;2098.00;11.00;489.00;5.45;0
501;bunker;2105.00;10.88;493.00;6.06;0
501;coastal_bunker;2076.00;9.50;477.00;1.25;0
501;coastal_bunker;2097.00;9.50;482.00;0.59;0
501;coastal_bunker;2104.00;9.50;490.00;0.51;0
501;dockyard;2090.00;9.50;484.00;0.59;0
501;naval_base;2068.00;9.50;470.00;-0.11;2643
501;naval_base;2085.02;9.90;481.57;0.59;8716
501;naval_base;2105.00;9.50;491.00;0.51;2694
502;air_base;2004.83;9.70;371.63;0.72;0
502;bunker;1948.00;10.00;409.00;2.95;0
502;bunker;1969.00;10.68;397.00;4.51;0
502;bunker;1987.00;11.00;396.00;4.51;0
502;bunker;1998.00;11.50;400.00;1.33;0
502;bunker;2003.00;9.70;369.00;3.40;0
502;bunker;2007.00;9.55;362.00;4.96;0
502;bunker;2014.00;10.90;381.00;3.90;0
502;coastal_bunker;1999.00;9.50;368.00;0.07;0
502;coastal_bunker;2007.00;9.50;360.00;-0.79;0
502;coastal_bunker;2017.00;9.53;378.00;0.73;0
502;dockyard;1996.00;9.50;346.00;0.07;0
502;naval_base;1991.00;9.50;342.00;-0.79;5975
502;naval_base;2001.69;9.70;365.56;0.07;5975
502;naval_base;2018.00;9.70;381.00;0.73;6256
502;nuclear_reactor;2005.00;10.60;382.00;3.97;0
502;synthetic_refinery;1968.00;10.80;409.00;1.91;0
503;air_base;2026.00;11.53;456.00;6.20;0
503;anti_air_building;2006.00;11.20;463.00;0.08;0
503;anti_air_building;2018.00;10.73;482.00;5.16;0
503;arms_factory;1998.00;10.68;486.00;5.69;0
503;arms_factory;2002.00;11.10;469.00;4.58;0
503;arms_factory;2015.00;11.50;461.00;3.02;0
503;arms_factory;2021.00;11.90;462.00;3.63;0
503;arms_factory;2023.00;10.80;481.00;0.96;0
503;arms_factory;2026.00;11.53;451.00;0.36;0
503;bunker;2002.00;11.15;461.00;5.85;0
503;bunker;2014.00;10.60;493.00;0.43;0
503;bunker;2019.00;10.85;476.00;0.52;0
503;bunker;2044.00;10.75;454.00;4.14;0
503;coastal_bunker;2049.00;9.60;452.00;1.27;0
503;dockyard;2044.00;9.60;448.00;1.27;0
503;fuel_silo;2030.00;10.88;478.00;4.85;0
503;industrial_complex;1994.00;10.60;474.00;4.13;0
503;industrial_complex;2013.00;11.23;472.00;2.07;0
503;industrial_complex;2027.00;11.80;463.00;0.87;0
503;naval_base;2048.00;9.50;450.00;1.27;2643
503;radar_station;2012.00;11.20;469.00;4.17;0
503;synthetic_refinery;2040.00;10.82;451.00;3.10;0
504;anti_air_building;1976.00;10.60;539.00;5.16;0
504;anti_air_building;1990.00;10.90;552.00;3.10;0
504;arms_factory;1945.00;10.13;552.00;4.58;0
504;arms_factory;1955.00;11.23;521.00;3.63;0
504;arms_factory;1960.00;11.20;534.00;0.96;0
504;arms_factory;1981.00;10.50;514.00;3.02;0
504;arms_factory;1994.00;10.40;527.00;0.36;0
504;bunker;1944.00;10.07;545.00;2.58;0
504;bunker;1955.00;10.93;543.00;4.64;0
504;bunker;1955.00;11.10;512.00;3.09;0
504;bunker;1961.00;11.20;525.00;5.85;0
504;bunker;1965.00;10.65;552.00;4.14;0
504;bunker;1965.00;11.00;589.00;6.20;0
504;bunker;1982.00;10.50;519.00;2.59;0
504;bunker;1986.00;10.95;551.00;5.76;0
504;fuel_silo;2002.00;10.60;541.00;1.23;0
504;industrial_complex;1945.00;10.40;540.00;5.69;0
504;industrial_complex;1970.00;10.78;542.00;5.09;0
504;industrial_complex;1976.00;11.07;553.00;2.07;0
504;industrial_complex;1997.00;10.60;534.00;0.87;0
504;industrial_complex;2006.00;11.10;554.00;4.13;0
504;nuclear_reactor;1955.00;10.53;571.00;1.55;0
504;radar_station;1957.00;10.60;547.00;1.94;0
504;rocket_site;1966.00;11.15;579.00;4.81;0
504;synthetic_refinery;1990.00;10.60;542.00;5.76;0
505;bunker;1995.00;11.70;581.00;3.17;0
505;bunker;2016.00;10.20;626.00;4.51;0
505;bunker;2017.00;10.50;609.00;2.22;0
505;bunker;2017.00;10.90;596.00;1.71;0
505;bunker;2032.00;11.20;574.00;1.23;0
505;bunker;2039.00;11.35;612.00;1.39;0
505;bunker;2041.00;11.30;575.00;3.78;0
505;industrial_complex;2058.00;11.88;582.00;0.79;0
505;industrial_complex;2059.00;11.90;580.00;4.06;0
505;industrial_complex;2059.00;11.90;581.00;5.01;0
505;synthetic_refinery;2011.00;10.10;624.00;5.52;0
506;air_base;1706.00;9.70;444.00;1.33;0
506;anti_air_building;1707.41;10.00;446.23;5.69;0
506;anti_air_building;1709.78;10.00;453.34;3.02;0
506;anti_air_building;1729.90;14.10;479.27;0.36;0
506;arms_factory;1714.00;12.93;447.00;1.40;0
506;arms_factory;1718.00;12.98;481.00;1.91;0
506;arms_factory;1720.00;13.07;480.00;5.62;0
506;arms_factory;1739.67;14.60;494.26;4.07;0
506;arms_factory;1741.40;14.10;479.23;5.02;0
506;arms_factory;1746.53;15.00;492.70;3.46;0
506;bunker;1712.00;12.32;457.00;3.63;0
506;bunker;1716.00;13.00;506.00;6.13;0
506;bunker;1725.88;13.20;491.45;4.51;0
506;bunker;1733.13;15.00;455.73;3.97;0
506;bunker;1733.89;14.90;508.49;2.01;0
506;bunker;1747.68;14.80;484.60;3.46;0
506;coastal_bunker;1707.00;9.50;451.00;-1.68;0
506;coastal_bunker;1707.00;9.50;485.00;-1.48;0
506;coastal_bunker;1710.00;9.50;506.00;-1.79;0
506;dockyard;1706.00;9.50;465.00;-1.76;0
506;fuel_silo;1716.00;13.32;454.00;0.63;0
506;industrial_complex;1708.00;10.05;449.00;3.97;0
506;industrial_complex;1717.00;13.00;482.00;1.91;0
506;industrial_complex;1732.98;14.40;481.51;6.13;0
506;industrial_complex;1734.75;14.50;488.43;2.01;0
506;industrial_complex;1737.87;14.40;481.84;5.18;0
506;industrial_complex;1750.23;15.30;494.43;4.58;0
506;naval_base;1706.00;9.50;470.00;-1.76;5304
506;naval_base;1707.00;9.50;472.00;-1.65;5304
506;naval_base;1710.00;9.50;497.00;-0.64;5304
506;nuclear_reactor;1753.95;15.30;485.42;2.07;0
506;radar_station;1712.00;10.55;485.00;2.07;0
506;rocket_site;1747.77;14.70;480.63;5.09;0
506;synthetic_refinery;1719.00;12.88;474.00;0.79;0
508;air_base;1754.00;14.85;408.00;2.58;0
508;anti_air_building;1754.00;20.20;442.00;1.03;0
508;anti_air_building;1783.00;11.78;396.00;3.69;0
508;anti_air_building;1788.00;12.85;435.00;5.76;0
508;arms_factory;1745.00;21.73;430.00;0.96;0
508;arms_factory;1759.00;19.60;427.00;1.46;0
508;arms_factory;1764.00;20.68;433.00;5.69;0
508;arms_factory;1787.00;12.10;422.00;3.52;0
508;arms_factory;1791.00;12.60;434.00;3.02;0
508;arms_factory;1794.00;12.80;436.00;3.63;0
508;bunker;1741.00;22.80;420.00;1.02;0
508;bunker;1745.00;20.93;453.00;4.64;0
508;bunker;1756.00;19.58;426.00;3.69;0
508;bunker;1760.00;20.63;439.00;1.63;0
508;bunker;1761.00;15.68;413.00;5.25;0
508;bunker;1779.00;10.38;391.00;1.98;0
508;bunker;1780.00;15.53;436.00;0.43;0
508;fuel_silo;1788.00;11.53;393.00;4.20;0
508;industrial_complex;1746.00;20.68;453.00;0.52;0
508;industrial_complex;1756.00;15.60;411.00;2.07;0
508;industrial_complex;1758.00;19.43;454.00;1.47;0
508;industrial_complex;1761.00;19.95;451.00;6.20;0
508;industrial_complex;1762.00;19.90;427.00;4.13;0
508;industrial_complex;1768.00;19.75;430.00;3.63;0
508;nuclear_reactor;1735.00;21.65;422.00;6.26;0
508;radar_station;1764.00;15.78;417.00;5.44;0
508;rocket_site;1780.00;10.43;390.00;2.14;0
508;synthetic_refinery;1773.00;18.15;439.00;0.08;0
509;air_base;1861.00;10.35;419.00;2.58;0
509;anti_air_building;1844.00;10.48;436.00;0.59;0
509;anti_air_building;1851.00;9.80;461.00;4.20;0
509;anti_air_building;1876.00;10.05;437.00;4.71;0
509;arms_factory;1795.00;10.55;399.00;3.63;0
509;arms_factory;1799.00;10.23;417.00;3.02;0
509;arms_factory;1822.00;9.90;424.00;5.69;0
509;arms_factory;1827.00;9.93;425.00;0.96;0
509;arms_factory;1832.00;10.18;420.00;1.46;0
509;arms_factory;1833.00;10.32;401.00;3.52;0
509;bunker;1792.00;10.30;418.00;3.69;0
509;bunker;1799.00;10.78;430.00;5.76;0
509;bunker;1808.00;9.93;388.00;5.76;0
509;bunker;1811.00;9.88;415.00;1.98;0
509;bunker;1816.00;10.05;432.00;0.43;0
509;bunker;1818.00;10.15;446.00;3.69;0
509;bunker;1821.00;10.35;397.00;1.63;0
509;bunker;1823.00;9.90;417.00;6.26;0
509;bunker;1825.00;10.43;398.00;5.25;0
509;bunker;1830.00;10.43;454.00;1.02;0
509;bunker;1840.00;10.43;432.00;4.20;0
509;bunker;1849.00;10.07;451.00;2.14;0
509;bunker;1849.00;10.15;412.00;0.08;0
509;bunker;1864.00;10.30;418.00;1.19;0
509;bunker;1866.00;10.38;424.00;4.64;0
509;bunker;1884.00;10.20;431.00;1.03;0
509;fuel_silo;1829.00;10.45;461.00;2.65;0
509;industrial_complex;1802.00;10.10;406.00;6.20;0
509;industrial_complex;1834.00;10.32;399.00;0.52;0
509;industrial_complex;1835.00;10.50;434.00;4.13;0
509;industrial_complex;1838.00;10.45;417.00;3.63;0
509;industrial_complex;1839.00;9.90;464.00;1.47;0
509;industrial_complex;1850.00;9.80;453.00;2.07;0
509;nuclear_reactor;1853.00;9.82;449.00;5.82;0
509;radar_station;1841.00;10.40;427.00;4.22;0
509;rocket_site;1837.00;10.00;392.00;1.70;0
509;synthetic_refinery;1853.00;9.80;450.00;5.92;0
511;air_base;1717.00;15.93;291.00;6.20;0
511;anti_air_building;1730.00;15.88;306.00;6.26;0
511;anti_air_building;1751.00;11.70;270.00;1.19;0
511;anti_air_building;1760.00;10.82;281.00;2.14;0
511;arms_factory;1730.00;17.30;320.00;4.57;0
511;arms_factory;1732.00;14.70;282.00;0.96;0
511;arms_factory;1738.00;13.85;290.00;3.63;0
511;arms_factory;1770.00;11.48;330.00;1.46;0
511;arms_factory;1775.00;11.18;320.00;5.69;0
511;arms_factory;1779.00;12.48;336.00;3.02;0
511;bunker;1719.00;15.95;293.00;1.02;0
511;bunker;1724.00;16.70;299.00;4.20;0
511;bunker;1728.00;19.70;333.00;5.25;0
511;bunker;1734.00;11.43;253.00;5.76;0
511;bunker;1744.00;12.75;276.00;3.69;0
511;bunker;1745.00;11.48;337.00;3.69;0
511;bunker;1745.00;12.23;310.00;0.08;0
511;bunker;1749.00;11.35;297.00;1.03;0
511;bunker;1761.00;10.80;281.00;5.76;0
511;bunker;1766.00;11.05;341.00;1.98;0
511;bunker;1771.00;10.68;277.00;0.43;0
511;bunker;1774.00;11.60;336.00;4.64;0
511;bunker;1777.00;10.95;295.00;1.63;0
511;bunker;1777.00;11.00;310.00;2.58;0
511;fuel_silo;1729.00;12.35;265.00;0.59;0
511;industrial_complex;1731.00;11.90;259.00;0.52;0
511;industrial_complex;1734.00;13.15;295.00;3.52;0
511;industrial_complex;1742.00;13.18;301.00;3.63;0
511;industrial_complex;1749.00;12.57;284.00;4.13;0
511;industrial_complex;1764.00;11.07;321.00;2.07;0
511;industrial_complex;1773.00;10.45;270.00;1.47;0
511;nuclear_reactor;1780.00;12.63;327.00;2.65;0
511;radar_station;1756.00;10.68;296.00;2.05;0
511;rocket_site;1777.00;11.30;320.00;5.92;0
511;synthetic_refinery;1740.00;14.57;290.00;4.20;0
512;air_base;1734.00;11.13;144.00;3.90;0
512;anti_air_building;1743.00;12.55;204.00;3.02;0
512;anti_air_building;1757.00;10.78;171.00;5.69;0
512;anti_air_building;1768.00;10.23;175.00;1.46;0
512;bunker;1719.00;11.70;168.00;4.06;0
512;bunker;1737.00;12.07;176.00;1.39;0
512;bunker;1738.00;12.15;195.00;4.67;0
512;bunker;1746.00;11.93;184.00;3.46;0
512;bunker;1760.00;10.70;150.00;5.52;0
512;bunker;1769.00;11.23;211.00;3.97;0
512;bunker;1770.00;10.07;178.00;1.40;0
512;bunker;1774.00;10.13;183.00;5.01;0
512;bunker;1784.00;10.55;161.00;0.45;0
512;bunker;1793.00;9.65;196.00;5.18;0
512;coastal_bunker;1800.00;9.50;164.00;-4.53;0
512;coastal_bunker;1810.00;9.50;191.00;0.67;0
512;dockyard;1799.00;9.73;174.00;1.22;0
512;fuel_silo;1746.00;10.63;173.00;3.63;0
512;naval_base;1794.18;9.80;182.66;1.22;9009
512;naval_base;1816.67;9.60;190.06;0.07;9009
512;nuclear_reactor;1766.00;10.38;171.00;0.52;0
512;radar_station;1767.00;10.05;178.00;0.14;0
512;rocket_site;1753.00;10.88;174.00;4.13;0
512;synthetic_refinery;1758.00;10.75;144.00;3.52;0
513;air_base;2859.00;10.70;1169.00;5.03;0
513;anti_air_building;2804.00;12.60;1186.00;2.43;0
513;anti_air_building;2839.00;11.32;1181.00;5.70;0
513;anti_air_building;2855.00;12.50;1212.00;3.03;0
513;arms_factory;2865.00;11.03;1186.00;1.34;0
513;arms_factory;2873.00;10.28;1172.00;5.47;0
513;arms_factory;2885.00;11.63;1215.00;1.85;0
513;arms_factory;2889.00;10.00;1188.00;1.24;0
513;arms_factory;2896.00;10.00;1157.00;4.52;0
513;arms_factory;2899.00;9.93;1198.00;3.41;0
513;bunker;2793.00;14.07;1203.00;4.08;0
513;bunker;2797.00;12.55;1181.00;3.47;0
513;bunker;2802.00;13.80;1212.00;4.59;0
513;bunker;2818.00;13.05;1198.00;1.41;0
513;bunker;2826.00;12.57;1196.00;6.14;0
513;bunker;2847.00;12.55;1202.00;3.64;0
513;bunker;2858.00;13.15;1217.00;0.37;0
513;bunker;2862.00;11.13;1184.00;3.98;0
513;bunker;2868.00;11.30;1194.00;5.63;0
513;bunker;2876.00;11.45;1210.00;0.97;0
513;bunker;2889.00;10.95;1207.00;5.19;0
513;bunker;2901.00;9.80;1181.00;1.92;0
513;bunker;2903.00;10.00;1154.00;1.41;0
513;bunker;2904.00;9.90;1200.00;1.92;0
513;bunker;2906.00;10.10;1220.00;5.03;0
513;bunker;2910.00;9.80;1190.00;3.47;0
513;bunker;2939.00;9.90;1182.00;4.42;0
513;fuel_silo;2806.00;13.50;1198.00;1.48;0
513;industrial_complex;2869.00;10.68;1183.00;5.98;0
513;industrial_complex;2871.00;10.25;1166.00;3.91;0
513;industrial_complex;2878.00;10.10;1167.00;2.36;0
513;industrial_complex;2878.00;11.43;1220.00;2.96;0
513;industrial_complex;2880.00;10.40;1191.00;6.08;0
513;industrial_complex;2904.00;9.80;1180.00;5.12;0
513;nuclear_reactor;2832.00;11.00;1167.00;2.09;0
513;radar_station;2868.00;10.90;1187.00;1.99;0
513;rocket_site;2866.00;10.82;1183.00;0.88;0
513;synthetic_refinery;2868.00;10.40;1166.00;5.10;0
514;air_base;2807.00;9.98;1099.00;0.45;0
514;anti_air_building;2770.00;10.20;1066.00;6.13;0
514;anti_air_building;2882.00;10.73;1111.00;3.97;0
514;anti_air_building;2926.00;10.70;1109.00;5.18;0
514;arms_factory;2703.00;10.80;1095.00;1.39;0
514;arms_factory;2706.00;10.50;1084.00;2.95;0
514;arms_factory;2714.00;10.50;1086.00;0.28;0
514;arms_factory;2788.00;10.40;1125.00;0.89;0
514;arms_factory;2811.00;10.20;1123.00;5.01;0
514;arms_factory;2941.00;13.40;1081.00;0.79;0
514;bunker;2818.00;10.28;1068.00;4.57;0
514;fuel_silo;2783.00;11.90;1165.00;4.57;0
514;industrial_complex;2830.00;10.65;997.00;5.62;0
514;industrial_complex;2835.00;10.68;1134.00;3.46;0
514;industrial_complex;2838.00;10.70;1001.00;4.06;0
514;industrial_complex;2879.00;11.15;1019.00;1.40;0
514;industrial_complex;2898.00;12.13;1055.00;4.67;0
514;industrial_complex;2905.00;12.28;1016.00;5.52;0
514;nuclear_reactor;2979.00;12.38;1038.00;1.46;0
514;radar_station;2837.00;10.13;1069.00;0.61;0
514;rocket_site;2769.00;10.40;1120.00;3.63;0
514;synthetic_refinery;2684.00;11.55;1108.00;3.02;0
515;air_base;3122.00;10.60;870.00;3.77;0
515;anti_air_building;3089.00;10.50;827.00;5.39;0
515;anti_air_building;3121.00;10.63;865.00;5.90;0
515;anti_air_building;3122.00;10.60;881.00;1.77;0
515;arms_factory;3090.00;10.90;810.00;4.81;0
515;arms_factory;3114.00;10.70;846.00;5.32;0
515;arms_factory;3118.00;10.70;845.00;3.26;0
515;arms_factory;3121.00;10.70;842.00;2.65;0
515;arms_factory;3130.00;10.70;837.00;4.71;0
515;arms_factory;3135.00;10.60;821.00;1.70;0
515;bunker;3051.00;10.30;831.00;3.33;0
515;bunker;3052.00;10.30;887.00;2.22;0
515;bunker;3057.00;10.30;844.00;5.38;0
515;bunker;3067.00;10.30;875.00;4.88;0
515;bunker;3090.00;10.65;839.00;2.73;0
515;bunker;3109.00;10.70;842.00;0.66;0
515;bunker;3124.00;10.50;805.00;1.17;0
515;bunker;3124.00;10.70;848.00;2.81;0
515;bunker;3129.00;10.65;827.00;1.26;0
515;bunker;3131.00;10.63;806.00;1.61;0
515;bunker;3142.00;11.38;878.00;0.67;0
515;fuel_silo;3062.00;10.30;850.00;3.84;0
515;industrial_complex;3068.00;10.30;850.00;3.17;0
515;industrial_complex;3096.00;10.50;854.00;5.32;0
515;industrial_complex;3096.00;10.90;798.00;3.76;0
515;industrial_complex;3120.00;10.50;799.00;5.83;0
515;industrial_complex;3128.00;10.70;881.00;1.10;0
515;industrial_complex;3139.00;10.70;828.00;2.21;0
515;nuclear_reactor;3116.00;10.50;870.00;5.90;0
515;radar_station;3091.00;10.68;843.00;5.55;0
515;rocket_site;3147.00;10.85;846.00;2.88;0
515;synthetic_refinery;3141.00;10.75;844.00;6.00;0
516;air_base;4604.00;10.15;1935.00;3.02;0
516;anti_air_building;3934.00;9.70;1860.00;5.82;0
516;anti_air_building;4226.00;10.43;1909.00;5.32;0
516;anti_air_building;4259.00;10.30;1860.00;1.70;0
516;arms_factory;4051.00;9.70;1878.00;5.62;0
516;arms_factory;4079.00;9.70;1891.00;3.46;0
516;arms_factory;4180.00;9.78;1991.00;1.39;0
516;arms_factory;4296.00;9.70;2015.00;4.67;0
516;arms_factory;4300.00;9.70;2018.00;1.40;0
516;arms_factory;4520.00;9.80;2035.00;4.06;0
516;bunker;3774.00;14.60;1868.00;0.43;0
516;bunker;3794.00;9.88;1852.00;1.63;0
516;bunker;3834.00;14.35;1908.00;0.59;0
516;bunker;3863.00;10.30;1880.00;0.08;0
516;bunker;3868.00;10.30;1902.00;1.46;0
516;bunker;3871.00;9.70;1852.00;4.20;0
516;bunker;3916.00;9.80;1840.00;5.76;0
516;bunker;3948.00;9.70;1866.00;0.52;0
516;bunker;3957.00;9.80;1808.00;2.58;0
516;bunker;3989.00;9.80;1863.00;3.02;0
516;bunker;3994.00;9.70;1903.00;3.52;0
516;bunker;4000.00;10.30;1823.00;4.20;0
516;bunker;4061.00;9.80;1804.00;3.69;0
516;bunker;4069.00;9.70;2017.00;6.20;0
516;bunker;4099.00;9.70;1911.00;1.19;0
516;bunker;4118.00;9.80;1866.00;3.69;0
516;bunker;4163.00;9.70;1840.00;6.26;0
516;bunker;4169.00;9.70;1816.00;2.14;0
516;bunker;4170.00;9.80;1928.00;4.64;0
516;bunker;4203.00;10.15;1893.00;2.07;0
516;bunker;4317.00;10.85;1872.00;1.47;0
516;bunker;4324.00;11.40;1921.00;5.25;0
516;bunker;4358.00;11.05;1885.00;1.98;0
516;bunker;4374.00;11.18;1902.00;5.69;0
516;bunker;4431.00;10.15;1994.00;1.03;0
516;bunker;4458.00;10.40;1918.00;3.63;0
516;bunker;4473.00;10.85;1844.00;4.13;0
516;bunker;4482.00;9.80;2018.00;3.63;0
516;bunker;4549.00;10.53;1872.00;1.02;0
516;bunker;4621.00;10.73;1821.00;5.76;0
516;coastal_bunker;3849.00;9.50;2023.00;-2.07;0
516;coastal_bunker;3870.00;9.55;1944.00;-3.77;0
516;dockyard;3869.00;9.50;2036.00;-2.07;0
516;fuel_silo;3778.00;10.57;1859.00;3.76;0
516;industrial_complex;3923.00;9.70;1973.00;6.13;0
516;industrial_complex;4024.00;9.70;1920.00;5.18;0
516;industrial_complex;4220.00;9.75;1992.00;0.45;0
516;industrial_complex;4284.00;9.70;2042.00;3.97;0
516;industrial_complex;4382.00;9.73;1996.00;4.57;0
516;industrial_complex;4466.00;10.90;1885.00;5.52;0
516;naval_base;3848.00;9.57;1959.00;-3.77;13193
516;naval_base;3856.00;9.50;2014.00;-2.07;13193
516;nuclear_reactor;4521.00;10.15;1994.00;4.37;0
516;radar_station;4211.00;10.50;1913.00;5.63;0
516;rocket_site;4550.00;11.10;1860.00;3.16;0
516;synthetic_refinery;4296.00;11.03;1979.00;1.10;0
517;air_base;5009.00;10.30;129.00;4.64;0
517;anti_air_building;5019.00;9.80;111.00;0.15;0
517;anti_air_building;5024.00;9.68;74.00;2.81;0
517;anti_air_building;5039.00;9.80;79.00;4.88;0
517;arms_factory;5010.00;9.80;81.00;5.69;0
517;arms_factory;5018.00;9.80;103.00;3.63;0
517;arms_factory;5024.00;10.07;97.00;4.13;0
517;arms_factory;5028.00;9.70;72.00;3.52;0
517;bunker;5002.00;10.30;126.00;3.69;0
517;bunker;5007.00;10.00;90.00;6.26;0
517;bunker;5017.00;10.10;86.00;5.92;0
517;bunker;5023.00;9.68;72.00;4.20;0
517;bunker;5033.00;10.45;88.00;2.14;0
517;bunker;5041.00;9.82;104.00;4.20;0
517;coastal_bunker;5017.00;9.50;74.00;-0.32;0
517;coastal_bunker;5041.00;9.50;73.00;0.69;0
517;fuel_silo;5025.00;9.80;107.00;4.42;0
517;industrial_complex;5001.00;9.80;98.00;6.20;0
517;industrial_complex;5004.00;9.80;105.00;0.52;0
517;industrial_complex;5027.00;10.10;99.00;5.25;0
517;industrial_complex;5037.00;9.80;74.00;2.07;0
517;naval_base;5006.00;9.50;74.00;-0.32;5510
517;naval_base;5025.00;9.50;69.00;-1.11;5510
517;rocket_site;5031.00;10.00;102.00;4.88;0
517;synthetic_refinery;5018.00;9.80;107.00;0.65;0
518;air_base;5059.00;9.90;34.00;1.03;0
518;anti_air_building;5058.00;9.75;35.00;4.88;0
518;anti_air_building;5064.00;10.23;36.00;2.21;0
518;anti_air_building;5071.00;9.70;12.00;4.37;0
518;arms_factory;5059.00;10.00;36.00;2.07;0
518;arms_factory;5074.00;11.43;26.00;5.25;0
518;arms_factory;5074.00;11.78;28.00;2.58;0
518;arms_factory;5079.00;10.18;17.00;6.20;0
518;arms_factory;5081.00;10.07;35.00;1.98;0
518;arms_factory;5085.00;10.65;35.00;0.52;0
518;bunker;5059.00;9.82;33.00;2.65;0
518;bunker;5065.00;11.05;29.00;4.71;0
518;bunker;5069.00;10.28;16.00;4.20;0
518;bunker;5077.00;10.53;32.00;0.59;0
518;bunker;5084.00;9.70;18.00;1.19;0
518;bunker;5084.00;10.48;30.00;5.92;0
518;coastal_bunker;5056.00;9.50;31.00;1.57;0
518;coastal_bunker;5060.00;9.50;22.00;-1.25;0
518;coastal_bunker;5064.00;9.50;12.00;0.24;0
518;coastal_bunker;5075.00;9.57;37.00;-2.98;0
518;coastal_bunker;5084.00;9.50;12.00;0.67;0
518;coastal_bunker;5084.00;9.55;40.00;0.00;0
518;dockyard;5091.00;9.50;47.00;0.00;0
518;fuel_silo;5087.00;10.70;32.00;2.26;0
518;industrial_complex;5056.00;9.68;36.00;4.64;0
518;industrial_complex;5063.00;10.70;34.00;1.02;0
518;industrial_complex;5067.00;10.07;35.00;5.76;0
518;industrial_complex;5070.00;9.60;11.00;1.63;0
518;industrial_complex;5070.00;11.48;26.00;0.43;0
518;industrial_complex;5070.00;11.70;28.00;3.69;0
518;naval_base;5061.00;9.50;17.00;-1.25;5240
518;naval_base;5067.00;9.50;10.00;0.24;5240
518;naval_base;5068.00;9.57;36.00;1.57;5240
518;naval_base;5075.00;9.57;37.00;-2.98;5240
518;naval_base;5081.00;9.60;16.00;0.67;5240
518;naval_base;5087.00;9.73;26.00;0.00;5240
518;nuclear_reactor;5065.00;9.70;16.00;4.78;0
518;radar_station;5065.00;11.07;32.00;2.24;0
518;rocket_site;5068.00;9.60;12.00;0.65;0
518;synthetic_refinery;5081.00;10.32;21.00;0.15;0
519;air_base;4948.00;9.80;190.00;1.02;0
519;anti_air_building;4905.00;9.90;212.00;5.39;0
519;anti_air_building;4932.00;9.85;204.00;4.44;0
519;arms_factory;4877.00;9.70;179.00;3.63;0
519;arms_factory;4887.00;9.70;179.00;0.52;0
519;arms_factory;4922.00;10.00;205.00;5.69;0
519;arms_factory;4931.00;9.90;205.00;1.47;0
519;bunker;4862.00;9.80;199.00;1.70;0
519;bunker;4891.00;9.90;189.00;3.16;0
519;bunker;4904.00;9.90;205.00;5.32;0
519;bunker;4931.00;9.50;170.00;1.19;0
519;bunker;4932.00;9.73;141.00;1.10;0
519;bunker;4934.00;9.80;207.00;0.14;0
519;bunker;4946.00;9.80;185.00;4.20;0
519;coastal_bunker;4861.00;9.50;179.00;0.13;0
519;coastal_bunker;4902.00;9.50;164.00;0.08;0
519;coastal_bunker;4914.00;9.50;154.00;-1.04;0
519;coastal_bunker;4922.00;9.50;135.00;-0.38;0
519;coastal_bunker;4950.00;9.50;156.00;0.40;0
519;fuel_silo;4852.00;10.00;207.00;4.92;0
519;industrial_complex;4897.00;9.80;179.00;2.58;0
519;industrial_complex;4907.00;9.80;179.00;4.64;0
519;industrial_complex;4925.00;9.98;206.00;2.07;0
519;industrial_complex;4938.00;9.80;190.00;5.25;0
519;naval_base;4868.00;9.50;180.00;0.13;5694
519;naval_base;4892.00;9.50;170.00;0.08;5720
519;naval_base;4907.00;9.50;157.00;-1.04;5720
519;naval_base;4930.00;9.50;129.00;0.62;5771
519;naval_base;4948.00;9.60;154.00;0.40;5771
519;nuclear_reactor;4882.00;10.10;213.00;2.88;0
519;radar_station;4917.00;9.70;153.00;2.77;0
519;rocket_site;4950.00;9.60;189.00;0.22;0
519;synthetic_refinery;4872.00;10.10;213.00;2.27;0
520;air_base;4851.00;10.32;432.00;1.70;0
520;anti_air_building;4840.00;10.55;379.00;5.18;0
520;anti_air_building;4842.00;9.90;403.00;3.97;0
520;anti_air_building;4931.00;10.05;387.00;6.13;0
520;arms_factory;4847.00;9.82;400.00;1.19;0
520;arms_factory;4850.00;10.20;437.00;0.08;0
520;arms_factory;4859.00;10.30;441.00;5.76;0
520;arms_factory;4867.00;10.57;428.00;6.26;0
520;arms_factory;4890.00;10.60;406.00;2.14;0
520;arms_factory;4922.00;9.85;401.00;4.20;0
520;bunker;4839.00;9.65;404.00;0.05;0
520;bunker;4850.00;10.35;429.00;3.39;0
520;bunker;4859.00;10.30;445.00;0.72;0
520;bunker;4860.00;9.93;470.00;1.33;0
520;bunker;4863.00;10.50;409.00;5.39;0
520;bunker;4865.00;10.60;416.00;3.39;0
520;bunker;4867.00;10.30;450.00;5.45;0
520;bunker;4876.00;10.30;451.00;3.32;0
520;bunker;4878.00;10.20;433.00;4.94;0
520;bunker;4880.00;9.57;473.00;6.06;0
520;bunker;4889.00;10.13;444.00;0.22;0
520;bunker;4890.00;10.07;466.00;3.84;0
520;bunker;4894.00;10.30;434.00;5.38;0
520;bunker;4895.00;10.10;397.00;2.28;0
520;bunker;4895.00;10.50;416.00;1.77;0
520;bunker;4900.00;10.23;437.00;1.23;0
520;bunker;4901.00;10.40;424.00;5.55;0
520;bunker;4904.00;10.07;455.00;2.38;0
520;bunker;4908.00;10.30;420.00;1.84;0
520;bunker;4908.00;10.40;431.00;1.33;0
520;bunker;4910.00;10.32;397.00;4.44;0
520;bunker;4920.00;10.40;438.00;1.77;0
520;bunker;4922.00;10.20;456.00;1.17;0
520;bunker;4929.00;10.35;450.00;4.51;0
520;bunker;4936.00;9.70;410.00;5.46;0
520;bunker;4951.00;9.95;389.00;2.27;0
520;coastal_bunker;4839.00;9.50;422.00;-2.78;0
520;coastal_bunker;4844.00;9.50;427.00;-2.29;0
520;coastal_bunker;4850.00;9.50;465.00;-1.41;0
520;coastal_bunker;4851.00;9.75;441.00;-1.99;0
520;coastal_bunker;4866.00;9.60;459.00;-3.61;0
520;coastal_bunker;4880.00;9.68;459.00;-2.90;0
520;coastal_bunker;4881.00;9.50;470.00;-1.11;0
520;coastal_bunker;4885.00;9.50;463.00;-2.27;0
520;coastal_bunker;4903.00;9.73;463.00;-3.14;0
520;coastal_bunker;4917.00;9.65;459.00;-3.84;0
520;coastal_bunker;4923.00;9.50;425.00;1.37;0
520;coastal_bunker;4932.00;9.70;455.00;-4.12;0
520;coastal_bunker;4933.00;9.53;414.00;-4.53;0
520;coastal_bunker;4939.00;9.65;434.00;1.28;0
520;coastal_bunker;4946.00;9.50;406.00;-4.49;0
520;dockyard;4878.00;9.50;459.00;-2.90;0
520;fuel_silo;4840.00;10.10;387.00;0.19;0
520;industrial_complex;4855.00;10.15;446.00;2.65;0
520;industrial_complex;4858.00;10.25;382.00;4.20;0
520;industrial_complex;4875.00;10.30;449.00;0.59;0
520;industrial_complex;4889.00;10.30;400.00;5.92;0
520;industrial_complex;4891.00;10.35;442.00;5.32;0
520;industrial_complex;4938.00;10.10;378.00;4.71;0
520;naval_base;4839.00;9.50;418.00;-2.29;5263
520;naval_base;4846.00;9.50;436.00;-2.03;5263
520;naval_base;4851.00;9.50;448.00;-1.99;5263
520;naval_base;4856.00;9.50;465.00;-1.41;5263
520;naval_base;4863.00;9.50;460.00;-1.85;5263
520;naval_base;4876.00;9.50;474.00;-1.11;5513
520;naval_base;4878.00;9.50;459.00;-2.90;5513
520;naval_base;4890.00;9.88;467.00;-3.24;5538
520;naval_base;4901.00;9.53;465.00;-3.14;5538
520;naval_base;4924.00;9.50;428.00;1.37;5340
520;naval_base;4925.00;9.95;458.00;-3.84;5316
520;naval_base;4927.00;9.60;418.00;-4.53;5340
520;naval_base;4927.00;9.80;444.00;1.28;5340
520;naval_base;4938.00;9.50;472.00;-4.12;5316
520;naval_base;4951.00;9.55;404.00;-4.49;9017
520;nuclear_reactor;4886.00;10.50;413.00;3.63;0
520;radar_station;4893.00;10.43;423.00;2.69;0
520;rocket_site;4875.00;10.00;398.00;0.96;0
520;synthetic_refinery;4874.00;10.40;423.00;1.91;0
521;air_base;5054.00;10.30;265.00;5.92;0
521;anti_air_building;5046.00;9.90;227.00;3.97;0
521;arms_factory;5065.00;10.00;237.00;1.03;0
521;arms_factory;5082.00;10.05;339.00;0.08;0
521;arms_factory;5083.00;10.10;241.00;5.76;0
521;arms_factory;5087.00;10.40;286.00;4.20;0
521;arms_factory;5096.00;11.48;272.00;5.76;0
521;bunker;5048.00;10.10;295.00;1.17;0
521;bunker;5057.00;9.95;231.00;4.78;0
521;bunker;5060.00;10.57;335.00;1.33;0
521;bunker;5061.00;10.30;280.00;5.39;0
521;bunker;5070.00;10.00;235.00;0.15;0
521;bunker;5073.00;10.25;344.00;1.23;0
521;bunker;5074.00;10.00;334.00;0.22;0
521;bunker;5078.00;10.28;309.00;2.81;0
521;bunker;5082.00;10.30;246.00;3.39;0
521;bunker;5089.00;10.10;323.00;2.72;0
521;bunker;5099.00;10.57;339.00;5.45;0
521;bunker;5101.00;10.68;282.00;4.94;0
521;bunker;5102.00;10.35;251.00;3.32;0
521;bunker;5103.00;9.95;230.00;0.72;0
521;bunker;5104.00;10.40;255.00;2.38;0
521;bunker;5109.00;10.07;318.00;3.84;0
521;bunker;5110.00;10.85;290.00;5.38;0
521;coastal_bunker;5082.00;9.55;358.00;-4.12;0
521;coastal_bunker;5111.00;9.60;322.00;1.57;0
521;coastal_bunker;5112.00;9.55;319.00;-3.52;0
521;fuel_silo;5087.00;10.50;251.00;2.86;0
521;industrial_complex;5082.00;10.60;293.00;1.19;0
521;industrial_complex;5094.00;10.32;331.00;0.59;0
521;industrial_complex;5106.00;10.75;288.00;4.71;0
521;naval_base;5085.00;9.60;356.00;-4.12;6030
521;naval_base;5107.00;9.60;333.00;1.57;5967
521;naval_base;5117.00;9.60;313.00;-3.52;5967
521;nuclear_reactor;5074.00;10.40;254.00;0.96;0
521;radar_station;5094.00;10.55;284.00;1.21;0
521;rocket_site;5096.00;10.45;303.00;4.58;0
522;air_base;4786.00;10.10;199.00;5.76;0
522;anti_air_building;4705.00;10.60;202.00;5.45;0
522;anti_air_building;4782.00;10.00;188.00;1.33;0
522;anti_air_building;4787.00;9.90;182.00;4.94;0
522;arms_factory;4714.00;10.60;222.00;2.58;0
522;arms_factory;4761.00;9.95;160.00;5.25;0
522;arms_factory;4798.00;10.00;209.00;2.07;0
522;arms_factory;4832.00;9.80;182.00;6.20;0
522;bunker;4710.00;10.10;146.00;4.78;0
522;bunker;4718.00;10.60;191.00;0.15;0
522;bunker;4720.00;10.60;171.00;5.32;0
522;bunker;4721.00;10.60;201.00;2.81;0
522;bunker;4730.00;10.50;208.00;5.92;0
522;bunker;4743.00;10.10;155.00;1.70;0
522;bunker;4748.00;10.30;173.00;3.76;0
522;bunker;4762.00;10.13;173.00;5.38;0
522;bunker;4769.00;10.05;184.00;2.65;0
522;bunker;4790.00;9.90;187.00;2.21;0
522;bunker;4826.00;10.10;201.00;4.37;0
522;coastal_bunker;4714.00;9.50;143.00;0.32;0
522;coastal_bunker;4768.00;9.53;150.00;1.13;0
522;coastal_bunker;4773.00;9.50;158.00;0.73;0
522;coastal_bunker;4804.00;9.50;168.00;0.56;0
522;coastal_bunker;4813.00;9.50;169.00;0.00;0
522;fuel_silo;4745.00;10.50;196.00;0.70;0
522;industrial_complex;4716.00;10.60;191.00;3.69;0
522;industrial_complex;4728.00;10.60;197.00;0.43;0
522;industrial_complex;4763.00;10.00;165.00;1.98;0
522;industrial_complex;4784.00;9.80;177.00;1.02;0
522;naval_base;4715.00;9.50;144.00;0.32;8923
522;naval_base;4748.00;9.50;144.00;-0.50;8923
522;naval_base;4772.00;9.50;157.00;0.73;5491
522;naval_base;4797.00;9.53;170.00;0.00;5491
522;naval_base;4823.00;9.50;171.00;0.00;5560
522;radar_station;4741.00;10.30;180.00;1.55;0
522;rocket_site;4768.00;10.60;210.00;1.23;0
522;synthetic_refinery;4762.00;10.13;173.00;5.55;0
523;air_base;5014.00;10.03;550.00;0.87;0
523;anti_air_building;5023.00;9.70;530.00;4.86;0
523;anti_air_building;5114.00;11.68;498.00;1.84;0
523;anti_air_building;5116.00;10.03;514.00;4.00;0
523;arms_factory;5008.00;10.20;527.00;0.36;0
523;arms_factory;5016.00;9.70;530.00;1.91;0
523;arms_factory;5024.00;10.30;511.00;3.63;0
523;arms_factory;5031.00;10.20;510.00;4.58;0
523;arms_factory;5032.00;10.18;514.00;0.96;0
523;arms_factory;5105.00;10.07;502.00;5.18;0
523;bunker;5007.00;13.20;562.00;5.32;0
523;bunker;5013.00;10.30;513.00;3.76;0
523;bunker;5014.00;9.70;540.00;1.55;0
523;bunker;5016.00;10.30;519.00;1.70;0
523;bunker;5025.00;10.45;545.00;3.76;0
523;bunker;5033.00;10.10;514.00;4.71;0
523;bunker;5033.00;10.30;531.00;4.21;0
523;bunker;5040.00;11.48;538.00;0.59;0
523;bunker;5045.00;13.88;547.00;3.26;0
523;bunker;5048.00;10.55;534.00;2.65;0
523;bunker;5064.00;12.15;540.00;2.21;0
523;bunker;5069.00;10.65;539.00;3.17;0
523;bunker;5076.00;9.70;526.00;3.26;0
523;bunker;5092.00;10.55;524.00;3.77;0
523;bunker;5094.00;9.70;513.00;5.83;0
523;bunker;5096.00;11.40;517.00;1.61;0
523;bunker;5100.00;9.55;504.00;3.17;0
523;bunker;5104.00;11.70;508.00;1.10;0
523;bunker;5110.00;14.13;511.00;5.38;0
523;bunker;5117.00;11.25;510.00;2.81;0
523;bunker;5117.00;12.75;498.00;5.32;0
523;bunker;5119.00;13.10;499.00;5.32;0
523;bunker;5122.00;11.38;494.00;2.22;0
523;bunker;5129.00;11.35;499.00;0.66;0
523;bunker;5136.00;10.73;490.00;4.88;0
523;bunker;5141.00;9.78;496.00;4.81;0
523;bunker;5145.00;10.03;488.00;1.26;0
523;bunker;5159.00;9.73;498.00;0.67;0
523;coastal_bunker;5025.00;9.50;504.00;0.00;0
523;coastal_bunker;5026.00;9.88;518.00;1.42;0
523;coastal_bunker;5036.00;9.50;504.00;-4.39;0
523;coastal_bunker;5042.00;9.50;519.00;0.86;0
523;coastal_bunker;5057.00;9.60;529.00;0.64;0
523;coastal_bunker;5061.00;9.50;531.00;0.14;0
523;coastal_bunker;5067.00;9.50;528.00;-0.32;0
523;coastal_bunker;5086.00;9.50;521.00;-0.79;0
523;coastal_bunker;5094.00;9.50;511.00;-0.98;0
523;coastal_bunker;5106.00;9.50;497.00;-0.79;0
523;coastal_bunker;5109.00;9.50;493.00;-0.54;0
523;coastal_bunker;5115.00;9.50;489.00;0.00;0
523;coastal_bunker;5116.00;9.63;521.00;-4.09;0
523;coastal_bunker;5118.00;9.73;520.00;-3.93;0
523;coastal_bunker;5127.00;9.50;488.00;0.24;0
523;coastal_bunker;5134.00;9.60;502.00;-3.93;0
523;coastal_bunker;5138.00;9.85;497.00;-4.51;0
523;coastal_bunker;5156.00;9.53;483.00;1.25;0
523;coastal_bunker;5158.00;9.50;496.00;-0.46;0
523;dockyard;5031.00;9.50;502.00;-0.62;0
523;fuel_silo;5094.00;10.65;518.00;1.91;0
523;industrial_complex;5024.00;10.18;523.00;4.13;0
523;industrial_complex;5032.00;10.18;537.00;5.69;0
523;industrial_complex;5050.00;9.60;524.00;2.07;0
523;industrial_complex;5055.00;10.00;531.00;5.09;0
523;industrial_complex;5101.00;15.70;522.00;1.47;0
523;industrial_complex;5140.00;11.07;489.00;3.02;0
523;naval_base;5022.00;9.53;504.00;0.00;5563
523;naval_base;5026.00;9.88;518.00;1.42;5364
523;naval_base;5036.00;9.50;516.00;-4.39;5364
523;naval_base;5044.00;9.68;521.00;0.86;5364
523;naval_base;5052.00;9.50;530.00;0.64;5364
523;naval_base;5060.00;9.50;531.00;0.14;5364
523;naval_base;5075.00;9.50;524.00;-0.32;5364
523;naval_base;5083.00;9.50;522.00;-0.79;5364
523;naval_base;5098.00;9.50;506.00;-0.98;5364
523;naval_base;5106.00;9.50;498.00;-0.79;5587
523;naval_base;5108.00;9.50;494.00;-0.54;5587
523;naval_base;5114.00;9.63;522.00;-4.09;430
523;naval_base;5119.00;9.53;516.00;-3.93;430
523;naval_base;5122.00;9.50;488.00;0.00;5587
523;naval_base;5134.00;9.50;487.00;0.24;5587
523;naval_base;5134.00;9.70;500.00;-3.93;430
523;naval_base;5143.00;9.53;497.00;-4.51;430
523;naval_base;5152.00;9.60;486.00;1.25;6627
523;naval_base;5164.00;9.50;513.00;-0.46;430
523;nuclear_reactor;5099.00;10.63;510.00;1.85;0
523;radar_station;5024.00;9.80;540.00;3.91;0
523;rocket_site;5014.00;10.30;512.00;0.29;0
523;synthetic_refinery;5028.00;9.70;533.00;6.06;0
524;air_base;4703.00;10.48;1049.00;1.04;0
524;anti_air_building;4696.00;13.50;1054.00;3.77;0
524;anti_air_building;4701.00;10.93;1042.00;2.21;0
524;anti_air_building;4703.00;10.03;1045.00;5.83;0
524;arms_factory;4693.00;13.90;1048.00;5.70;0
524;arms_factory;4694.00;14.07;1048.00;1.48;0
524;arms_factory;4695.00;13.75;1043.00;3.54;0
524;arms_factory;4695.00;13.75;1043.00;5.60;0
524;arms_factory;4697.00;13.70;1041.00;4.74;0
524;arms_factory;4698.00;13.03;1041.00;0.52;0
524;bunker;4683.00;11.28;1029.00;2.65;0
524;bunker;4684.00;9.80;1019.00;4.20;0
524;bunker;4689.00;9.90;1015.00;5.92;0
524;bunker;4689.00;12.57;1042.00;5.16;0
524;bunker;4691.00;10.45;1019.00;0.59;0
524;bunker;4693.00;13.25;1037.00;4.71;0
524;bunker;4696.00;14.63;1051.00;1.55;0
524;bunker;4698.00;11.50;1032.00;0.08;0
524;bunker;4698.00;14.25;1047.00;4.21;0
524;bunker;4702.00;11.15;1058.00;4.81;0
524;coastal_bunker;4681.00;9.50;1023.00;-1.11;0
524;coastal_bunker;4683.00;9.63;1037.00;-2.36;0
524;coastal_bunker;4687.00;10.93;1042.00;-2.21;0
524;coastal_bunker;4688.00;9.50;1013.00;0.32;0
524;coastal_bunker;4690.00;9.57;1050.00;-2.36;0
524;coastal_bunker;4695.00;9.57;1018.00;1.25;0
524;coastal_bunker;4702.00;9.50;1061.00;-2.76;0
524;coastal_bunker;4702.00;9.63;1033.00;0.59;0
524;coastal_bunker;4707.00;9.53;1049.00;1.11;0
524;dockyard;4708.00;9.53;1058.00;-3.93;0
524;fuel_silo;4691.00;12.45;1045.00;4.93;0
524;industrial_complex;4688.00;11.00;1044.00;3.09;0
524;industrial_complex;4696.00;13.93;1043.00;6.21;0
524;industrial_complex;4697.00;13.23;1055.00;3.19;0
524;industrial_complex;4701.00;12.53;1049.00;4.65;0
524;industrial_complex;4701.00;13.30;1051.00;2.59;0
524;industrial_complex;4702.00;11.50;1049.00;5.25;0
524;naval_base;4682.00;9.50;1036.00;-2.36;5322
524;naval_base;4683.00;9.50;1016.00;-1.11;5367
524;naval_base;4687.00;9.50;1045.00;-2.21;5322
524;naval_base;4692.00;9.55;1009.00;0.32;5367
524;naval_base;4695.00;9.50;1017.00;1.25;5367
524;naval_base;4697.00;10.35;1058.00;-2.36;5322
524;naval_base;4702.00;9.55;1032.00;0.59;5367
524;naval_base;4702.00;9.68;1060.00;-2.76;5322
524;naval_base;4706.00;9.50;1045.00;1.11;2829
524;nuclear_reactor;4698.00;13.35;1055.00;5.26;0
524;radar_station;4706.00;9.63;1051.00;2.81;0
524;rocket_site;4689.00;12.13;1044.00;3.70;0
524;synthetic_refinery;4701.00;12.68;1055.00;1.61;0
525;air_base;4813.00;12.57;1274.00;4.14;0
525;bunker;4784.00;9.70;1255.00;2.21;0
525;bunker;4784.00;9.70;1262.00;0.22;0
525;bunker;4785.00;9.50;1275.00;5.38;0
525;bunker;4793.00;10.25;1260.00;4.88;0
525;bunker;4795.00;9.80;1270.00;3.33;0
525;bunker;4797.00;10.38;1283.00;5.32;0
525;bunker;4800.00;10.20;1279.00;0.66;0
525;bunker;4802.00;11.20;1283.00;5.39;0
525;bunker;4806.00;10.80;1271.00;5.90;0
525;bunker;4808.00;12.00;1263.00;1.17;0
525;bunker;4813.00;13.23;1283.00;1.26;0
525;coastal_bunker;4776.00;9.50;1263.00;-2.03;0
525;coastal_bunker;4782.00;9.50;1252.00;-1.19;0
525;coastal_bunker;4783.00;9.63;1282.00;-1.57;0
525;coastal_bunker;4784.00;9.50;1276.00;-1.77;0
525;coastal_bunker;4788.00;9.57;1264.00;-2.25;0
525;coastal_bunker;4812.00;10.25;1290.00;-4.04;0
525;coastal_bunker;4815.00;10.68;1285.00;-4.12;0
525;dockyard;4783.00;9.55;1266.00;-2.03;0
525;naval_base;4779.00;9.50;1264.00;-2.03;2781
525;naval_base;4783.00;9.50;1251.00;-1.19;2781
525;naval_base;4783.00;9.63;1282.00;-1.57;2781
525;naval_base;4785.00;9.50;1272.00;-1.77;2781
525;naval_base;4788.00;9.50;1266.00;-2.25;2781
525;naval_base;4811.00;9.73;1293.00;-4.04;2609
525;naval_base;4813.00;10.60;1288.00;-4.12;2609
525;radar_station;4789.00;9.70;1269.00;4.07;0
525;rocket_site;4802.00;10.50;1280.00;0.80;0
525;synthetic_refinery;4809.00;12.00;1275.00;1.41;0
526;air_base;4798.00;10.38;1079.00;4.64;0
526;anti_air_building;4797.00;10.53;1075.00;3.84;0
526;anti_air_building;4806.00;10.48;1086.00;0.22;0
526;anti_air_building;4806.00;10.48;1086.00;2.88;0
526;arms_factory;4799.00;10.38;1079.00;1.61;0
526;arms_factory;4808.00;10.78;1087.00;0.66;0
526;arms_factory;4808.00;10.78;1087.00;2.81;0
526;arms_factory;4811.00;10.38;1090.00;3.77;0
526;arms_factory;4819.00;9.50;1102.00;2.21;0
526;arms_factory;4828.00;10.63;1114.00;5.83;0
526;bunker;4739.00;10.50;1046.00;4.71;0
526;bunker;4798.00;10.60;1074.00;5.39;0
526;bunker;4806.00;10.48;1086.00;1.77;0
526;bunker;4819.00;9.50;1103.00;5.16;0
526;bunker;4825.00;9.50;1114.00;0.08;0
526;coastal_bunker;4747.00;9.50;1046.00;-1.57;0
526;coastal_bunker;4800.00;10.10;1080.00;-1.57;0
526;coastal_bunker;4808.00;9.98;1088.00;-3.14;0
526;coastal_bunker;4813.00;9.50;1100.00;-4.25;0
526;coastal_bunker;4825.00;9.50;1116.00;-1.57;0
526;dockyard;4820.00;9.50;1101.00;-4.25;0
526;fuel_silo;4811.00;10.32;1090.00;3.97;0
526;industrial_complex;4807.00;10.53;1086.00;2.22;0
526;industrial_complex;4828.00;10.63;1114.00;3.33;0
526;industrial_complex;4829.00;10.18;1116.00;0.67;0
526;industrial_complex;4829.00;10.18;1116.00;5.38;0
526;industrial_complex;4831.00;9.50;1117.00;1.26;0
526;industrial_complex;4831.00;9.50;1117.00;4.88;0
526;naval_base;4737.00;9.50;1048.00;-1.57;2829
526;naval_base;4797.00;10.40;1073.00;-1.57;8499
526;naval_base;4805.00;9.50;1082.00;-3.14;8499
526;naval_base;4818.00;9.50;1106.00;-4.25;8318
526;naval_base;4823.00;9.50;1114.00;-1.57;8318
526;nuclear_reactor;4828.00;10.65;1115.00;1.33;0
526;radar_station;4815.00;9.50;1098.00;6.26;0
526;rocket_site;4828.00;10.15;1116.00;4.95;0
526;synthetic_refinery;4805.00;10.35;1085.00;5.90;0
527;bunker;4750.40;10.40;1324.26;5.90;0
527;bunker;4758.53;11.80;1329.34;5.55;0
527;bunker;4762.16;11.10;1320.81;1.33;0
527;bunker;4763.55;9.70;1302.19;3.76;0
527;bunker;4767.02;12.00;1334.36;3.39;0
527;bunker;4768.01;9.70;1317.40;4.86;0
527;bunker;4771.31;10.90;1300.75;1.77;0
527;bunker;4773.00;12.03;1330.00;3.26;0
527;bunker;4774.94;11.20;1310.76;2.22;0
527;bunker;4776.10;12.30;1339.32;2.88;0
527;bunker;4776.90;12.50;1323.62;4.95;0
527;bunker;4782.22;12.80;1335.62;6.06;0
527;bunker;4784.05;13.00;1327.67;5.39;0
527;bunker;4786.64;12.20;1351.50;3.33;0
527;coastal_bunker;4746.00;9.50;1323.00;-0.38;0
527;coastal_bunker;4761.00;9.50;1305.00;-1.11;0
527;coastal_bunker;4762.00;9.50;1316.00;-0.79;0
527;coastal_bunker;4763.00;9.50;1313.00;-1.29;0
527;coastal_bunker;4767.00;9.50;1298.00;-1.17;0
527;naval_base;4750.00;9.50;1320.00;-0.38;8445
527;naval_base;4756.00;9.50;1318.00;-0.79;8445
527;naval_base;4763.00;9.50;1310.00;-1.11;8445
527;naval_base;4763.00;9.50;1314.00;-1.29;8445
527;naval_base;4766.00;9.50;1299.00;-1.17;8445
527;rocket_site;4773.07;11.10;1303.76;3.03;0
527;synthetic_refinery;4767.92;9.70;1310.21;2.52;0
528;bunker;4826.00;9.50;1222.00;4.88;0
528;bunker;4835.00;9.95;1197.00;1.26;0
528;bunker;4835.00;9.95;1198.00;2.73;0
528;bunker;4842.00;10.85;1205.00;1.10;0
528;bunker;4844.00;10.70;1195.00;3.77;0
528;bunker;4847.00;11.65;1205.00;2.22;0
528;bunker;4849.00;12.73;1198.00;2.81;0
528;bunker;4854.00;11.00;1201.00;3.17;0
528;coastal_bunker;4824.00;9.50;1216.00;-0.79;0
528;coastal_bunker;4829.00;9.50;1200.00;-4.25;0
528;coastal_bunker;4838.00;9.50;1188.00;0.00;0
528;coastal_bunker;4839.00;10.35;1204.00;-2.90;0
528;coastal_bunker;4842.00;9.50;1193.00;-0.98;0
528;coastal_bunker;4843.00;10.28;1208.00;-2.36;0
528;coastal_bunker;4853.00;9.68;1205.00;-3.14;0
528;dockyard;4842.00;9.50;1194.00;-0.98;0
528;fuel_silo;4832.00;9.78;1198.00;3.37;0
528;naval_base;4825.00;9.50;1221.00;-0.79;2708
528;naval_base;4830.00;9.50;1208.00;-4.25;2708
528;naval_base;4833.00;9.50;1190.00;0.00;2708
528;naval_base;4837.00;10.05;1203.00;-2.90;2708
528;naval_base;4842.00;9.50;1193.00;-0.98;2708
528;naval_base;4848.00;10.30;1208.00;-3.61;8791
528;naval_base;4858.00;9.50;1205.00;-3.14;8791
528;radar_station;4848.00;11.93;1203.00;1.85;0
528;synthetic_refinery;4858.00;9.60;1202.00;0.29;0
529;air_base;4888.00;10.78;1232.00;1.03;0
529;bunker;4866.00;10.57;1219.00;5.83;0
529;bunker;4884.00;9.65;1224.00;1.10;0
529;bunker;4886.00;10.98;1232.00;4.81;0
529;bunker;4894.00;9.60;1227.00;1.70;0
529;bunker;4897.00;9.63;1229.00;5.32;0
529;coastal_bunker;4873.00;9.50;1216.00;0.00;0
529;coastal_bunker;4884.00;9.50;1219.00;0.32;0
529;coastal_bunker;4901.00;9.50;1226.00;0.00;0
529;dockyard;4884.00;9.50;1219.00;0.32;0
529;fuel_silo;4882.00;10.48;1227.00;6.04;0
529;naval_base;4873.39;10.30;1216.04;-0.30;8791
529;naval_base;4882.00;9.50;1219.00;0.32;8791
529;naval_base;4895.00;9.50;1221.00;0.00;8791
529;nuclear_reactor;4881.00;10.85;1228.00;2.88;0
530;air_base;4881.00;11.35;1203.00;0.08;0
530;anti_air_building;4875.00;9.68;1194.00;2.22;0
530;anti_air_building;4882.00;11.30;1206.00;0.66;0
530;anti_air_building;4898.00;11.60;1213.00;4.88;0
530;arms_factory;4881.00;9.75;1197.00;4.64;0
530;arms_factory;4882.00;9.80;1199.00;4.14;0
530;arms_factory;4884.00;10.25;1205.00;5.85;0
530;arms_factory;4884.00;10.88;1208.00;6.20;0
530;arms_factory;4892.00;9.70;1206.00;2.58;0
530;arms_factory;4894.00;9.57;1205.00;0.52;0
530;bunker;4878.00;11.38;1206.00;4.81;0
530;bunker;4882.00;9.80;1199.00;1.70;0
530;bunker;4883.00;11.05;1207.00;2.65;0
530;bunker;4891.00;9.60;1205.00;5.32;0
530;bunker;4894.00;11.28;1213.00;1.10;0
530;bunker;4898.00;9.82;1205.00;3.26;0
530;bunker;4902.00;10.30;1212.00;4.71;0
530;coastal_bunker;4874.00;9.50;1196.00;0.00;0
530;coastal_bunker;4874.00;9.50;1197.00;-1.89;0
530;coastal_bunker;4882.00;9.88;1212.00;-3.14;0
530;coastal_bunker;4890.00;9.53;1204.00;0.46;0
530;coastal_bunker;4893.00;9.70;1216.00;-2.82;0
530;coastal_bunker;4900.00;9.50;1200.00;0.24;0
530;coastal_bunker;4901.00;9.53;1218.00;-4.25;0
530;dockyard;4881.00;9.68;1195.00;0.00;0
530;fuel_silo;4893.00;10.48;1210.00;2.42;0
530;industrial_complex;4877.00;10.55;1196.00;2.59;0
530;industrial_complex;4877.00;11.45;1205.00;1.03;0
530;industrial_complex;4880.00;9.93;1193.00;5.16;0
530;industrial_complex;4883.00;10.48;1204.00;3.09;0
530;industrial_complex;4895.00;11.40;1214.00;5.76;0
530;industrial_complex;4898.00;11.25;1215.00;0.43;0
530;naval_base;4872.00;9.50;1202.00;-1.89;8791
530;naval_base;4873.00;9.50;1194.00;0.00;8791
530;naval_base;4880.00;9.50;1214.00;-3.14;8791
530;naval_base;4890.00;9.50;1203.00;0.46;8791
530;naval_base;4894.00;10.18;1216.00;-2.82;8791
530;naval_base;4901.00;9.57;1204.00;0.24;8791
530;naval_base;4905.00;9.50;1207.00;-4.25;8791
530;nuclear_reactor;4904.00;9.73;1215.00;3.33;0
530;radar_station;4895.00;11.50;1212.00;5.38;0
530;rocket_site;4879.00;11.93;1205.00;0.67;0
530;synthetic_refinery;4884.00;9.70;1200.00;1.26;0
531;air_base;4913.00;10.93;1241.00;5.76;0
531;bunker;4908.00;12.10;1236.00;1.61;0
531;bunker;4911.00;9.73;1227.00;2.21;0
531;bunker;4916.00;10.23;1232.00;3.26;0
531;bunker;4924.00;10.55;1223.00;3.76;0
531;coastal_bunker;4905.00;9.50;1227.00;0.00;0
531;coastal_bunker;4914.00;9.50;1244.00;-3.61;0
531;coastal_bunker;4919.00;9.50;1240.00;-3.52;0
531;coastal_bunker;4920.00;9.50;1225.00;-1.11;0
531;naval_base;4904.00;9.50;1226.00;0.00;8791
531;naval_base;4908.00;10.55;1242.00;-3.61;2684
531;naval_base;4919.00;9.50;1240.00;-3.52;2684
531;naval_base;4920.00;9.85;1221.00;-1.11;8791
531;rocket_site;4914.00;10.85;1234.00;2.29;0
531;synthetic_refinery;4907.00;10.03;1229.00;2.88;0
532;air_base;4960.00;9.75;1227.00;4.81;0
532;bunker;4939.00;9.75;1236.00;3.26;0
532;bunker;4940.00;9.75;1241.00;5.32;0
532;bunker;4945.00;10.30;1242.00;1.70;0
532;bunker;4948.00;10.57;1238.00;3.76;0
532;bunker;4956.00;9.78;1227.00;3.17;0
532;coastal_bunker;4942.00;9.50;1228.00;-0.20;0
532;coastal_bunker;4953.00;9.50;1225.00;-0.64;0
532;industrial_complex;4942.00;9.90;1242.00;3.10;0
532;industrial_complex;4943.00;10.50;1245.00;5.16;0
532;industrial_complex;4951.00;9.95;1231.00;5.76;0
532;industrial_complex;4951.00;11.63;1242.00;2.14;0
532;industrial_complex;4952.00;10.68;1234.00;1.03;0
532;industrial_complex;4953.00;9.80;1230.00;0.08;0
532;naval_base;4942.00;9.50;1230.00;-0.20;5664
532;naval_base;4956.00;9.50;1224.00;-0.64;5664
532;nuclear_reactor;4939.00;10.35;1244.00;3.33;0
532;radar_station;4936.00;10.85;1243.00;5.38;0
532;rocket_site;4949.00;9.55;1228.00;0.67;0
532;synthetic_refinery;4945.00;9.78;1233.00;1.26;0
533;air_base;4997.00;9.55;1344.00;4.21;0
533;bunker;4993.00;9.55;1320.00;5.39;0
533;bunker;4995.00;10.10;1336.00;2.81;0
533;bunker;4997.00;11.25;1313.00;2.21;0
533;bunker;4997.00;11.45;1292.00;1.77;0
533;bunker;4999.00;11.50;1302.00;3.77;0
533;bunker;5000.00;12.35;1329.00;5.38;0
533;bunker;5007.00;12.18;1324.00;1.26;0
533;bunker;5011.00;10.85;1336.00;6.00;0
533;bunker;5011.00;11.43;1305.00;1.17;0
533;bunker;5011.00;12.28;1314.00;0.66;0
533;bunker;5016.00;10.90;1330.00;4.88;0
533;bunker;5018.00;11.28;1311.00;5.90;0
533;coastal_bunker;4985.00;9.50;1298.00;-1.98;0
533;coastal_bunker;4990.00;9.50;1310.00;-1.82;0
533;coastal_bunker;4990.00;9.50;1335.00;-1.82;0
533;coastal_bunker;4991.00;9.50;1327.00;-1.03;0
533;coastal_bunker;5005.00;9.50;1350.00;-3.14;0
533;coastal_bunker;5007.00;10.20;1340.00;-3.31;0
533;coastal_bunker;5014.00;9.50;1291.00;0.59;0
533;coastal_bunker;5014.00;10.50;1333.00;-4.39;0
533;coastal_bunker;5021.00;9.98;1321.00;-4.47;0
533;dockyard;5014.00;9.50;1292.00;0.59;0
533;naval_base;4988.00;9.50;1303.00;-1.98;7704
533;naval_base;4991.00;9.53;1325.00;-1.03;7704
533;naval_base;4991.00;9.68;1311.00;-1.82;7704
533;naval_base;4997.00;9.53;1345.00;-3.73;5946
533;naval_base;5006.00;9.70;1341.00;-3.31;5946
533;naval_base;5007.00;9.60;1351.00;-3.14;5946
533;naval_base;5016.00;9.50;1303.00;0.59;5970
533;naval_base;5019.00;9.65;1328.00;-4.39;5946
533;naval_base;5022.00;9.55;1320.00;-4.47;5946
533;radar_station;4999.00;11.48;1314.00;0.29;0
533;rocket_site;5014.00;11.82;1308.00;1.85;0
533;synthetic_refinery;4998.00;11.30;1294.00;3.91;0
534;air_base;4978.00;12.93;1274.00;4.71;0
534;anti_air_building;4967.00;12.75;1263.00;1.26;0
534;anti_air_building;4971.00;9.93;1275.00;0.67;0
534;anti_air_building;4973.00;12.78;1270.00;5.38;0
534;arms_factory;4952.00;13.85;1259.00;1.03;0
534;arms_factory;4954.00;11.65;1265.00;3.09;0
534;arms_factory;4974.00;13.30;1270.00;3.10;0
534;arms_factory;4981.00;10.68;1281.00;5.16;0
534;arms_factory;4984.00;10.10;1290.00;5.76;0
534;arms_factory;4985.00;10.38;1292.00;0.08;0
534;bunker;4952.00;11.95;1263.00;5.32;0
534;bunker;4962.00;11.25;1267.00;5.83;0
534;bunker;4966.00;9.50;1285.00;2.21;0
534;bunker;4969.00;12.60;1264.00;3.76;0
534;bunker;4974.00;10.35;1277.00;1.10;0
534;bunker;4982.00;10.70;1286.00;3.17;0
534;coastal_bunker;4954.00;10.55;1266.00;-2.36;0
534;coastal_bunker;4966.00;9.50;1289.00;-1.57;0
534;coastal_bunker;4969.00;9.50;1275.00;-2.36;0
534;coastal_bunker;4973.00;9.50;1283.00;-2.36;0
534;coastal_bunker;4983.00;9.65;1290.00;-2.36;0
534;dockyard;4982.00;9.85;1288.00;-2.36;0
534;fuel_silo;4966.00;11.78;1267.00;0.86;0
534;industrial_complex;4962.00;11.55;1265.00;0.59;0
534;industrial_complex;4963.00;12.03;1259.00;2.14;0
534;industrial_complex;4977.00;13.80;1271.00;4.81;0
534;industrial_complex;4979.00;11.20;1279.00;4.21;0
534;industrial_complex;4983.00;10.90;1282.00;5.76;0
534;industrial_complex;4985.00;11.55;1283.00;1.55;0
534;naval_base;4951.00;11.00;1263.00;-2.36;2658
534;naval_base;4964.00;9.50;1286.00;-1.57;2658
534;naval_base;4964.00;10.05;1270.00;-2.36;2658
534;naval_base;4977.00;9.50;1285.00;-2.36;2658
534;naval_base;4982.00;9.85;1288.00;-2.36;2658
534;nuclear_reactor;4972.00;12.68;1265.00;5.39;0
534;radar_station;4976.00;13.53;1271.00;1.17;0
534;rocket_site;4974.00;11.50;1273.00;2.73;0
534;synthetic_refinery;4971.00;12.32;1264.00;3.33;0
535;air_base;4947.00;12.23;1253.00;2.65;0
535;anti_air_building;4937.00;12.60;1253.00;0.66;0
535;anti_air_building;4947.00;12.30;1251.00;4.88;0
535;anti_air_building;4954.00;13.00;1249.00;2.22;0
535;arms_factory;4937.00;12.60;1253.00;3.10;0
535;arms_factory;4945.00;12.05;1255.00;0.08;0
535;arms_factory;4947.00;12.30;1251.00;2.14;0
535;arms_factory;4949.00;12.93;1258.00;5.76;0
535;arms_factory;4950.00;13.10;1251.00;1.03;0
535;arms_factory;4952.00;13.35;1252.00;5.16;0
535;bunker;4935.00;12.85;1249.00;5.32;0
535;bunker;4942.00;11.45;1249.00;5.83;0
535;bunker;4943.00;11.93;1258.00;3.76;0
535;bunker;4945.00;9.68;1274.00;3.17;0
535;bunker;4962.00;13.05;1249.00;1.10;0
535;coastal_bunker;4928.00;9.75;1242.00;-1.11;0
535;coastal_bunker;4935.00;11.05;1255.00;-1.95;0
535;coastal_bunker;4942.00;9.50;1270.00;-1.57;0
535;dockyard;4946.00;9.57;1275.00;-1.57;0
535;fuel_silo;4937.00;12.00;1251.00;3.88;0
535;industrial_complex;4941.00;12.20;1257.00;4.71;0
535;industrial_complex;4946.00;11.95;1258.00;0.59;0
535;industrial_complex;4950.00;13.13;1253.00;1.55;0
535;industrial_complex;4956.00;12.78;1251.00;4.81;0
535;industrial_complex;4960.00;12.63;1251.00;4.81;0
535;industrial_complex;4962.00;12.57;1255.00;4.21;0
535;naval_base;4928.00;9.50;1249.00;-1.11;2684
535;naval_base;4945.00;9.57;1273.00;-1.57;2658
535;naval_base;4948.00;10.35;1262.00;-1.95;2658
535;nuclear_reactor;4946.00;11.95;1258.00;3.33;0
535;radar_station;4941.00;12.53;1255.00;5.38;0
535;rocket_site;4962.00;12.57;1255.00;0.67;0
535;synthetic_refinery;4960.00;12.63;1251.00;1.26;0
536;air_base;4992.00;9.70;1367.00;1.70;0
536;anti_air_building;5001.00;9.60;1359.00;6.06;0
536;anti_air_building;5023.00;10.23;1397.00;2.80;0
536;anti_air_building;5034.00;11.38;1368.00;4.00;0
536;arms_factory;5016.00;9.55;1374.00;1.55;0
536;arms_factory;5024.00;11.85;1381.00;3.10;0
536;arms_factory;5025.00;10.28;1410.00;5.76;0
536;arms_factory;5040.00;10.32;1364.00;2.14;0
536;arms_factory;5047.00;10.65;1396.00;0.08;0
536;arms_factory;5054.00;9.70;1381.00;4.81;0
536;bunker;4991.00;9.70;1368.00;4.88;0
536;bunker;4994.00;9.70;1355.00;5.39;0
536;bunker;5016.00;9.70;1382.00;0.66;0
536;bunker;5016.00;9.90;1393.00;1.77;0
536;bunker;5025.00;10.00;1416.00;1.17;0
536;bunker;5026.00;11.75;1376.00;5.38;0
536;bunker;5034.00;12.98;1385.00;5.90;0
536;bunker;5040.00;9.73;1363.00;1.26;0
536;bunker;5044.00;10.05;1403.00;0.67;0
536;bunker;5051.00;10.48;1391.00;3.33;0
536;bunker;5068.00;9.53;1381.00;2.73;0
536;bunker;5068.00;9.68;1397.00;2.22;0
536;coastal_bunker;4994.00;9.50;1361.00;-1.57;0
536;coastal_bunker;5001.00;9.68;1384.00;-2.90;0
536;coastal_bunker;5006.00;9.50;1367.00;-0.14;0
536;coastal_bunker;5014.00;9.50;1386.00;-1.77;0
536;coastal_bunker;5016.00;9.50;1422.00;-2.16;0
536;coastal_bunker;5021.00;9.50;1372.00;-0.56;0
536;coastal_bunker;5033.00;9.50;1365.00;-1.05;0
536;coastal_bunker;5049.00;9.57;1401.00;-4.02;0
536;coastal_bunker;5067.00;9.50;1398.00;-3.82;0
536;coastal_bunker;5073.00;9.55;1388.00;1.41;0
536;dockyard;4983.00;9.50;1364.00;-0.90;0
536;fuel_silo;5053.00;10.53;1390.00;5.09;0
536;industrial_complex;5016.00;9.82;1394.00;4.21;0
536;industrial_complex;5018.00;9.55;1398.00;5.32;0
536;industrial_complex;5023.00;10.98;1378.00;2.65;0
536;industrial_complex;5036.00;13.40;1396.00;4.81;0
536;industrial_complex;5042.00;11.38;1379.00;4.71;0
536;industrial_complex;5063.00;11.35;1388.00;0.59;0
536;naval_base;4995.00;9.55;1368.00;0.17;5946
536;naval_base;4998.00;9.53;1354.00;1.33;5946
536;naval_base;5006.00;9.50;1367.00;-0.14;5946
536;naval_base;5007.00;9.50;1425.00;-2.16;2583
536;naval_base;5019.00;9.50;1373.00;-0.56;5946
536;naval_base;5019.00;9.50;1407.00;-1.77;2583
536;naval_base;5041.00;9.50;1361.00;0.95;5922
536;naval_base;5048.00;9.50;1403.00;-4.02;4465
536;naval_base;5055.00;9.53;1401.00;-3.82;4465
536;naval_base;5071.00;9.60;1383.00;1.41;5922
536;nuclear_reactor;5035.00;13.00;1391.00;3.91;0
536;radar_station;5030.00;12.90;1377.00;4.86;0
536;rocket_site;4994.00;9.70;1365.00;6.06;0
536;synthetic_refinery;5055.00;10.65;1390.00;1.84;0
537;air_base;5022.00;9.60;1451.00;1.10;0
537;anti_air_building;5031.00;12.73;1503.00;1.26;0
537;anti_air_building;5033.00;12.40;1510.00;5.38;0
537;anti_air_building;5037.00;9.70;1454.00;4.88;0
537;arms_factory;5026.00;10.63;1506.00;2.14;0
537;arms_factory;5029.00;12.13;1494.00;5.76;0
537;arms_factory;5036.00;11.85;1504.00;0.59;0
537;arms_factory;5037.00;9.78;1459.00;4.81;0
537;arms_factory;5047.00;11.68;1512.00;4.21;0
537;arms_factory;5047.00;12.00;1514.00;1.55;0
537;bunker;5023.00;9.70;1584.00;2.38;0
537;bunker;5025.00;9.80;1460.00;2.21;0
537;bunker;5025.00;9.88;1451.00;3.77;0
537;bunker;5033.00;9.80;1564.00;5.05;0
537;bunker;5033.00;10.85;1490.00;5.83;0
537;bunker;5044.00;12.35;1531.00;5.64;0
537;coastal_bunker;5022.00;9.50;1455.00;-1.48;0
537;coastal_bunker;5022.00;9.50;1549.00;-1.48;0
537;coastal_bunker;5024.00;9.50;1474.00;-1.57;0
537;coastal_bunker;5024.00;9.50;1532.00;-1.57;0
537;coastal_bunker;5028.00;9.55;1587.00;-2.62;0
537;coastal_bunker;5057.00;9.65;1500.00;1.52;0
537;dockyard;5045.00;9.50;1443.00;1.33;0
537;fuel_silo;5031.00;10.70;1484.00;2.93;0
537;industrial_complex;5025.00;9.68;1457.00;4.71;0
537;industrial_complex;5027.00;10.30;1478.00;4.81;0
537;industrial_complex;5028.00;11.85;1469.00;3.26;0
537;industrial_complex;5031.00;12.70;1502.00;5.32;0
537;industrial_complex;5037.00;9.70;1453.00;2.65;0
537;industrial_complex;5046.00;11.23;1509.00;1.70;0
537;naval_base;5026.00;9.50;1477.00;-1.57;2534
537;naval_base;5034.00;9.50;1598.00;-2.62;2510
537;naval_base;5035.05;9.50;1449.65;-0.97;4688
537;naval_base;5041.00;9.50;1506.00;1.03;4688
537;naval_base;5045.00;9.50;1546.00;1.48;2485
537;naval_base;5047.00;10.48;1534.00;-4.63;5126
537;nuclear_reactor;5052.00;11.28;1508.00;2.73;0
537;radar_station;5026.00;9.82;1452.00;3.33;0
537;rocket_site;5031.00;10.90;1465.00;1.17;0
537;synthetic_refinery;5025.00;10.93;1472.00;0.67;0
538;air_base;3105.00;10.90;652.00;6.06;0
538;anti_air_building;3097.00;10.90;594.00;3.91;0
538;anti_air_building;3118.00;10.90;661.00;0.29;0
538;anti_air_building;3125.00;11.00;620.00;1.85;0
538;arms_factory;3079.00;10.90;629.00;6.00;0
538;arms_factory;3093.00;10.80;674.00;5.90;0
538;arms_factory;3104.00;10.90;646.00;3.84;0
538;arms_factory;3106.00;10.80;617.00;5.90;0
538;arms_factory;3116.00;10.90;667.00;2.88;0
538;arms_factory;3125.00;11.00;599.00;0.22;0
538;bunker;3078.00;10.90;632.00;1.84;0
538;bunker;3090.00;10.78;650.00;6.06;0
538;bunker;3125.00;10.85;636.00;4.00;0
538;bunker;3126.00;11.00;608.00;4.86;0
538;bunker;3131.00;10.90;662.00;2.80;0
538;fuel_silo;3115.00;10.90;662.00;5.59;0
538;industrial_complex;3065.00;11.03;607.00;5.55;0
538;industrial_complex;3089.00;10.85;669.00;2.29;0
538;industrial_complex;3113.00;10.90;627.00;4.95;0
538;industrial_complex;3115.00;10.90;629.00;1.33;0
538;industrial_complex;3118.00;10.98;598.00;4.35;0
538;industrial_complex;3136.00;11.05;626.00;3.39;0
538;nuclear_reactor;3124.00;11.20;591.00;0.30;0
538;radar_station;3107.00;10.80;631.00;6.04;0
538;rocket_site;3086.00;10.80;634.00;3.56;0
538;synthetic_refinery;3124.00;10.73;642.00;4.51;0
539;air_base;2968.00;11.75;660.00;0.59;0
539;anti_air_building;2955.00;10.30;632.00;4.81;0
539;anti_air_building;2968.00;10.18;606.00;2.65;0
539;anti_air_building;3027.00;11.50;664.00;4.71;0
539;arms_factory;2970.00;11.10;623.00;5.76;0
539;arms_factory;2974.00;12.10;658.00;1.03;0
539;arms_factory;2984.00;11.30;601.00;5.16;0
539;arms_factory;2988.00;10.98;656.00;3.09;0
539;arms_factory;2990.00;10.95;648.00;0.43;0
539;arms_factory;2991.00;11.30;661.00;0.08;0
539;bunker;2976.00;12.10;659.00;1.17;0
539;bunker;2988.00;12.50;628.00;6.00;0
539;bunker;2995.00;10.90;646.00;0.59;0
539;coastal_bunker;2949.00;9.57;640.00;-1.42;0
539;coastal_bunker;2962.00;9.50;611.00;-1.11;0
539;dockyard;2956.00;9.50;614.00;-1.11;0
539;fuel_silo;2991.00;11.18;660.00;0.87;0
539;industrial_complex;2953.00;10.28;636.00;4.21;0
539;industrial_complex;2970.00;10.65;620.00;4.81;0
539;industrial_complex;2975.00;10.07;612.00;2.14;0
539;industrial_complex;2981.00;10.28;653.00;1.55;0
539;industrial_complex;2993.00;10.98;644.00;5.76;0
539;industrial_complex;3021.00;11.48;667.00;3.10;0
539;naval_base;2951.00;9.63;642.00;-1.42;3625
539;naval_base;2970.00;9.50;599.00;-0.31;2108
539;nuclear_reactor;2956.00;9.70;619.00;6.06;0
539;radar_station;2987.00;11.32;662.00;1.84;0
539;rocket_site;2961.00;11.18;641.00;1.70;0
539;synthetic_refinery;2987.00;11.23;619.00;5.32;0
540;air_base;3042.00;13.45;475.00;2.72;0
540;anti_air_building;3044.00;11.48;496.00;4.94;0
540;anti_air_building;3056.00;12.45;507.00;2.28;0
540;anti_air_building;3100.00;12.55;492.00;0.72;0
540;arms_factory;3024.00;10.00;494.00;1.10;0
540;arms_factory;3025.00;10.90;468.00;4.37;0
540;arms_factory;3028.00;10.65;518.00;3.16;0
540;arms_factory;3042.00;14.53;468.00;2.21;0
540;arms_factory;3082.00;11.70;514.00;0.14;0
540;arms_factory;3095.00;13.68;460.00;3.76;0
540;bunker;3015.00;9.70;499.00;1.77;0
540;bunker;3031.00;10.57;513.00;1.17;0
540;bunker;3040.00;11.63;492.00;5.39;0
540;bunker;3045.00;11.85;509.00;2.38;0
540;bunker;3063.00;14.30;470.00;3.32;0
540;bunker;3066.00;12.45;491.00;2.27;0
540;bunker;3083.00;13.25;470.00;4.44;0
540;coastal_bunker;3010.00;9.50;502.00;-1.63;0
540;coastal_bunker;3015.00;9.50;491.00;-0.95;0
540;dockyard;3022.00;9.50;471.00;-0.95;0
540;fuel_silo;3079.00;11.82;519.00;5.45;0
540;industrial_complex;3040.00;11.40;515.00;4.78;0
540;industrial_complex;3045.00;11.43;497.00;0.15;0
540;industrial_complex;3074.00;13.23;472.00;2.81;0
540;industrial_complex;3076.00;11.53;507.00;4.88;0
540;industrial_complex;3077.00;11.82;520.00;0.65;0
540;industrial_complex;3096.00;13.28;482.00;4.88;0
540;naval_base;3013.00;9.50;496.00;-0.95;2956
540;naval_base;3015.00;9.50;515.00;-1.63;2982
540;nuclear_reactor;3051.00;14.00;474.00;1.23;0
540;radar_station;3058.00;12.30;494.00;4.89;0
540;rocket_site;3033.00;10.57;488.00;3.39;0
540;synthetic_refinery;3086.00;13.13;468.00;1.33;0
541;air_base;3049.00;12.25;242.00;0.66;0
541;anti_air_building;3044.00;10.03;223.00;3.69;0
541;anti_air_building;3053.00;12.48;317.00;4.64;0
541;anti_air_building;3105.00;12.90;267.00;1.02;0
541;arms_factory;3053.00;12.50;260.00;5.69;0
541;arms_factory;3058.00;12.75;216.00;3.52;0
541;arms_factory;3076.00;14.05;278.00;3.63;0
541;arms_factory;3084.00;12.25;228.00;1.47;0
541;arms_factory;3096.00;12.70;254.00;3.02;0
541;arms_factory;3099.00;11.88;189.00;4.13;0
541;bunker;3036.00;9.57;250.00;3.84;0
541;bunker;3046.00;11.68;260.00;2.29;0
541;bunker;3064.00;11.95;198.00;1.77;0
541;bunker;3076.00;13.20;307.00;0.89;0
541;bunker;3078.00;12.88;247.00;4.95;0
541;bunker;3091.00;13.25;277.00;5.39;0
541;bunker;3096.00;12.40;209.00;6.00;0
541;bunker;3109.00;12.70;262.00;4.51;0
541;bunker;3110.00;12.20;227.00;2.88;0
541;coastal_bunker;3034.00;9.50;254.00;-1.39;0
541;coastal_bunker;3042.00;9.50;219.00;-0.66;0
541;coastal_bunker;3049.00;9.50;197.00;-1.25;0
541;dockyard;3033.00;9.50;263.00;-1.30;0
541;fuel_silo;3058.00;9.75;191.00;1.38;0
541;industrial_complex;3052.00;10.63;202.00;2.58;0
541;industrial_complex;3054.00;12.80;242.00;2.07;0
541;industrial_complex;3059.00;13.60;261.00;5.25;0
541;industrial_complex;3069.00;13.18;250.00;6.20;0
541;industrial_complex;3100.00;12.13;218.00;1.98;0
541;industrial_complex;3112.00;13.30;295.00;0.52;0
541;naval_base;3033.14;9.50;281.51;-1.59;2519
541;naval_base;3037.00;9.50;248.00;-2.25;2519
541;naval_base;3042.09;9.50;212.67;-1.25;2420
541;nuclear_reactor;3113.00;12.15;226.00;3.46;0
541;radar_station;3051.00;12.70;301.00;3.91;0
541;rocket_site;3068.00;13.88;232.00;0.43;0
541;synthetic_refinery;3072.00;13.48;241.00;6.06;0
542;air_base;3148.00;12.30;240.00;4.64;0
542;anti_air_building;3149.00;12.10;223.00;3.10;0
542;anti_air_building;3193.00;12.60;257.00;2.14;0
542;anti_air_building;3240.00;12.07;305.00;5.76;0
542;arms_factory;3126.00;12.40;252.00;5.09;0
542;arms_factory;3148.00;12.50;256.00;2.07;0
542;arms_factory;3155.00;12.50;261.00;5.69;0
542;arms_factory;3162.00;12.30;307.00;1.47;0
542;arms_factory;3184.00;12.00;356.00;3.02;0
542;arms_factory;3192.00;12.00;334.00;4.13;0
542;bunker;3139.00;12.57;288.00;0.43;0
542;bunker;3140.00;12.30;313.00;2.59;0
542;bunker;3160.00;12.20;234.00;5.85;0
542;bunker;3168.00;12.03;322.00;0.08;0
542;bunker;3195.00;12.03;312.00;5.16;0
542;bunker;3204.00;12.63;249.00;1.03;0
542;bunker;3208.00;13.00;277.00;5.76;0
542;bunker;3220.00;12.40;274.00;3.09;0
542;fuel_silo;3198.00;12.00;312.00;1.55;0
542;industrial_complex;3130.00;12.00;220.00;6.20;0
542;industrial_complex;3167.00;12.30;244.00;0.52;0
542;industrial_complex;3170.00;12.90;269.00;2.07;0
542;industrial_complex;3179.00;12.10;346.00;2.58;0
542;industrial_complex;3199.00;12.95;272.00;0.87;0
542;industrial_complex;3204.00;12.20;342.00;4.14;0
542;nuclear_reactor;3211.00;12.50;329.00;4.71;0
542;radar_station;3191.00;12.25;290.00;2.65;0
542;rocket_site;3206.00;12.90;269.00;0.59;0
542;synthetic_refinery;3222.00;12.20;315.00;4.81;0
543;air_base;3508.00;10.98;357.00;5.38;0
543;anti_air_building;3496.00;10.55;264.00;5.62;0
543;anti_air_building;3531.00;12.07;291.00;3.46;0
543;anti_air_building;3541.00;11.88;266.00;2.96;0
543;arms_factory;3500.00;10.45;314.00;3.17;0
543;arms_factory;3501.00;9.70;378.00;3.77;0
543;arms_factory;3546.00;11.55;293.00;5.32;0
543;arms_factory;3550.00;10.70;385.00;2.21;0
543;arms_factory;3558.00;12.95;320.00;5.83;0
543;arms_factory;3566.00;13.30;418.00;3.76;0
543;bunker;3498.00;10.80;260.00;4.35;0
543;bunker;3499.00;10.35;297.00;4.95;0
543;bunker;3517.00;10.57;246.00;5.55;0
543;bunker;3517.00;10.85;375.00;2.80;0
543;bunker;3517.00;11.07;303.00;2.29;0
543;bunker;3525.00;12.10;332.00;5.90;0
543;bunker;3540.41;9.90;398.13;3.39;0
543;bunker;3541.00;13.53;310.00;6.06;0
543;bunker;3557.00;13.55;360.00;1.33;0
543;bunker;3579.00;11.13;436.00;2.88;0
543;coastal_bunker;3486.00;9.50;272.00;-1.36;0
543;coastal_bunker;3493.00;9.50;357.00;-0.84;0
543;coastal_bunker;3494.00;9.50;352.00;-1.57;0
543;coastal_bunker;3498.00;9.50;241.00;-0.46;0
543;coastal_bunker;3498.00;9.50;325.00;-2.50;0
543;coastal_bunker;3516.00;9.50;234.00;-0.20;0
543;coastal_bunker;3548.00;9.57;408.00;-2.65;0
543;coastal_bunker;3568.00;9.57;331.00;-3.93;0
543;coastal_bunker;3571.00;10.23;344.00;-4.49;0
543;coastal_bunker;3585.00;10.07;436.00;-3.53;0
543;dockyard;3499.00;9.50;387.00;-2.31;0
543;fuel_silo;3535.00;12.48;301.00;5.60;0
543;industrial_complex;3514.00;11.50;290.00;2.22;0
543;industrial_complex;3520.00;10.45;243.00;1.61;0
543;industrial_complex;3526.00;12.20;290.00;0.66;0
543;industrial_complex;3548.00;10.73;382.00;1.26;0
543;industrial_complex;3572.00;13.50;365.00;4.88;0
543;industrial_complex;3573.00;13.38;415.00;2.81;0
543;naval_base;3482.00;9.50;297.00;-1.36;5247
543;naval_base;3492.00;9.50;250.00;-0.46;5272
543;naval_base;3494.00;9.50;316.00;-1.62;5247
543;naval_base;3495.00;9.50;374.00;-2.31;2456
543;naval_base;3500.00;9.50;336.00;-1.57;8691
543;naval_base;3541.85;9.40;406.61;-1.95;8665
543;naval_base;3547.00;9.60;263.00;1.08;3624
543;naval_base;3567.00;10.03;328.00;-4.53;3227
543;naval_base;3576.24;9.70;358.81;-4.96;3028
543;naval_base;3576.48;10.40;452.62;-3.13;5518
543;nuclear_reactor;3530.00;13.70;349.00;0.80;0
543;radar_station;3506.00;10.45;328.00;1.41;0
543;rocket_site;3549.00;10.73;383.00;4.07;0
543;synthetic_refinery;3504.00;10.73;312.00;5.02;0
544;air_base;3434.00;9.95;437.00;3.33;0
544;anti_air_building;3384.00;10.85;455.00;3.47;0
544;anti_air_building;3412.00;10.55;419.00;6.13;0
544;anti_air_building;3415.00;10.20;398.00;0.80;0
544;arms_factory;3364.00;10.35;378.00;4.64;0
544;arms_factory;3378.00;9.78;370.00;5.85;0
544;arms_factory;3380.00;11.43;400.00;4.14;0
544;arms_factory;3398.00;9.80;380.00;2.58;0
544;arms_factory;3414.00;10.80;437.00;0.52;0
544;arms_factory;3419.00;10.50;467.00;6.20;0
544;bunker;3373.00;10.38;380.00;2.29;0
544;bunker;3373.00;11.38;452.00;2.80;0
544;bunker;3374.00;11.28;416.00;5.55;0
544;bunker;3377.00;9.80;371.00;0.29;0
544;bunker;3391.00;10.57;447.00;4.00;0
544;bunker;3415.00;10.30;400.00;3.91;0
544;bunker;3418.00;10.32;456.00;5.90;0
544;bunker;3431.00;10.13;423.00;1.85;0
544;coastal_bunker;3383.00;9.50;363.00;0.84;0
544;coastal_bunker;3416.00;9.53;379.00;0.63;0
544;coastal_bunker;3438.00;9.55;477.00;1.49;0
544;coastal_bunker;3442.00;9.55;414.00;0.98;0
544;dockyard;3423.00;9.50;383.00;0.63;0
544;fuel_silo;3404.00;10.60;442.00;3.44;0
544;industrial_complex;3352.00;10.38;443.00;5.76;0
544;industrial_complex;3374.00;11.00;457.00;0.43;0
544;industrial_complex;3377.00;11.20;416.00;2.59;0
544;industrial_complex;3408.00;10.53;426.00;1.03;0
544;industrial_complex;3416.00;9.80;390.00;5.16;0
544;industrial_complex;3428.00;10.13;410.00;3.09;0
544;naval_base;3380.00;9.60;362.00;0.84;5299
544;naval_base;3423.00;9.50;383.00;0.63;8691
544;naval_base;3435.00;9.68;468.00;1.49;8639
544;naval_base;3438.00;9.60;428.00;-3.65;8639
544;nuclear_reactor;3362.00;11.65;390.00;5.76;0
544;radar_station;3367.00;9.70;361.00;5.54;0
544;rocket_site;3398.00;10.73;444.00;3.10;0
544;synthetic_refinery;3397.00;10.73;395.00;0.67;0
545;air_base;3264.00;11.20;295.00;4.94;0
545;anti_air_building;3289.00;11.38;304.00;4.51;0
545;anti_air_building;3293.00;13.55;336.00;2.95;0
545;anti_air_building;3309.00;12.32;339.00;0.89;0
545;arms_factory;3236.00;12.65;349.00;1.77;0
545;arms_factory;3247.00;12.70;332.00;4.44;0
545;arms_factory;3253.00;12.85;357.00;5.39;0
545;arms_factory;3279.00;11.60;296.00;3.32;0
545;arms_factory;3291.00;13.75;339.00;1.17;0
545;arms_factory;3300.00;11.10;306.00;2.38;0
545;bunker;3241.00;11.35;369.00;1.84;0
545;bunker;3241.00;12.70;347.00;5.11;0
545;bunker;3252.00;12.45;315.00;1.23;0
545;bunker;3260.00;11.40;392.00;3.90;0
545;bunker;3276.00;11.70;300.00;1.33;0
545;bunker;3281.00;12.40;322.00;6.06;0
545;bunker;3281.00;13.70;338.00;1.33;0
545;bunker;3283.00;13.63;366.00;5.46;0
545;bunker;3296.00;11.25;305.00;3.39;0
545;bunker;3302.00;13.65;363.00;5.55;0
545;bunker;3303.00;12.45;379.00;4.51;0
545;bunker;3308.00;12.20;336.00;5.45;0
545;fuel_silo;3247.00;12.70;330.00;1.39;0
545;industrial_complex;3229.00;12.05;353.00;0.72;0
545;industrial_complex;3239.00;12.45;337.00;2.28;0
545;industrial_complex;3247.00;12.90;352.00;2.88;0
545;industrial_complex;3274.00;11.82;302.00;2.27;0
545;industrial_complex;3288.00;13.35;332.00;3.84;0
545;industrial_complex;3298.00;11.20;310.00;0.22;0
545;nuclear_reactor;3291.00;11.40;297.00;3.46;0
545;radar_station;3261.00;13.20;346.00;1.73;0
545;rocket_site;3296.00;13.10;328.00;5.62;0
545;synthetic_refinery;3238.00;12.70;347.00;5.01;0
546;air_base;3364.00;13.48;581.00;4.44;0
546;anti_air_building;3368.00;13.10;570.00;3.39;0
546;anti_air_building;3380.00;12.80;569.00;1.33;0
546;anti_air_building;3385.00;12.85;581.00;1.23;0
546;arms_factory;3348.00;12.98;560.00;2.81;0
546;arms_factory;3360.00;13.80;592.00;4.88;0
546;arms_factory;3363.00;13.65;582.00;4.78;0
546;arms_factory;3364.00;12.98;553.00;0.65;0
546;arms_factory;3388.00;12.70;584.00;2.72;0
546;arms_factory;3389.00;12.23;573.00;5.38;0
546;bunker;3345.00;12.85;551.00;1.33;0
546;bunker;3352.00;13.32;570.00;2.88;0
546;bunker;3358.00;13.90;590.00;5.45;0
546;bunker;3364.00;13.07;594.00;3.84;0
546;bunker;3365.00;12.95;549.00;2.28;0
546;bunker;3367.00;12.35;594.00;0.22;0
546;bunker;3374.00;12.95;572.00;2.27;0
546;bunker;3377.00;15.48;539.00;0.72;0
546;bunker;3385.00;12.95;582.00;5.55;0
546;bunker;3392.00;12.78;553.00;4.94;0
546;fuel_silo;3339.00;12.88;535.00;1.84;0
546;industrial_complex;3350.00;13.55;582.00;3.32;0
546;industrial_complex;3351.00;12.75;553.00;1.77;0
546;industrial_complex;3366.00;13.20;573.00;1.17;0
546;industrial_complex;3371.00;12.70;551.00;1.77;0
546;industrial_complex;3389.00;12.25;572.00;5.39;0
546;industrial_complex;3399.00;12.60;583.00;2.38;0
546;nuclear_reactor;3385.00;12.75;568.00;3.90;0
546;radar_station;3338.00;12.40;583.00;2.96;0
546;rocket_site;3396.00;11.65;579.00;6.06;0
546;synthetic_refinery;3366.00;12.90;549.00;5.46;0
547;air_base;3386.00;12.88;609.00;1.11;0
547;anti_air_building;3383.00;10.38;708.00;0.67;0
547;anti_air_building;3405.00;12.38;595.00;4.89;0
547;anti_air_building;3426.00;9.95;613.00;4.79;0
547;arms_factory;3373.00;11.73;619.00;6.28;0
547;arms_factory;3381.00;13.90;628.00;4.22;0
547;arms_factory;3386.00;10.20;695.00;0.60;0
547;arms_factory;3397.00;12.55;612.00;5.77;0
547;arms_factory;3403.00;10.65;675.00;2.66;0
547;arms_factory;3406.00;10.65;670.00;2.16;0
547;bunker;3377.00;14.10;634.00;0.16;0
547;bunker;3378.00;14.05;669.00;3.17;0
547;bunker;3381.00;10.20;705.00;4.29;0
547;bunker;3391.00;12.60;614.00;4.89;0
547;bunker;3398.00;12.25;606.00;3.78;0
547;bunker;3407.00;11.20;642.00;2.22;0
547;bunker;3411.00;10.53;688.00;0.16;0
547;bunker;3415.00;10.35;631.00;4.38;0
547;fuel_silo;3402.00;11.85;640.00;5.40;0
547;industrial_complex;3383.00;13.78;632.00;4.72;0
547;industrial_complex;3393.00;12.43;639.00;2.66;0
547;industrial_complex;3394.00;12.00;668.00;0.50;0
547;industrial_complex;3396.00;11.93;664.00;5.93;0
547;industrial_complex;3405.00;10.45;683.00;1.71;0
547;industrial_complex;3405.00;10.73;651.00;4.72;0
547;nuclear_reactor;3384.00;14.07;640.00;1.17;0
547;radar_station;3399.00;11.98;653.00;5.64;0
547;rocket_site;3390.00;12.85;637.00;3.34;0
547;synthetic_refinery;3417.00;10.40;619.00;2.73;0
548;air_base;3331.00;12.60;672.00;0.22;0
548;anti_air_building;3270.00;11.18;638.00;5.55;0
548;anti_air_building;3298.00;12.23;649.00;6.06;0
548;anti_air_building;3311.00;12.35;705.00;3.39;0
548;arms_factory;3292.00;12.53;636.00;5.38;0
548;arms_factory;3301.00;11.00;689.00;1.17;0
548;arms_factory;3301.00;12.73;660.00;4.88;0
548;arms_factory;3311.00;12.88;696.00;1.26;0
548;arms_factory;3313.00;12.45;704.00;0.67;0
548;arms_factory;3338.00;12.93;689.00;3.33;0
548;bunker;3290.00;13.15;645.00;2.29;0
548;bunker;3291.00;9.85;673.00;2.88;0
548;bunker;3292.00;12.15;706.00;4.35;0
548;bunker;3316.00;12.40;666.00;4.95;0
548;bunker;3322.00;12.90;690.00;1.33;0
548;bunker;3337.00;11.90;664.00;5.90;0
548;fuel_silo;3291.00;12.43;660.00;0.43;0
548;industrial_complex;3271.00;11.23;639.00;1.77;0
548;industrial_complex;3286.00;9.50;669.00;5.39;0
548;industrial_complex;3288.00;12.68;699.00;5.90;0
548;industrial_complex;3302.00;11.50;691.00;3.84;0
548;industrial_complex;3313.00;12.40;663.00;2.73;0
548;industrial_complex;3317.00;12.68;711.00;6.00;0
548;nuclear_reactor;3279.00;12.93;640.00;4.86;0
548;radar_station;3318.00;12.15;665.00;4.00;0
548;rocket_site;3335.00;13.20;698.00;1.84;0
548;synthetic_refinery;3306.00;12.20;690.00;2.80;0
550;air_base;3406.17;12.60;890.61;4.21;0
550;anti_air_building;3386.50;12.10;896.60;1.70;0
550;anti_air_building;3399.06;12.90;931.97;2.65;0
550;anti_air_building;3419.63;13.70;885.43;5.32;0
550;arms_factory;3395.00;11.73;931.00;2.59;0
550;arms_factory;3398.00;11.48;927.00;5.16;0
550;arms_factory;3401.91;11.80;900.33;1.03;0
550;arms_factory;3403.28;12.40;937.54;3.09;0
550;arms_factory;3408.19;13.40;917.50;5.76;0
550;arms_factory;3411.87;13.20;884.67;0.43;0
550;bunker;3376.00;12.73;887.00;1.84;0
550;bunker;3399.00;13.10;914.00;4.00;0
550;bunker;3406.00;13.78;928.00;2.80;0
550;bunker;3414.00;14.20;893.00;6.06;0
550;bunker;3416.00;12.15;905.00;6.06;0
550;coastal_bunker;3411.00;9.78;934.00;-3.61;0
550;coastal_bunker;3417.00;9.78;914.00;-4.19;0
550;coastal_bunker;3434.00;9.50;900.00;-4.19;0
550;dockyard;3417.00;9.82;912.00;-4.19;0
550;fuel_silo;3409.00;12.88;923.00;6.11;0
550;industrial_complex;3382.00;12.38;883.00;4.81;0
550;industrial_complex;3384.00;12.73;891.00;3.10;0
550;industrial_complex;3387.00;10.78;924.00;5.76;0
550;industrial_complex;3388.00;10.82;919.00;0.08;0
550;industrial_complex;3389.00;11.53;911.00;2.14;0
550;industrial_complex;3396.00;12.07;915.00;1.55;0
550;naval_base;3408.00;9.70;940.00;-3.61;8766
550;naval_base;3419.00;9.73;906.00;-4.19;2800
550;naval_base;3421.22;9.40;901.04;-4.49;2800
550;nuclear_reactor;3411.00;11.88;923.00;1.41;0
550;radar_station;3415.00;11.73;910.00;3.46;0
550;rocket_site;3376.00;12.63;893.00;5.02;0
550;synthetic_refinery;3417.00;10.78;906.00;5.62;0
551;bunker;3293.00;10.60;886.00;3.91;0
551;bunker;3310.00;10.57;866.00;4.31;0
551;bunker;3312.00;10.50;876.00;1.41;0
551;bunker;3323.00;10.60;934.00;3.47;0
551;bunker;3324.00;11.18;852.00;0.18;0
551;bunker;3339.00;10.70;908.00;3.56;0
551;synthetic_refinery;3311.00;10.60;916.00;2.75;0
552;air_base;3286.00;9.90;1042.00;5.19;0
552;anti_air_building;3230.00;9.60;1122.00;3.33;0
552;anti_air_building;3239.00;10.40;1010.00;4.29;0
552;anti_air_building;3277.00;9.80;1104.00;0.67;0
552;arms_factory;3200.00;10.50;1072.00;1.41;0
552;arms_factory;3216.00;11.65;1042.00;3.47;0
552;arms_factory;3219.00;9.78;1122.00;4.42;0
552;arms_factory;3244.00;10.28;1069.00;5.63;0
552;arms_factory;3265.00;10.10;1019.00;5.03;0
552;arms_factory;3276.00;10.00;1033.00;5.03;0
552;bunker;3237.00;9.60;1141.00;1.26;0
552;fuel_silo;3250.00;10.45;1054.00;5.16;0
552;industrial_complex;3198.00;10.78;1058.00;4.28;0
552;industrial_complex;3201.00;11.20;1014.00;5.84;0
552;industrial_complex;3232.00;10.25;1081.00;0.06;0
552;industrial_complex;3242.00;10.43;1064.00;0.16;0
552;industrial_complex;3276.00;10.00;1038.00;3.77;0
552;industrial_complex;3286.00;9.90;1035.00;2.22;0
552;nuclear_reactor;3253.00;10.05;1115.00;0.53;0
552;radar_station;3248.00;10.25;1078.00;5.64;0
552;rocket_site;3266.00;10.23;1062.00;4.15;0
552;synthetic_refinery;3223.00;10.95;1026.00;6.21;0
553;air_base;3364.00;9.88;1211.00;4.13;0
553;anti_air_building;3360.00;9.68;1206.00;4.14;0
553;anti_air_building;3361.00;9.78;1204.00;4.64;0
553;anti_air_building;3362.00;9.88;1206.00;0.52;0
553;arms_factory;3359.00;9.60;1204.00;0.96;0
553;arms_factory;3360.00;9.68;1206.00;4.58;0
553;arms_factory;3362.00;9.80;1207.00;3.97;0
553;arms_factory;3362.00;9.80;1207.00;5.18;0
553;arms_factory;3362.00;9.98;1205.00;1.91;0
553;arms_factory;3364.00;9.60;1218.00;3.63;0
553;bunker;3363.00;9.82;1209.00;2.07;0
553;coastal_bunker;3360.00;9.50;1209.00;-1.57;0
553;dockyard;3360.00;9.50;1209.00;-1.57;0
553;fuel_silo;3366.00;9.75;1218.00;2.59;0
553;industrial_complex;3364.00;9.60;1218.00;0.36;0
553;industrial_complex;3364.00;9.65;1217.00;5.69;0
553;industrial_complex;3364.00;9.70;1213.00;5.09;0
553;industrial_complex;3365.00;9.73;1215.00;2.07;0
553;industrial_complex;3365.00;9.90;1213.00;1.47;0
553;industrial_complex;3368.00;11.23;1216.00;3.02;0
553;naval_base;3359.00;9.50;1208.00;-1.57;609
553;nuclear_reactor;3367.00;10.70;1215.00;5.76;0
553;radar_station;3365.00;10.07;1212.00;4.64;0
553;rocket_site;3365.00;9.70;1217.00;3.09;0
553;synthetic_refinery;3365.00;9.70;1218.00;5.85;0
554;air_base;3377.00;11.50;1189.00;4.42;0
554;anti_air_building;3368.00;11.03;1192.00;1.91;0
554;anti_air_building;3383.00;12.68;1193.00;2.01;0
554;anti_air_building;3384.00;12.85;1192.00;6.13;0
554;arms_factory;3378.00;11.57;1188.00;4.51;0
554;arms_factory;3381.00;11.55;1208.00;1.33;0
554;arms_factory;3384.00;11.18;1205.00;5.46;0
554;arms_factory;3385.00;11.15;1204.00;1.84;0
554;arms_factory;3391.00;11.00;1198.00;6.06;0
554;arms_factory;3397.00;11.00;1197.00;3.90;0
554;bunker;3372.00;12.30;1213.00;3.46;0
554;bunker;3373.00;11.50;1192.00;4.07;0
554;bunker;3375.00;12.78;1211.00;1.40;0
554;bunker;3378.00;11.68;1194.00;5.02;0
554;bunker;3399.00;11.05;1198.00;5.62;0
554;fuel_silo;3386.00;11.38;1199.00;5.18;0
554;industrial_complex;3367.00;12.07;1199.00;2.95;0
554;industrial_complex;3371.00;11.50;1191.00;0.89;0
554;industrial_complex;3372.00;12.70;1202.00;5.11;0
554;industrial_complex;3375.00;12.68;1213.00;4.51;0
554;industrial_complex;3377.00;11.55;1192.00;1.39;0
554;industrial_complex;3392.00;11.20;1205.00;5.01;0
554;nuclear_reactor;3375.00;12.60;1215.00;0.96;0
554;radar_station;3383.00;11.23;1203.00;1.21;0
554;rocket_site;3376.00;11.93;1203.00;4.58;0
554;synthetic_refinery;3388.00;11.18;1201.00;3.97;0
555;air_base;5114.00;9.68;1419.00;6.06;0
555;anti_air_building;5147.00;9.60;1436.00;4.07;0
555;anti_air_building;5190.00;9.53;1494.00;1.41;0
555;anti_air_building;5202.00;9.68;1507.00;5.02;0
555;arms_factory;5087.00;9.57;1405.00;5.55;0
555;arms_factory;5111.00;9.53;1418.00;4.95;0
555;arms_factory;5113.00;9.55;1418.00;4.35;0
555;arms_factory;5127.00;9.55;1425.00;2.29;0
555;arms_factory;5195.00;9.68;1499.00;1.33;0
555;arms_factory;5201.00;9.57;1505.00;5.90;0
555;bunker;5127.00;9.55;1425.00;4.51;0
555;bunker;5148.00;9.68;1436.00;3.56;0
555;bunker;5195.00;9.70;1498.00;2.35;0
555;coastal_bunker;5119.00;9.50;1421.00;-4.19;0
555;coastal_bunker;5142.00;9.50;1432.00;-0.70;0
555;coastal_bunker;5196.00;9.50;1512.00;-3.93;0
555;dockyard;5143.00;9.50;1431.00;-0.70;0
555;fuel_silo;5195.00;9.68;1499.00;0.94;0
555;industrial_complex;5087.00;9.60;1406.00;6.06;0
555;industrial_complex;5128.00;9.68;1426.00;4.00;0
555;industrial_complex;5147.00;9.53;1435.00;1.84;0
555;industrial_complex;5191.00;9.57;1496.00;4.86;0
555;industrial_complex;5194.00;9.60;1497.00;3.39;0
555;industrial_complex;5202.00;9.68;1506.00;2.80;0
555;naval_base;5127.00;9.50;1424.00;-4.19;5640
555;naval_base;5150.00;9.57;1438.00;-0.46;8796
555;naval_base;5207.00;9.55;1511.00;-3.93;3615
555;nuclear_reactor;5126.00;9.53;1425.00;2.51;0
555;radar_station;5114.00;9.68;1420.00;3.47;0
555;rocket_site;5201.00;9.57;1505.00;6.13;0
555;synthetic_refinery;5192.00;9.60;1496.00;0.80;0
556;air_base;2735.00;10.20;883.00;2.32;0
556;anti_air_building;2636.00;10.50;859.00;5.69;0
556;anti_air_building;2690.00;10.20;896.00;3.02;0
556;anti_air_building;2786.00;10.20;892.00;0.36;0
556;arms_factory;2631.00;11.70;877.00;3.27;0
556;arms_factory;2648.00;12.15;869.00;3.36;0
556;arms_factory;2703.00;11.00;827.00;2.16;0
556;arms_factory;2739.00;10.20;886.00;1.20;0
556;arms_factory;2777.00;10.20;894.00;5.42;0
556;arms_factory;2853.00;10.20;904.00;2.76;0
556;bunker;2631.00;10.57;867.00;3.09;0
556;bunker;2653.00;10.63;894.00;0.80;0
556;bunker;2654.00;10.85;848.00;3.19;0
556;bunker;2688.00;10.20;900.00;6.13;0
556;bunker;2688.00;10.80;861.00;1.48;0
556;bunker;2691.00;11.00;845.00;5.54;0
556;bunker;2698.00;11.00;837.00;1.04;0
556;bunker;2707.00;11.00;827.00;5.09;0
556;bunker;2710.00;10.20;885.00;1.41;0
556;bunker;2728.00;10.20;923.00;3.41;0
556;bunker;2732.00;10.35;859.00;4.74;0
556;bunker;2770.00;10.18;934.00;4.00;0
556;bunker;2785.00;10.30;914.00;4.07;0
556;bunker;2786.00;10.30;886.00;2.59;0
556;bunker;2813.00;10.20;905.00;0.74;0
556;fuel_silo;2779.00;10.30;912.00;3.60;0
556;industrial_complex;2640.00;10.90;863.00;5.94;0
556;industrial_complex;2696.00;11.07;813.00;5.93;0
556;industrial_complex;2701.19;10.90;857.81;1.21;0
556;industrial_complex;2790.00;10.20;938.00;2.92;0
556;industrial_complex;2807.00;10.13;899.00;3.87;0
556;industrial_complex;2816.00;10.60;896.00;1.71;0
556;nuclear_reactor;2666.00;10.70;851.00;5.32;0
556;radar_station;2811.00;10.18;897.00;5.09;0
556;rocket_site;2681.00;10.20;897.00;1.20;0
556;synthetic_refinery;2721.00;10.20;880.00;5.39;0
557;air_base;2642.00;10.05;923.00;1.40;0
557;anti_air_building;2583.00;9.70;937.00;3.76;0
557;anti_air_building;2584.00;9.70;937.00;5.32;0
557;anti_air_building;2715.00;10.20;915.00;3.17;0
557;arms_factory;2583.00;9.70;939.00;1.55;0
557;arms_factory;2587.00;9.70;936.00;0.59;0
557;arms_factory;2648.00;10.18;915.00;5.76;0
557;arms_factory;2650.00;10.18;914.00;4.21;0
557;arms_factory;2691.00;10.13;914.00;2.14;0
557;arms_factory;2692.00;10.15;914.00;4.81;0
557;bunker;2570.00;9.70;931.00;3.46;0
557;bunker;2579.00;9.70;940.00;2.96;0
557;bunker;2603.00;11.90;916.00;6.13;0
557;bunker;2669.00;10.00;924.00;3.46;0
557;bunker;2675.00;10.03;916.00;2.28;0
557;coastal_bunker;2549.00;9.50;914.00;-1.30;0
557;dockyard;2549.00;9.50;913.00;-1.47;0
557;fuel_silo;2573.00;9.70;922.00;1.44;0
557;industrial_complex;2581.00;9.70;934.00;4.81;0
557;industrial_complex;2588.00;9.70;936.00;4.71;0
557;industrial_complex;2661.00;9.93;915.00;2.65;0
557;industrial_complex;2662.00;9.90;915.00;5.32;0
557;industrial_complex;2704.00;10.20;914.00;1.70;0
557;industrial_complex;2705.00;10.20;914.00;3.26;0
557;naval_base;2549.00;9.50;913.00;-1.30;412
557;nuclear_reactor;2566.00;9.70;924.00;0.97;0
557;radar_station;2651.00;10.00;920.00;6.28;0
557;rocket_site;2576.00;9.70;935.00;5.83;0
557;synthetic_refinery;2647.00;10.20;915.00;2.15;0
558;air_base;2906.00;10.00;759.00;3.76;0
558;anti_air_building;2896.00;9.68;736.00;3.84;0
558;anti_air_building;2901.00;9.70;749.00;2.88;0
558;anti_air_building;2905.00;9.93;765.00;0.22;0
558;arms_factory;2889.00;9.63;749.00;0.59;0
558;arms_factory;2889.00;9.73;762.00;1.19;0
558;arms_factory;2894.00;9.75;758.00;4.20;0
558;arms_factory;2906.00;9.82;753.00;2.14;0
558;arms_factory;2923.00;10.03;751.00;4.71;0
558;arms_factory;2948.00;11.20;752.00;6.26;0
558;bunker;2884.00;9.60;752.00;1.77;0
558;bunker;2893.00;9.85;764.00;4.88;0
558;bunker;2905.00;9.80;752.00;4.78;0
558;bunker;2906.00;9.65;725.00;2.81;0
558;bunker;2907.00;9.70;740.00;0.65;0
558;bunker;2911.00;9.85;754.00;0.15;0
558;bunker;2915.00;9.70;739.00;2.72;0
558;bunker;2934.00;9.70;735.00;5.38;0
558;bunker;2952.00;11.63;753.00;3.32;0
558;coastal_bunker;2885.00;9.50;744.00;-0.52;0
558;coastal_bunker;2898.00;9.50;720.00;-1.05;0
558;coastal_bunker;2911.00;9.60;722.00;0.67;0
558;coastal_bunker;2919.00;9.50;719.00;-0.18;0
558;coastal_bunker;2938.00;9.50;725.00;-0.20;0
558;dockyard;2918.00;9.50;719.00;-0.18;0
558;fuel_silo;2897.00;10.03;768.00;2.28;0
558;industrial_complex;2896.00;9.63;743.00;1.10;0
558;industrial_complex;2900.00;9.68;728.00;2.65;0
558;industrial_complex;2921.00;9.70;733.00;5.32;0
558;industrial_complex;2927.00;10.00;749.00;5.92;0
558;industrial_complex;2932.00;9.75;741.00;5.82;0
558;industrial_complex;2951.00;12.00;754.00;1.70;0
558;naval_base;2877.00;9.50;750.00;-0.52;8707
558;naval_base;2891.00;9.50;731.00;-1.05;8707
558;naval_base;2901.00;9.50;718.00;-0.64;8707
558;naval_base;2916.00;9.50;722.00;-0.18;1886
558;naval_base;2929.00;9.50;722.00;-0.20;3818
558;nuclear_reactor;2922.00;10.20;757.00;5.45;0
558;radar_station;2914.00;9.70;749.00;4.18;0
558;rocket_site;2911.00;9.90;760.00;1.33;0
558;synthetic_refinery;2899.00;10.10;770.00;0.72;0
559;air_base;3564.00;9.70;750.00;1.40;0
559;anti_air_building;3536.00;10.25;751.00;3.10;0
559;anti_air_building;3575.00;10.48;776.00;0.08;0
559;anti_air_building;3578.00;11.25;803.00;5.76;0
559;arms_factory;3470.00;9.70;670.00;4.51;0
559;arms_factory;3538.00;9.90;713.00;5.11;0
559;arms_factory;3550.00;11.50;825.00;3.90;0
559;arms_factory;3553.00;10.98;794.00;2.95;0
559;arms_factory;3564.00;10.65;772.00;6.06;0
559;arms_factory;3596.00;10.43;824.00;0.89;0
559;bunker;3470.00;9.68;650.00;6.20;0
559;bunker;3485.00;9.70;676.00;2.07;0
559;bunker;3501.00;10.78;721.00;2.07;0
559;bunker;3536.00;9.73;705.00;3.63;0
559;bunker;3540.00;10.00;735.00;4.13;0
559;bunker;3540.00;10.28;754.00;4.14;0
559;bunker;3547.00;9.73;716.00;1.47;0
559;bunker;3554.00;11.28;785.00;2.58;0
559;bunker;3559.00;9.75;733.00;0.87;0
559;bunker;3564.00;12.35;818.00;5.09;0
559;bunker;3572.00;11.40;797.00;0.96;0
559;bunker;3575.00;11.30;800.00;0.36;0
559;bunker;3581.00;10.48;785.00;3.02;0
559;bunker;3589.00;11.13;823.00;5.69;0
559;coastal_bunker;3471.00;9.57;647.00;-0.64;0
559;coastal_bunker;3534.00;9.50;699.00;0.51;0
559;coastal_bunker;3557.00;9.60;728.00;-4.53;0
559;coastal_bunker;3561.00;9.73;829.00;-3.61;0
559;coastal_bunker;3571.00;9.50;747.00;1.30;0
559;coastal_bunker;3591.00;9.60;789.00;1.35;0
559;coastal_bunker;3594.00;9.60;836.00;-2.92;0
559;coastal_bunker;3596.00;9.60;797.00;1.27;0
559;dockyard;3477.00;9.57;653.00;-0.64;0
559;fuel_silo;3565.00;12.20;819.00;4.81;0
559;industrial_complex;3479.00;10.45;696.00;5.01;0
559;industrial_complex;3499.00;10.70;717.00;5.02;0
559;industrial_complex;3502.00;9.95;699.00;5.62;0
559;industrial_complex;3522.00;10.30;731.00;1.39;0
559;industrial_complex;3559.00;12.10;810.00;3.46;0
559;industrial_complex;3569.00;9.85;764.00;4.42;0
559;naval_base;3495.00;9.57;671.00;1.57;5298
559;naval_base;3520.00;9.50;686.00;0.51;5246
559;naval_base;3545.00;9.55;712.00;0.85;5246
559;naval_base;3567.00;9.50;740.00;1.30;2704
559;naval_base;3570.00;9.80;829.00;-3.61;5383
559;naval_base;3580.00;9.50;767.00;1.35;4694
559;naval_base;3598.00;9.55;841.00;-2.92;5383
559;naval_base;3600.00;9.55;812.00;1.27;4694
559;nuclear_reactor;3543.00;9.88;727.00;0.59;0
559;radar_station;3536.00;10.13;744.00;0.06;0
559;rocket_site;3499.00;9.70;678.00;4.21;0
559;synthetic_refinery;3496.00;11.07;724.00;2.14;0
560;air_base;4955.00;10.82;1572.00;3.46;0
560;anti_air_building;4889.00;10.03;1617.00;2.59;0
560;anti_air_building;4922.00;11.80;1541.00;3.09;0
560;anti_air_building;4990.00;9.70;1594.00;5.25;0
560;arms_factory;4872.00;11.03;1610.00;1.84;0
560;arms_factory;4887.00;11.95;1569.00;4.86;0
560;arms_factory;4939.00;9.88;1552.00;0.29;0
560;arms_factory;4942.00;10.53;1537.00;3.91;0
560;arms_factory;4949.00;9.80;1557.00;1.85;0
560;arms_factory;4988.00;9.70;1591.00;6.06;0
560;bunker;4866.00;11.18;1601.00;5.54;0
560;bunker;4869.00;11.23;1582.00;2.52;0
560;bunker;4888.00;10.30;1612.00;0.01;0
560;bunker;4893.00;11.32;1629.00;6.13;0
560;bunker;4894.00;11.78;1557.00;2.42;0
560;bunker;4898.00;12.43;1581.00;5.69;0
560;bunker;4911.00;13.38;1609.00;0.36;0
560;bunker;4926.00;10.20;1610.00;3.03;0
560;bunker;4930.00;11.65;1534.00;0.46;0
560;bunker;4932.00;9.90;1565.00;0.97;0
560;bunker;4948.00;10.07;1573.00;2.51;0
560;bunker;4953.00;9.88;1545.00;5.70;0
560;bunker;4965.00;10.20;1585.00;3.54;0
560;bunker;4972.00;10.45;1575.00;5.09;0
560;bunker;4993.00;9.80;1566.00;3.03;0
560;bunker;5006.00;9.70;1583.00;4.58;0
560;coastal_bunker;4920.00;10.15;1615.00;-3.82;0
560;coastal_bunker;4927.00;9.60;1612.00;-2.71;0
560;coastal_bunker;4929.00;9.50;1629.00;1.41;0
560;coastal_bunker;4963.00;9.50;1593.00;-3.27;0
560;coastal_bunker;4987.00;9.68;1604.00;-2.50;0
560;dockyard;4916.00;9.50;1621.00;1.41;0
560;fuel_silo;4957.00;9.95;1540.00;2.05;0
560;industrial_complex;4892.00;11.90;1634.00;4.51;0
560;industrial_complex;4910.00;11.30;1552.00;2.96;0
560;industrial_complex;4911.00;13.07;1593.00;5.62;0
560;industrial_complex;4917.00;12.35;1567.00;0.30;0
560;industrial_complex;4929.00;10.48;1605.00;2.35;0
560;industrial_complex;4986.00;10.10;1572.00;3.56;0
560;naval_base;4916.00;9.50;1621.00;1.41;5344
560;naval_base;4918.00;11.00;1615.00;-3.82;5344
560;naval_base;4951.00;9.50;1622.00;-4.22;5321
560;naval_base;4968.00;9.53;1599.00;-3.27;5321
560;naval_base;5009.04;9.80;1581.05;0.48;2510
560;nuclear_reactor;4923.00;10.90;1609.00;5.26;0
560;radar_station;4956.00;10.13;1559.00;1.04;0
560;rocket_site;4943.00;10.25;1590.00;3.70;0
560;synthetic_refinery;4936.00;9.98;1555.00;3.19;0
561;air_base;4846.00;11.30;1629.00;1.41;0
561;anti_air_building;4818.00;10.70;1589.00;3.03;0
561;anti_air_building;4831.00;11.00;1618.00;5.09;0
561;anti_air_building;4832.00;10.30;1603.00;0.01;0
561;arms_factory;4687.00;12.03;1607.00;2.35;0
561;arms_factory;4770.00;10.20;1607.00;0.29;0
561;arms_factory;4783.00;10.20;1619.00;3.91;0
561;arms_factory;4811.00;10.40;1570.00;1.85;0
561;arms_factory;4812.00;11.05;1632.00;4.51;0
561;arms_factory;4817.00;10.82;1623.00;2.35;0
561;bunker;4680.00;12.53;1596.00;2.51;0
561;bunker;4717.00;11.48;1644.00;4.58;0
561;bunker;4722.00;11.75;1612.00;0.80;0
561;bunker;4724.00;11.40;1643.00;0.97;0
561;bunker;4725.00;10.73;1590.00;2.51;0
561;bunker;4734.00;10.55;1599.00;2.52;0
561;bunker;4768.00;10.53;1631.00;2.42;0
561;bunker;4777.00;10.10;1596.00;0.46;0
561;bunker;4785.00;10.65;1570.00;3.47;0
561;bunker;4799.00;10.55;1595.00;0.36;0
561;bunker;4810.00;10.50;1560.00;5.69;0
561;bunker;4811.00;10.43;1617.00;5.54;0
561;bunker;4839.00;12.35;1621.00;4.07;0
561;bunker;4840.00;11.75;1617.00;3.03;0
561;bunker;4847.00;10.75;1583.00;6.13;0
561;fuel_silo;4798.00;10.57;1553.00;4.71;0
561;industrial_complex;4732.00;10.95;1610.00;2.96;0
561;industrial_complex;4743.00;10.80;1618.00;0.30;0
561;industrial_complex;4776.00;10.90;1576.00;5.62;0
561;industrial_complex;4789.00;10.80;1563.00;3.46;0
561;industrial_complex;4804.00;10.20;1614.00;3.56;0
561;industrial_complex;4845.00;11.43;1637.00;5.02;0
561;nuclear_reactor;4759.00;10.50;1616.00;1.48;0
561;radar_station;4799.00;10.80;1581.00;3.54;0
561;rocket_site;4777.00;10.30;1626.00;4.74;0
561;synthetic_refinery;4678.00;11.78;1615.00;6.21;0
562;air_base;5151.00;10.35;1738.00;0.80;0
562;anti_air_building;4893.00;11.60;1643.00;4.44;0
562;anti_air_building;4895.00;10.60;1715.00;2.27;0
562;anti_air_building;4943.00;11.28;1713.00;3.84;0
562;arms_factory;4932.00;10.75;1774.00;5.39;0
562;arms_factory;5000.00;11.00;1730.00;1.77;0
562;arms_factory;5099.00;9.95;1731.00;2.38;0
562;arms_factory;5179.00;11.40;1784.00;3.32;0
562;arms_factory;5229.00;10.93;1844.00;1.77;0
562;arms_factory;5306.00;10.03;1822.00;1.17;0
562;bunker;4877.00;13.20;1666.00;4.74;0
562;bunker;4907.00;12.57;1655.00;5.70;0
562;bunker;4909.00;10.73;1723.00;1.48;0
562;bunker;4916.00;11.63;1679.00;0.52;0
562;bunker;4945.00;10.57;1695.00;3.03;0
562;bunker;4949.00;11.30;1756.00;3.03;0
562;bunker;4954.00;11.73;1668.00;3.54;0
562;bunker;4964.00;11.43;1688.00;0.36;0
562;bunker;5030.00;11.98;1761.00;0.97;0
562;bunker;5058.00;10.73;1738.00;5.60;0
562;bunker;5120.00;10.15;1725.00;0.01;0
562;bunker;5239.00;11.28;1781.00;5.09;0
562;bunker;5348.00;10.60;1844.00;5.69;0
562;coastal_bunker;4957.00;9.57;1651.00;1.45;0
562;coastal_bunker;4977.00;9.60;1673.00;0.67;0
562;coastal_bunker;5035.00;9.53;1719.00;0.38;0
562;coastal_bunker;5098.00;9.50;1721.00;0.58;0
562;coastal_bunker;5108.00;9.50;1718.00;-0.60;0
562;coastal_bunker;5239.00;9.57;1766.00;0.96;0
562;coastal_bunker;5312.00;9.50;1773.00;0.30;0
562;dockyard;5299.00;9.50;1767.00;0.30;0
562;fuel_silo;5061.00;10.28;1731.00;1.45;0
562;industrial_complex;4932.00;11.05;1710.00;4.07;0
562;industrial_complex;4983.00;12.65;1779.00;3.46;0
562;industrial_complex;5020.00;10.55;1738.00;5.62;0
562;industrial_complex;5111.00;12.07;1765.00;5.02;0
562;industrial_complex;5267.00;12.20;1833.00;2.96;0
562;industrial_complex;5304.00;9.60;1773.00;1.41;0
562;naval_base;4956.00;9.57;1650.00;1.45;5391
562;naval_base;4991.00;9.57;1683.00;0.67;5588
562;naval_base;5045.15;9.70;1720.38;-0.02;2436
562;naval_base;5095.00;9.50;1723.00;-0.15;5514
562;naval_base;5209.00;9.50;1721.00;1.03;2903
562;naval_base;5227.00;9.50;1751.00;0.96;2808
562;naval_base;5302.00;9.50;1790.00;0.30;2881
562;nuclear_reactor;4965.00;11.68;1768.00;4.21;0
562;radar_station;5281.00;11.95;1826.00;3.71;0
562;rocket_site;4948.00;11.70;1678.00;1.55;0
562;synthetic_refinery;4922.00;10.50;1706.00;3.61;0
563;air_base;4654.00;11.25;1525.00;0.87;0
563;anti_air_building;4583.00;11.80;1548.00;0.52;0
563;anti_air_building;4588.00;12.15;1573.00;5.60;0
563;anti_air_building;4640.00;11.53;1563.00;4.65;0
563;arms_factory;4634.00;11.93;1534.00;4.13;0
563;arms_factory;4643.00;11.70;1572.00;5.69;0
563;arms_factory;4662.00;11.73;1560.00;1.47;0
563;arms_factory;4663.00;11.82;1548.00;3.02;0
563;arms_factory;4663.00;12.30;1568.00;5.09;0
563;arms_factory;4683.00;11.28;1588.00;2.07;0
563;bunker;4564.00;12.57;1522.00;4.74;0
563;bunker;4572.00;11.75;1554.00;3.54;0
563;bunker;4598.00;12.30;1594.00;0.01;0
563;bunker;4611.00;11.95;1544.00;2.52;0
563;bunker;4617.00;12.03;1562.00;0.97;0
563;bunker;4620.00;13.20;1554.00;5.70;0
563;bunker;4637.00;13.05;1583.00;5.09;0
563;bunker;4657.00;11.20;1528.00;5.69;0
563;bunker;4658.00;11.73;1559.00;2.42;0
563;bunker;4670.00;11.50;1552.00;3.03;0
563;bunker;4677.00;11.25;1573.00;5.54;0
563;fuel_silo;4662.00;10.93;1523.00;4.11;0
563;industrial_complex;4566.00;12.35;1531.00;3.47;0
563;industrial_complex;4575.00;12.30;1542.00;3.46;0
563;industrial_complex;4588.00;11.88;1562.00;0.80;0
563;industrial_complex;4595.00;12.53;1587.00;5.02;0
563;industrial_complex;4629.00;12.88;1579.00;1.41;0
563;industrial_complex;4642.00;12.00;1547.00;4.07;0
563;nuclear_reactor;4618.00;11.90;1583.00;6.20;0
563;radar_station;4647.00;11.90;1553.00;2.59;0
563;rocket_site;4599.00;12.07;1565.00;5.25;0
563;synthetic_refinery;4651.00;11.05;1515.00;2.07;0
564;air_base;4553.00;12.20;1581.00;5.54;0
564;anti_air_building;4471.00;12.57;1556.00;1.48;0
564;anti_air_building;4494.00;12.57;1564.00;3.54;0
564;anti_air_building;4553.00;12.10;1543.00;4.74;0
564;arms_factory;4433.00;14.63;1528.00;3.56;0
564;arms_factory;4461.00;13.15;1530.00;0.30;0
564;arms_factory;4498.00;12.82;1558.00;3.46;0
564;arms_factory;4503.00;13.88;1521.00;2.96;0
564;arms_factory;4504.00;12.07;1554.00;5.02;0
564;arms_factory;4525.00;11.88;1569.00;5.62;0
564;bunker;4424.00;14.80;1527.00;4.95;0
564;bunker;4445.00;10.93;1541.00;3.03;0
564;bunker;4464.00;11.20;1551.00;4.58;0
564;bunker;4481.00;11.38;1565.00;5.69;0
564;bunker;4496.00;13.90;1529.00;5.70;0
564;bunker;4503.00;12.30;1541.00;0.97;0
564;bunker;4505.00;12.60;1533.00;3.03;0
564;bunker;4521.00;11.95;1555.00;2.52;0
564;bunker;4528.00;13.50;1508.00;5.09;0
564;bunker;4537.00;13.38;1590.00;0.36;0
564;bunker;4538.00;12.78;1552.00;2.42;0
564;bunker;4540.00;12.05;1565.00;0.01;0
564;bunker;4556.00;12.25;1584.00;0.46;0
564;fuel_silo;4459.00;11.35;1547.00;0.50;0
564;industrial_complex;4476.00;12.70;1549.00;4.07;0
564;industrial_complex;4519.00;12.23;1586.00;1.41;0
564;industrial_complex;4522.00;14.00;1526.00;6.13;0
564;industrial_complex;4542.00;12.32;1574.00;2.51;0
564;industrial_complex;4547.00;12.73;1563.00;3.47;0
564;industrial_complex;4548.00;12.53;1512.00;0.80;0
564;nuclear_reactor;4511.00;11.85;1573.00;6.21;0
564;radar_station;4493.00;15.10;1551.00;5.56;0
564;rocket_site;4491.00;13.60;1525.00;4.65;0
564;synthetic_refinery;4534.00;11.93;1556.00;5.60;0
565;air_base;4698.00;10.88;1702.00;4.29;0
565;anti_air_building;4555.00;12.80;1636.00;3.41;0
565;anti_air_building;4594.00;12.12;1705.00;6.07;0
565;anti_air_building;4652.00;11.98;1607.00;2.45;0
565;arms_factory;4523.00;10.50;1624.00;5.83;0
565;arms_factory;4566.00;11.65;1684.00;3.77;0
565;arms_factory;4594.00;12.50;1619.00;1.71;0
565;arms_factory;4629.00;12.50;1645.00;2.66;0
565;arms_factory;4683.00;12.78;1673.00;5.93;0
565;arms_factory;4694.00;10.70;1706.00;5.33;0
565;bunker;4511.00;13.05;1649.00;5.99;0
565;bunker;4522.00;12.05;1678.00;4.96;0
565;bunker;4548.00;13.85;1602.00;0.23;0
565;bunker;4560.00;12.57;1641.00;4.45;0
565;bunker;4565.00;12.38;1669.00;0.22;0
565;bunker;4582.00;13.65;1652.00;3.84;0
565;bunker;4583.00;11.38;1685.00;2.73;0
565;bunker;4586.00;12.10;1598.00;2.29;0
565;bunker;4598.00;13.35;1638.00;0.67;0
565;bunker;4617.00;11.82;1632.00;2.89;0
565;bunker;4619.00;11.73;1629.00;3.93;0
565;bunker;4620.00;11.93;1601.00;4.95;0
565;bunker;4621.00;11.90;1710.00;3.24;0
565;bunker;4624.00;10.50;1738.00;6.00;0
565;bunker;4640.00;14.18;1664.00;3.33;0
565;bunker;4653.00;12.43;1613.00;2.80;0
565;bunker;4657.00;12.28;1604.00;1.78;0
565;bunker;4661.00;12.25;1628.00;3.40;0
565;bunker;4667.00;11.95;1693.00;0.74;0
565;bunker;4672.00;12.65;1668.00;4.00;0
565;bunker;4688.00;10.50;1722.00;4.79;0
565;bunker;4697.00;10.80;1704.00;0.74;0
565;fuel_silo;4590.00;12.23;1697.00;1.85;0
565;industrial_complex;4552.00;13.30;1607.00;0.16;0
565;industrial_complex;4559.00;12.95;1601.00;1.26;0
565;industrial_complex;4582.00;13.55;1660.00;5.84;0
565;industrial_complex;4592.00;13.35;1658.00;0.06;0
565;industrial_complex;4638.00;11.90;1607.00;2.22;0
565;industrial_complex;4692.00;12.68;1654.00;4.28;0
565;nuclear_reactor;4618.00;12.20;1688.00;3.91;0
565;radar_station;4603.00;13.12;1661.00;3.29;0
565;rocket_site;4664.00;12.90;1645.00;2.36;0
565;synthetic_refinery;4572.00;13.00;1624.00;5.47;0
566;air_base;4503.00;10.50;1623.00;2.52;0
566;anti_air_building;4418.00;10.80;1613.00;3.09;0
566;anti_air_building;4430.00;11.30;1624.00;5.25;0
566;anti_air_building;4444.00;11.60;1635.00;2.59;0
566;arms_factory;4381.00;14.45;1582.00;0.80;0
566;arms_factory;4395.00;10.90;1594.00;4.07;0
566;arms_factory;4406.00;11.28;1577.00;3.46;0
566;arms_factory;4463.00;11.68;1590.00;5.02;0
566;arms_factory;4467.00;10.78;1578.00;1.41;0
566;arms_factory;4483.00;11.85;1646.00;3.47;0
566;bunker;4371.00;15.05;1580.00;5.69;0
566;bunker;4382.00;11.60;1603.00;4.74;0
566;bunker;4403.00;11.57;1577.00;0.97;0
566;bunker;4407.00;10.80;1602.00;0.01;0
566;bunker;4407.00;13.75;1553.00;3.54;0
566;bunker;4416.00;11.55;1568.00;3.03;0
566;bunker;4426.00;11.00;1632.00;0.52;0
566;bunker;4430.00;11.55;1594.00;0.36;0
566;bunker;4446.00;12.40;1595.00;1.48;0
566;bunker;4458.00;10.85;1575.00;5.70;0
566;bunker;4464.00;11.85;1631.00;3.03;0
566;bunker;4470.00;10.73;1579.00;4.65;0
566;bunker;4486.00;11.10;1618.00;5.09;0
566;bunker;4506.00;10.50;1631.00;6.21;0
566;fuel_silo;4432.00;11.40;1581.00;6.18;0
566;industrial_complex;4403.00;13.35;1568.00;5.54;0
566;industrial_complex;4404.00;14.98;1550.00;4.58;0
566;industrial_complex;4415.00;12.15;1559.00;0.46;0
566;industrial_complex;4451.00;11.55;1638.00;6.13;0
566;industrial_complex;4455.00;11.35;1629.00;2.51;0
566;industrial_complex;4492.00;10.73;1639.00;2.42;0
566;nuclear_reactor;4389.00;11.50;1605.00;5.26;0
566;radar_station;4409.00;12.35;1570.00;1.04;0
566;rocket_site;4461.00;11.70;1586.00;3.70;0
566;synthetic_refinery;4417.00;10.85;1584.00;3.19;0
567;air_base;4420.00;11.45;1654.00;3.03;0
567;anti_air_building;4391.00;11.38;1637.00;3.70;0
567;anti_air_building;4396.00;11.10;1688.00;5.26;0
567;anti_air_building;4420.00;11.10;1681.00;3.10;0
567;arms_factory;4365.00;11.25;1643.00;4.07;0
567;arms_factory;4366.00;11.60;1611.00;2.51;0
567;arms_factory;4377.00;10.70;1676.00;1.41;0
567;arms_factory;4390.00;10.98;1703.00;3.47;0
567;arms_factory;4406.00;11.07;1680.00;6.13;0
567;arms_factory;4436.00;11.28;1643.00;0.80;0
567;bunker;4319.00;11.40;1643.00;1.04;0
567;bunker;4325.00;14.95;1608.00;4.65;0
567;bunker;4342.00;13.40;1612.00;5.70;0
567;bunker;4344.00;11.05;1651.00;5.60;0
567;bunker;4344.00;14.23;1594.00;3.19;0
567;bunker;4351.00;11.90;1627.00;2.59;0
567;bunker;4356.00;10.40;1691.00;4.74;0
567;bunker;4357.00;12.98;1607.00;3.09;0
567;bunker;4365.00;11.25;1640.00;1.48;0
567;bunker;4366.00;11.00;1650.00;6.21;0
567;bunker;4378.00;11.40;1617.00;0.52;0
567;bunker;4380.00;11.45;1647.00;5.69;0
567;bunker;4384.00;10.70;1675.00;5.09;0
567;bunker;4399.00;10.80;1622.00;5.25;0
567;bunker;4411.00;10.80;1701.00;3.03;0
567;bunker;4414.00;11.20;1654.00;0.97;0
567;bunker;4428.00;11.60;1649.00;0.01;0
567;bunker;4448.00;11.28;1689.00;3.54;0
567;fuel_silo;4421.00;11.20;1691.00;1.10;0
567;industrial_complex;4333.00;12.00;1634.00;2.42;0
567;industrial_complex;4347.00;10.40;1662.00;4.58;0
567;industrial_complex;4353.00;10.30;1662.00;5.54;0
567;industrial_complex;4404.00;10.90;1710.00;0.46;0
567;industrial_complex;4435.00;11.30;1686.00;0.36;0
567;industrial_complex;4452.00;11.63;1663.00;2.52;0
567;nuclear_reactor;4339.00;14.13;1593.00;1.55;0
567;radar_station;4340.00;11.80;1637.00;3.61;0
567;rocket_site;4405.00;11.20;1640.00;3.71;0
567;synthetic_refinery;4422.00;11.48;1655.00;5.76;0
568;air_base;4249.00;11.05;1657.00;0.97;0
568;anti_air_building;4204.00;10.75;1627.00;5.76;0
568;anti_air_building;4241.00;10.85;1644.00;1.03;0
568;anti_air_building;4253.00;10.75;1660.00;3.09;0
568;arms_factory;4203.00;10.60;1655.00;4.14;0
568;arms_factory;4224.00;10.18;1670.00;0.43;0
568;arms_factory;4235.00;10.70;1679.00;2.59;0
568;arms_factory;4294.00;10.75;1661.00;5.85;0
568;arms_factory;4311.00;10.82;1667.00;4.64;0
568;arms_factory;4320.00;10.75;1674.00;0.52;0
568;bunker;4192.00;10.30;1657.00;4.74;0
568;bunker;4219.00;10.53;1627.00;1.48;0
568;bunker;4223.00;10.40;1633.00;3.19;0
568;bunker;4242.00;10.32;1667.00;5.25;0
568;bunker;4245.00;10.45;1665.00;2.59;0
568;bunker;4248.00;11.13;1648.00;6.21;0
568;bunker;4275.00;10.95;1656.00;5.09;0
568;bunker;4290.00;10.85;1654.00;0.01;0
568;bunker;4309.00;10.75;1672.00;0.52;0
568;bunker;4318.00;10.70;1681.00;5.70;0
568;fuel_silo;4207.00;10.35;1648.00;5.22;0
568;industrial_complex;4214.00;10.50;1663.00;2.52;0
568;industrial_complex;4235.00;10.45;1655.00;5.69;0
568;industrial_complex;4258.00;11.30;1650.00;4.58;0
568;industrial_complex;4261.00;11.05;1653.00;2.42;0
568;industrial_complex;4288.00;10.40;1646.00;0.36;0
568;industrial_complex;4311.00;11.20;1648.00;3.03;0
568;nuclear_reactor;4272.00;10.63;1686.00;3.10;0
568;radar_station;4291.00;10.93;1665.00;0.08;0
568;rocket_site;4211.00;10.63;1663.00;3.71;0
568;synthetic_refinery;4312.00;11.93;1633.00;5.16;0
569;air_base;4138.00;10.10;1620.00;0.01;0
569;anti_air_building;4156.00;10.53;1628.00;4.21;0
569;anti_air_building;4174.00;11.20;1577.00;1.55;0
569;anti_air_building;4179.00;11.35;1597.00;4.81;0
569;arms_factory;4136.00;10.60;1645.00;5.76;0
569;arms_factory;4149.00;10.40;1623.00;5.85;0
569;arms_factory;4153.00;10.55;1601.00;4.64;0
569;arms_factory;4158.00;10.70;1641.00;2.59;0
569;arms_factory;4170.00;11.35;1636.00;0.43;0
569;arms_factory;4184.00;10.65;1643.00;3.09;0
569;bunker;4136.00;10.53;1627.00;5.70;0
569;bunker;4144.00;10.60;1642.00;3.03;0
569;bunker;4151.00;10.53;1621.00;4.74;0
569;bunker;4158.00;10.63;1602.00;2.59;0
569;bunker;4159.00;10.70;1644.00;3.54;0
569;bunker;4173.00;10.00;1654.00;1.48;0
569;bunker;4178.00;11.98;1624.00;6.21;0
569;bunker;4181.00;11.48;1576.00;4.65;0
569;bunker;4193.00;12.23;1599.00;5.25;0
569;fuel_silo;4153.00;10.60;1625.00;0.50;0
569;industrial_complex;4151.00;10.57;1635.00;0.08;0
569;industrial_complex;4165.00;10.73;1618.00;2.14;0
569;industrial_complex;4175.00;11.65;1628.00;1.03;0
569;industrial_complex;4177.00;11.88;1584.00;5.76;0
569;industrial_complex;4180.00;11.10;1604.00;3.10;0
569;industrial_complex;4184.00;11.40;1634.00;5.16;0
569;nuclear_reactor;4182.00;10.15;1655.00;3.71;0
569;radar_station;4140.00;10.55;1641.00;5.76;0
569;rocket_site;4190.00;12.10;1592.00;3.61;0
569;synthetic_refinery;4187.00;11.95;1589.00;0.59;0
570;air_base;4030.00;10.35;1653.00;5.70;0
570;anti_air_building;4019.00;9.88;1603.00;3.61;0
570;anti_air_building;4089.00;10.38;1611.00;3.71;0
570;anti_air_building;4121.00;10.63;1635.00;1.55;0
570;arms_factory;4000.00;9.80;1641.00;4.58;0
570;arms_factory;4014.00;9.80;1603.00;2.52;0
570;arms_factory;4019.00;9.80;1612.00;2.42;0
570;arms_factory;4081.00;10.40;1646.00;5.54;0
570;arms_factory;4085.00;10.45;1611.00;0.36;0
570;arms_factory;4089.00;10.30;1597.00;0.46;0
570;bunker;3993.00;9.80;1610.00;4.74;0
570;bunker;4005.00;9.80;1667.00;1.04;0
570;bunker;4009.00;9.80;1628.00;5.26;0
570;bunker;4025.00;9.93;1605.00;3.10;0
570;bunker;4027.00;10.20;1646.00;5.25;0
570;bunker;4036.00;9.82;1616.00;5.76;0
570;bunker;4044.00;10.00;1598.00;3.19;0
570;bunker;4046.00;10.32;1655.00;3.70;0
570;bunker;4056.00;9.80;1629.00;6.21;0
570;bunker;4067.00;10.40;1646.00;3.54;0
570;bunker;4089.00;9.82;1645.00;5.60;0
570;bunker;4089.00;10.40;1630.00;0.52;0
570;bunker;4090.00;10.38;1598.00;3.09;0
570;bunker;4101.00;10.50;1625.00;4.65;0
570;bunker;4119.00;10.55;1630.00;2.59;0
570;bunker;4128.00;10.32;1620.00;1.48;0
570;fuel_silo;4099.00;9.80;1654.00;4.62;0
570;industrial_complex;4026.00;9.80;1664.00;3.03;0
570;industrial_complex;4032.00;10.20;1660.00;5.69;0
570;industrial_complex;4047.00;9.95;1598.00;5.09;0
570;industrial_complex;4048.00;10.40;1610.00;0.97;0
570;industrial_complex;4113.00;10.57;1630.00;3.03;0
570;industrial_complex;4114.00;10.68;1625.00;0.01;0
570;nuclear_reactor;4084.00;10.40;1619.00;6.28;0
570;radar_station;4053.00;10.40;1610.00;0.59;0
570;rocket_site;4050.00;10.32;1603.00;2.15;0
570;synthetic_refinery;4037.00;9.90;1660.00;4.21;0
571;air_base;3939.00;9.88;1627.00;4.74;0
571;anti_air_building;3945.00;9.80;1670.00;5.26;0
571;anti_air_building;3948.00;9.80;1606.00;3.10;0
571;anti_air_building;3963.00;10.38;1689.00;5.76;0
571;arms_factory;3929.00;9.80;1661.00;2.52;0
571;arms_factory;3930.00;9.80;1638.00;4.58;0
571;arms_factory;3938.00;9.82;1628.00;3.03;0
571;arms_factory;3949.00;9.80;1666.00;2.42;0
571;arms_factory;3949.00;9.88;1619.00;5.69;0
571;arms_factory;3962.00;9.80;1596.00;0.36;0
571;bunker;3919.00;9.85;1637.00;3.70;0
571;bunker;3937.00;9.73;1650.00;5.25;0
571;bunker;3937.00;9.82;1628.00;1.04;0
571;bunker;3955.00;9.90;1678.00;3.09;0
571;bunker;3957.00;9.88;1620.00;3.19;0
571;bunker;3959.00;9.80;1614.00;1.48;0
571;bunker;3969.00;9.80;1661.00;6.21;0
571;bunker;3972.00;9.80;1625.00;2.59;0
571;bunker;3976.00;9.80;1663.00;4.65;0
571;bunker;3987.00;9.80;1662.00;5.60;0
571;fuel_silo;3970.00;10.13;1637.00;5.83;0
571;industrial_complex;3931.00;9.80;1642.00;5.09;0
571;industrial_complex;3935.00;9.80;1666.00;3.03;0
571;industrial_complex;3938.00;9.70;1651.00;0.97;0
571;industrial_complex;3939.00;10.30;1637.00;0.01;0
571;industrial_complex;3949.00;9.85;1687.00;3.54;0
571;industrial_complex;3967.00;9.80;1602.00;5.70;0
571;nuclear_reactor;3942.00;9.80;1645.00;4.21;0
571;radar_station;3979.00;9.80;1663.00;3.71;0
571;rocket_site;3940.00;9.70;1655.00;1.55;0
571;synthetic_refinery;3945.00;10.40;1632.00;3.61;0
572;air_base;3829.00;9.95;1628.00;5.60;0
572;anti_air_building;3760.00;10.48;1616.00;0.59;0
572;anti_air_building;3792.00;10.45;1643.00;2.15;0
572;anti_air_building;3849.00;9.80;1635.00;4.21;0
572;arms_factory;3743.00;11.35;1645.00;3.03;0
572;arms_factory;3751.00;10.48;1616.00;5.69;0
572;arms_factory;3768.00;10.50;1649.00;2.52;0
572;arms_factory;3780.00;10.60;1628.00;0.97;0
572;arms_factory;3789.00;10.40;1609.00;0.36;0
572;arms_factory;3814.00;10.40;1657.00;5.09;0
572;bunker;3747.00;10.40;1612.00;3.10;0
572;bunker;3748.00;11.03;1626.00;4.95;0
572;bunker;3760.00;10.63;1640.00;0.52;0
572;bunker;3767.00;10.57;1619.00;1.04;0
572;bunker;3770.00;10.68;1630.00;5.26;0
572;bunker;3771.00;10.75;1606.00;4.65;0
572;bunker;3779.00;10.45;1645.00;3.71;0
572;bunker;3783.00;10.50;1635.00;3.09;0
572;bunker;3792.00;10.35;1616.00;6.21;0
572;bunker;3793.00;10.50;1620.00;3.61;0
572;bunker;3796.00;10.40;1645.00;3.19;0
572;bunker;3821.00;9.90;1631.00;3.70;0
572;bunker;3822.00;9.80;1647.00;5.76;0
572;bunker;3836.00;9.90;1627.00;2.59;0
572;bunker;3870.00;9.90;1631.00;5.25;0
572;fuel_silo;3805.00;10.00;1647.00;3.67;0
572;industrial_complex;3754.00;10.60;1630.00;4.74;0
572;industrial_complex;3781.00;10.40;1616.00;5.70;0
572;industrial_complex;3791.00;10.35;1638.00;3.54;0
572;industrial_complex;3811.00;9.90;1617.00;1.48;0
572;industrial_complex;3837.00;9.80;1652.00;0.01;0
572;industrial_complex;3854.00;9.88;1630.00;3.03;0
572;nuclear_reactor;3773.00;10.78;1613.00;2.05;0
572;radar_station;3783.00;10.50;1633.00;1.20;0
572;rocket_site;3837.00;9.90;1633.00;5.32;0
572;synthetic_refinery;3797.00;10.48;1653.00;6.28;0
573;air_base;3720.00;12.10;1663.00;6.06;0
573;anti_air_building;3712.00;11.90;1808.00;0.96;0
573;anti_air_building;3730.00;14.65;1744.00;4.58;0
573;anti_air_building;3737.00;15.00;1831.00;1.91;0
573;arms_factory;3708.00;10.70;1672.00;2.28;0
573;arms_factory;3717.00;10.93;1638.00;5.55;0
573;arms_factory;3721.00;13.48;1669.00;5.45;0
573;arms_factory;3725.00;13.88;1683.00;1.33;0
573;arms_factory;3736.00;14.28;1758.00;0.72;0
573;arms_factory;3740.00;15.28;1847.00;4.94;0
573;bunker;3705.00;13.32;1638.00;1.40;0
573;bunker;3706.00;10.80;1647.00;3.97;0
573;bunker;3711.00;14.68;1699.00;4.07;0
573;bunker;3713.00;10.88;1671.00;2.95;0
573;bunker;3716.00;13.73;1811.00;0.89;0
573;bunker;3717.00;10.75;1622.00;5.62;0
573;bunker;3717.00;15.70;1716.00;4.42;0
573;bunker;3719.00;11.28;1659.00;3.46;0
573;bunker;3719.00;13.43;1683.00;6.13;0
573;bunker;3724.00;12.05;1643.00;3.90;0
573;bunker;3726.00;14.10;1744.00;5.02;0
573;bunker;3727.00;14.13;1665.00;1.39;0
573;bunker;3728.00;15.38;1668.00;5.01;0
573;bunker;3729.00;13.53;1698.00;1.91;0
573;bunker;3729.00;14.85;1743.00;5.18;0
573;bunker;3735.00;12.00;1826.00;5.11;0
573;bunker;3738.00;15.03;1767.00;4.51;0
573;bunker;3744.00;12.45;1627.00;2.01;0
573;fuel_silo;3734.00;13.75;1758.00;0.36;0
573;industrial_complex;3709.00;10.68;1667.00;5.46;0
573;industrial_complex;3715.00;14.15;1717.00;1.33;0
573;industrial_complex;3719.00;14.03;1698.00;3.39;0
573;industrial_complex;3727.00;12.28;1684.00;1.23;0
573;industrial_complex;3728.00;15.65;1729.00;4.51;0
573;industrial_complex;3755.00;11.13;1864.00;1.84;0
573;nuclear_reactor;3723.00;13.23;1683.00;2.07;0
573;radar_station;3734.00;15.10;1741.00;1.51;0
573;rocket_site;3710.00;11.70;1618.00;5.69;0
573;synthetic_refinery;3740.00;14.43;1840.00;3.63;0
574;air_base;4892.00;11.00;1732.00;2.80;0
574;anti_air_building;4728.00;10.40;1784.00;0.46;0
574;anti_air_building;4735.00;12.10;1701.00;5.54;0
574;anti_air_building;4891.00;10.20;1757.00;4.58;0
574;arms_factory;4698.00;10.98;1740.00;0.22;0
574;arms_factory;4710.00;11.48;1657.00;4.45;0
574;arms_factory;4760.00;10.10;1813.00;3.84;0
574;arms_factory;4806.00;11.15;1772.00;3.24;0
574;arms_factory;4856.00;10.80;1788.00;6.00;0
574;arms_factory;4875.00;11.00;1771.00;2.29;0
574;bunker;4663.00;10.35;1744.00;1.85;0
574;bunker;4683.00;10.10;1798.00;4.51;0
574;bunker;4700.00;11.23;1737.00;3.41;0
574;bunker;4706.00;11.32;1693.00;1.41;0
574;bunker;4709.00;11.60;1673.00;6.13;0
574;bunker;4722.00;11.53;1759.00;5.47;0
574;bunker;4741.00;10.32;1802.00;3.47;0
574;bunker;4754.00;11.85;1732.00;0.30;0
574;bunker;4758.00;10.80;1778.00;0.80;0
574;bunker;4768.00;12.55;1712.00;2.36;0
574;bunker;4769.00;12.38;1668.00;5.63;0
574;bunker;4785.00;12.70;1693.00;1.41;0
574;bunker;4796.00;11.05;1644.00;3.91;0
574;bunker;4797.00;10.50;1757.00;5.03;0
574;bunker;4799.00;12.75;1707.00;2.45;0
574;bunker;4812.00;10.10;1818.00;0.90;0
574;bunker;4820.00;12.40;1664.00;2.96;0
574;bunker;4826.00;11.60;1650.00;0.74;0
574;bunker;4847.00;10.35;1742.00;6.07;0
574;bunker;4848.00;10.62;1797.00;2.97;0
574;bunker;4889.00;10.78;1790.00;4.00;0
574;fuel_silo;4862.00;10.10;1742.00;3.98;0
574;industrial_complex;4691.00;10.20;1789.00;3.40;0
574;industrial_complex;4711.00;11.30;1759.00;4.95;0
574;industrial_complex;4745.00;10.60;1795.00;4.96;0
574;industrial_complex;4833.00;9.80;1808.00;2.89;0
574;industrial_complex;4835.00;10.40;1737.00;0.74;0
574;industrial_complex;4872.00;10.82;1755.00;0.23;0
574;nuclear_reactor;4727.00;11.70;1745.00;4.59;0
574;radar_station;4772.00;11.98;1736.00;3.78;0
574;rocket_site;4732.00;10.18;1817.00;3.03;0
574;synthetic_refinery;4814.00;10.12;1806.00;6.14;0
575;air_base;4475.00;10.70;1688.00;3.78;0
575;anti_air_building;4508.00;10.40;1815.00;4.38;0
575;anti_air_building;4570.00;10.30;1722.00;2.22;0
575;anti_air_building;4611.00;10.40;1768.00;3.17;0
575;arms_factory;4455.00;10.45;1765.00;4.22;0
575;arms_factory;4488.00;10.40;1752.00;0.60;0
575;arms_factory;4531.00;10.55;1701.00;6.28;0
575;arms_factory;4532.00;10.70;1693.00;2.16;0
575;arms_factory;4554.00;10.60;1708.00;4.72;0
575;arms_factory;4558.00;10.28;1799.00;2.66;0
575;bunker;4440.00;10.53;1748.00;5.26;0
575;bunker;4445.00;10.78;1719.00;3.10;0
575;bunker;4471.00;10.85;1669.00;6.28;0
575;bunker;4482.00;10.55;1734.00;3.19;0
575;bunker;4491.00;10.35;1782.00;1.04;0
575;bunker;4514.00;10.60;1692.00;5.76;0
575;bunker;4518.00;10.55;1708.00;0.59;0
575;bunker;4529.00;10.43;1759.00;3.70;0
575;bunker;4530.00;10.55;1701.00;3.61;0
575;bunker;4535.00;10.40;1787.00;1.55;0
575;bunker;4546.00;10.70;1753.00;2.15;0
575;bunker;4601.00;10.53;1736.00;0.16;0
575;bunker;4604.00;10.88;1790.00;4.21;0
575;fuel_silo;4481.00;10.60;1728.00;5.73;0
575;industrial_complex;4470.00;10.30;1762.00;0.50;0
575;industrial_complex;4472.00;10.40;1751.00;2.66;0
575;industrial_complex;4491.00;10.60;1689.00;1.71;0
575;industrial_complex;4513.00;10.40;1747.00;1.11;0
575;industrial_complex;4518.00;10.50;1734.00;5.93;0
575;industrial_complex;4535.00;10.50;1740.00;4.72;0
575;nuclear_reactor;4590.00;10.40;1755.00;5.33;0
575;radar_station;4525.00;10.40;1811.00;1.10;0
575;rocket_site;4555.00;10.40;1736.00;2.66;0
575;synthetic_refinery;4570.00;10.40;1768.00;3.26;0
576;air_base;4377.00;10.85;1726.00;1.04;0
576;anti_air_building;4313.00;10.48;1752.00;1.26;0
576;anti_air_building;4365.00;10.40;1807.00;2.22;0
576;anti_air_building;4429.00;10.60;1774.00;0.06;0
576;arms_factory;4211.00;9.82;1776.00;5.60;0
576;arms_factory;4241.00;10.57;1689.00;0.52;0
576;arms_factory;4269.00;11.38;1794.00;3.54;0
576;arms_factory;4326.00;10.60;1815.00;4.74;0
576;arms_factory;4375.00;10.45;1784.00;1.48;0
576;arms_factory;4378.00;10.25;1732.00;5.70;0
576;bunker;4132.00;10.40;1757.00;5.32;0
576;bunker;4159.00;9.90;1773.00;4.21;0
576;bunker;4163.00;9.85;1742.00;5.93;0
576;bunker;4167.00;9.90;1779.00;4.28;0
576;bunker;4187.00;9.80;1750.00;2.15;0
576;bunker;4196.00;10.43;1701.00;2.05;0
576;bunker;4202.00;9.80;1734.00;1.71;0
576;bunker;4204.00;9.90;1817.00;5.76;0
576;bunker;4207.00;10.53;1683.00;5.83;0
576;bunker;4219.00;10.10;1755.00;1.55;0
576;bunker;4222.00;10.40;1698.00;0.16;0
576;bunker;4253.00;10.88;1733.00;5.84;0
576;bunker;4263.00;10.15;1762.00;0.59;0
576;bunker;4268.00;10.95;1713.00;3.71;0
576;bunker;4274.00;10.73;1820.00;6.28;0
576;bunker;4285.00;11.20;1726.00;1.10;0
576;bunker;4301.00;11.25;1771.00;3.77;0
576;bunker;4311.00;11.40;1730.00;3.70;0
576;bunker;4338.00;10.80;1725.00;3.10;0
576;bunker;4343.00;10.75;1817.00;3.26;0
576;bunker;4344.00;11.00;1750.00;2.66;0
576;bunker;4380.00;10.20;1742.00;5.26;0
576;bunker;4385.00;10.30;1738.00;5.33;0
576;bunker;4394.00;10.60;1780.00;1.20;0
576;bunker;4397.00;10.55;1833.00;3.61;0
576;fuel_silo;4442.00;10.55;1776.00;2.12;0
576;industrial_complex;4219.00;10.10;1811.00;6.21;0
576;industrial_complex;4270.00;10.73;1707.00;3.09;0
576;industrial_complex;4319.00;11.10;1738.00;4.65;0
576;industrial_complex;4359.00;10.40;1781.00;2.59;0
576;industrial_complex;4406.00;10.53;1815.00;3.19;0
576;industrial_complex;4453.00;10.48;1782.00;5.25;0
576;nuclear_reactor;4348.00;10.57;1772.00;5.99;0
576;radar_station;4285.00;11.50;1781.00;0.67;0
576;rocket_site;4165.00;10.45;1793.00;3.33;0
576;synthetic_refinery;4213.00;9.85;1759.00;4.29;0
577;air_base;3988.00;10.30;1745.00;5.26;0
577;anti_air_building;4021.00;10.30;1784.00;5.84;0
577;anti_air_building;4061.00;10.30;1733.00;4.28;0
577;anti_air_building;4118.00;9.80;1748.00;0.16;0
577;arms_factory;3972.00;10.32;1800.00;4.65;0
577;arms_factory;3974.00;10.30;1758.00;6.21;0
577;arms_factory;4016.00;10.30;1783.00;5.60;0
577;arms_factory;4117.00;10.35;1768.00;4.74;0
577;arms_factory;4120.00;9.80;1793.00;0.52;0
577;arms_factory;4123.00;9.80;1811.00;1.48;0
577;bunker;3933.00;10.40;1734.00;3.71;0
577;bunker;3935.00;9.70;1751.00;3.10;0
577;bunker;3935.00;9.80;1808.00;3.61;0
577;bunker;3960.00;10.30;1737.00;1.10;0
577;bunker;3969.00;10.10;1766.00;5.93;0
577;bunker;3994.00;10.40;1728.00;6.28;0
577;bunker;3995.00;10.38;1801.00;0.59;0
577;bunker;4003.00;10.40;1730.00;2.15;0
577;bunker;4008.00;10.30;1767.00;3.26;0
577;bunker;4018.00;9.70;1746.00;1.71;0
577;bunker;4021.00;9.70;1753.00;5.83;0
577;bunker;4037.00;9.70;1765.00;5.76;0
577;bunker;4062.00;10.10;1730.00;2.66;0
577;bunker;4065.00;10.40;1756.00;4.21;0
577;bunker;4066.00;9.80;1797.00;1.20;0
577;bunker;4083.00;10.40;1821.00;5.32;0
577;bunker;4086.00;9.80;1727.00;3.77;0
577;bunker;4107.00;10.40;1757.00;5.33;0
577;bunker;4133.00;10.15;1766.00;2.05;0
577;bunker;4137.00;9.80;1783.00;1.55;0
577;fuel_silo;3998.00;10.32;1772.00;3.68;0
577;industrial_complex;3950.00;10.30;1737.00;3.70;0
577;industrial_complex;3951.00;9.80;1790.00;1.04;0
577;industrial_complex;4000.00;10.30;1777.00;5.25;0
577;industrial_complex;4008.00;10.30;1756.00;3.19;0
577;industrial_complex;4015.00;9.85;1740.00;2.59;0
577;industrial_complex;4101.00;9.80;1732.00;3.09;0
577;nuclear_reactor;4123.00;9.80;1812.00;4.29;0
577;radar_station;4049.00;9.70;1769.00;0.06;0
577;rocket_site;3952.00;9.75;1760.00;1.26;0
577;synthetic_refinery;4112.00;10.15;1781.00;2.22;0
578;air_base;4117.00;9.80;1724.00;5.76;0
578;anti_air_building;4003.00;10.30;1714.00;2.22;0
578;anti_air_building;4011.00;10.40;1692.00;0.06;0
578;anti_air_building;4159.00;10.10;1699.00;1.26;0
578;arms_factory;4036.00;10.40;1712.00;5.25;0
578;arms_factory;4050.00;10.30;1722.00;4.65;0
578;arms_factory;4065.00;10.15;1713.00;2.59;0
578;arms_factory;4078.00;9.82;1689.00;0.52;0
578;arms_factory;4098.00;10.30;1704.00;5.60;0
578;arms_factory;4167.00;9.80;1715.00;6.21;0
578;bunker;3990.00;9.90;1690.00;2.05;0
578;bunker;4018.00;9.82;1678.00;5.93;0
578;bunker;4023.00;10.40;1723.00;2.15;0
578;bunker;4042.00;10.10;1711.00;4.21;0
578;bunker;4042.00;10.15;1696.00;0.59;0
578;bunker;4058.00;10.30;1686.00;0.16;0
578;bunker;4075.00;10.38;1676.00;3.61;0
578;bunker;4081.00;10.30;1710.00;1.55;0
578;bunker;4087.00;9.98;1697.00;5.84;0
578;bunker;4099.00;10.25;1683.00;1.10;0
578;bunker;4102.00;9.80;1665.00;5.83;0
578;bunker;4124.00;9.75;1671.00;2.66;0
578;bunker;4124.00;10.50;1644.00;3.71;0
578;bunker;4126.00;9.80;1727.00;5.33;0
578;bunker;4130.00;9.75;1690.00;6.28;0
578;bunker;4136.00;9.78;1708.00;1.20;0
578;bunker;4139.00;9.80;1681.00;3.77;0
578;bunker;4161.00;9.90;1725.00;5.32;0
578;bunker;4163.00;9.88;1679.00;1.71;0
578;bunker;4164.00;9.90;1659.00;4.28;0
578;bunker;4186.00;10.32;1664.00;3.26;0
578;fuel_silo;4116.00;9.80;1655.00;0.06;0
578;industrial_complex;3999.00;10.40;1703.00;3.10;0
578;industrial_complex;4040.00;10.40;1683.00;3.70;0
578;industrial_complex;4042.00;10.40;1688.00;3.19;0
578;industrial_complex;4114.00;9.80;1725.00;1.04;0
578;industrial_complex;4149.00;9.80;1727.00;5.26;0
578;industrial_complex;4160.00;10.43;1693.00;3.09;0
578;nuclear_reactor;4173.00;10.40;1697.00;5.99;0
578;radar_station;4123.00;10.25;1701.00;0.67;0
578;rocket_site;4052.00;10.00;1704.00;3.33;0
578;synthetic_refinery;4179.00;10.25;1690.00;4.29;0
579;air_base;1749.00;10.93;239.00;4.00;0
579;anti_air_building;1708.00;12.48;210.00;0.29;0
579;anti_air_building;1717.00;11.98;231.00;4.51;0
579;anti_air_building;1733.00;12.73;216.00;1.85;0
579;arms_factory;1710.00;12.88;211.00;0.22;0
579;arms_factory;1717.00;12.57;256.00;2.88;0
579;arms_factory;1723.00;11.85;202.00;3.84;0
579;arms_factory;1725.00;12.05;243.00;2.29;0
579;arms_factory;1729.00;11.88;225.00;4.95;0
579;arms_factory;1740.00;11.30;233.00;5.90;0
579;bunker;1710.00;12.18;196.00;6.06;0
579;bunker;1719.00;12.18;251.00;4.86;0
579;bunker;1721.00;11.75;225.00;1.84;0
579;bunker;1735.00;11.15;238.00;3.91;0
579;fuel_silo;1717.00;12.65;258.00;3.56;0
579;industrial_complex;1716.00;12.55;210.00;3.39;0
579;industrial_complex;1718.00;12.43;237.00;1.33;0
579;industrial_complex;1720.00;11.88;204.00;2.80;0
579;industrial_complex;1722.00;12.23;255.00;6.06;0
579;industrial_complex;1729.00;12.55;215.00;4.35;0
579;industrial_complex;1744.00;12.55;225.00;5.55;0
579;nuclear_reactor;1729.00;12.48;220.00;5.62;0
579;radar_station;1731.00;10.90;231.00;5.27;0
579;rocket_site;1728.00;11.80;244.00;2.96;0
579;synthetic_refinery;1741.00;11.20;239.00;2.35;0
580;air_base;3862.00;9.80;1703.00;1.47;0
580;anti_air_building;3810.00;9.80;1812.00;0.59;0
580;anti_air_building;3848.00;9.70;1739.00;1.55;0
580;anti_air_building;3884.00;9.80;1791.00;4.21;0
580;arms_factory;3802.00;9.80;1805.00;4.58;0
580;arms_factory;3808.00;9.80;1730.00;5.18;0
580;arms_factory;3811.00;9.70;1795.00;1.91;0
580;arms_factory;3852.00;9.75;1809.00;6.13;0
580;arms_factory;3855.00;10.20;1727.00;3.97;0
580;arms_factory;3903.00;9.80;1826.00;0.96;0
580;bunker;3752.00;10.10;1825.00;2.14;0
580;bunker;3772.00;9.93;1834.00;2.07;0
580;bunker;3781.00;10.35;1793.00;4.81;0
580;bunker;3783.00;10.35;1784.00;3.09;0
580;bunker;3793.00;9.85;1745.00;5.76;0
580;bunker;3818.00;9.70;1793.00;5.76;0
580;bunker;3825.00;9.70;1833.00;4.13;0
580;bunker;3826.00;9.70;1742.00;4.64;0
580;bunker;3830.00;9.78;1764.00;0.52;0
580;bunker;3831.00;9.78;1717.00;5.16;0
580;bunker;3847.00;9.80;1698.00;0.08;0
580;bunker;3859.00;9.98;1728.00;2.59;0
580;bunker;3867.00;9.70;1771.00;1.03;0
580;bunker;3867.00;9.70;1819.00;0.43;0
580;bunker;3878.00;9.75;1799.00;2.58;0
580;bunker;3880.00;9.70;1738.00;0.87;0
580;bunker;3895.00;9.70;1774.00;5.85;0
580;bunker;3899.00;9.80;1804.00;3.10;0
580;bunker;3915.00;9.70;1744.00;6.20;0
580;bunker;3921.00;9.70;1777.00;4.14;0
580;fuel_silo;3890.00;9.80;1808.00;4.81;0
580;industrial_complex;3786.00;9.90;1836.00;0.36;0
580;industrial_complex;3787.00;10.35;1769.00;3.63;0
580;industrial_complex;3787.00;10.35;1817.00;3.02;0
580;industrial_complex;3810.00;9.70;1754.00;5.09;0
580;industrial_complex;3845.00;9.73;1816.00;5.69;0
580;industrial_complex;3861.00;10.15;1735.00;2.07;0
580;nuclear_reactor;3838.00;9.75;1795.00;1.70;0
580;radar_station;3837.00;9.75;1772.00;1.48;0
580;rocket_site;3807.00;9.80;1750.00;5.32;0
580;synthetic_refinery;3764.00;10.30;1817.00;4.71;0
581;air_base;3598.00;9.60;1477.00;2.14;0
581;anti_air_building;3577.00;9.60;1455.00;2.88;0
581;anti_air_building;3583.00;9.60;1502.00;5.90;0
581;anti_air_building;3601.00;9.60;1479.00;2.29;0
581;arms_factory;3541.00;9.75;1499.00;2.59;0
581;arms_factory;3575.00;9.60;1449.00;0.52;0
581;arms_factory;3578.00;9.82;1522.00;3.09;0
581;arms_factory;3588.00;9.70;1507.00;4.64;0
581;arms_factory;3590.00;9.60;1470.00;0.43;0
581;arms_factory;3612.00;9.60;1492.00;5.85;0
581;bunker;3536.00;9.60;1490.00;6.00;0
581;bunker;3542.00;9.60;1478.00;4.71;0
581;bunker;3543.00;9.70;1500.00;0.22;0
581;bunker;3545.00;9.75;1509.00;2.65;0
581;bunker;3551.00;9.70;1497.00;0.59;0
581;bunker;3552.00;9.85;1514.00;5.39;0
581;bunker;3559.00;9.73;1508.00;4.81;0
581;bunker;3560.00;9.60;1481.00;5.83;0
581;bunker;3560.00;9.65;1487.00;2.22;0
581;bunker;3564.00;9.60;1476.00;5.32;0
581;bunker;3567.00;9.60;1487.00;2.81;0
581;bunker;3570.00;9.60;1458.00;1.17;0
581;bunker;3572.00;9.70;1494.00;5.38;0
581;bunker;3572.00;9.70;1511.00;1.10;0
581;bunker;3575.00;9.60;1453.00;3.84;0
581;bunker;3578.00;9.60;1459.00;5.32;0
581;bunker;3578.00;10.00;1520.00;4.21;0
581;bunker;3582.00;9.60;1463.00;5.90;0
581;bunker;3591.00;9.65;1508.00;1.26;0
581;bunker;3591.00;9.70;1505.00;3.33;0
581;bunker;3591.00;9.70;1531.00;1.77;0
581;bunker;3593.00;9.60;1466.00;1.61;0
581;bunker;3593.00;9.60;1494.00;2.21;0
581;bunker;3593.00;9.65;1522.00;4.81;0
581;bunker;3596.00;9.60;1480.00;1.55;0
581;bunker;3596.00;10.98;1544.00;1.70;0
581;bunker;3598.00;9.60;1460.00;3.76;0
581;bunker;3601.00;9.60;1514.00;2.73;0
581;bunker;3601.00;10.20;1539.00;0.67;0
581;bunker;3602.00;9.60;1522.00;3.26;0
581;bunker;3604.00;9.60;1477.00;4.88;0
581;bunker;3607.00;9.60;1464.00;0.66;0
581;bunker;3611.00;9.73;1544.00;3.77;0
581;bunker;3613.00;9.60;1494.00;3.17;0
581;fuel_silo;3605.00;9.60;1510.00;1.33;0
581;industrial_complex;3563.00;9.70;1499.00;0.08;0
581;industrial_complex;3565.00;9.60;1483.00;5.16;0
581;industrial_complex;3586.00;9.70;1530.00;3.10;0
581;industrial_complex;3595.00;9.60;1465.00;1.03;0
581;industrial_complex;3598.00;9.60;1524.00;5.76;0
581;industrial_complex;3603.00;9.60;1497.00;5.76;0
581;nuclear_reactor;3602.00;9.60;1513.00;3.39;0
581;radar_station;3578.00;9.60;1496.00;2.15;0
581;rocket_site;3591.00;9.70;1516.00;5.55;0
581;synthetic_refinery;3593.00;9.70;1535.00;4.95;0
582;air_base;3720.00;11.00;1564.00;1.20;0
582;anti_air_building;3714.00;15.88;1578.00;5.99;0
582;anti_air_building;3744.00;9.80;1570.00;0.67;0
582;anti_air_building;3757.00;9.80;1586.00;3.33;0
582;arms_factory;3689.00;10.35;1578.00;3.70;0
582;arms_factory;3701.00;11.48;1602.00;3.61;0
582;arms_factory;3703.00;9.93;1540.00;5.76;0
582;arms_factory;3710.00;15.40;1586.00;1.04;0
582;arms_factory;3717.00;15.60;1611.00;3.10;0
582;arms_factory;3756.00;9.80;1588.00;5.26;0
582;bunker;3692.00;10.32;1560.00;1.10;0
582;bunker;3694.00;14.07;1573.00;5.32;0
582;bunker;3697.00;14.82;1583.00;4.29;0
582;bunker;3703.00;12.10;1604.00;3.77;0
582;bunker;3705.00;11.48;1565.00;3.26;0
582;bunker;3707.00;12.53;1566.00;2.22;0
582;bunker;3717.00;9.80;1543.00;5.33;0
582;bunker;3718.00;15.90;1591.00;2.66;0
582;bunker;3722.00;11.25;1577.00;5.83;0
582;bunker;3725.00;9.90;1550.00;2.05;0
582;bunker;3727.00;14.48;1615.00;1.71;0
582;bunker;3731.00;9.80;1546.00;0.16;0
582;bunker;3734.00;9.88;1593.00;4.28;0
582;bunker;3739.00;10.23;1614.00;5.84;0
582;bunker;3746.00;10.05;1548.00;5.93;0
582;bunker;3748.00;9.80;1599.00;1.26;0
582;bunker;3754.00;9.82;1579.00;0.06;0
582;fuel_silo;3719.00;12.45;1605.00;4.79;0
582;industrial_complex;3699.00;11.88;1549.00;6.28;0
582;industrial_complex;3700.00;13.95;1570.00;1.55;0
582;industrial_complex;3702.00;14.10;1588.00;3.71;0
582;industrial_complex;3703.00;10.10;1542.00;2.15;0
582;industrial_complex;3741.00;9.90;1579.00;0.59;0
582;industrial_complex;3746.00;9.80;1592.00;4.21;0
582;nuclear_reactor;3704.00;12.63;1568.00;4.79;0
582;radar_station;3702.00;11.00;1600.00;3.93;0
582;rocket_site;3730.00;9.85;1549.00;1.78;0
582;synthetic_refinery;3731.00;10.73;1613.00;2.73;0
583;air_base;3781.00;10.70;1583.00;3.47;0
583;anti_air_building;3861.00;10.40;1601.00;4.66;0
583;anti_air_building;3862.00;10.30;1582.00;1.04;0
583;anti_air_building;3879.00;10.30;1586.00;3.70;0
583;arms_factory;3832.00;10.20;1580.00;3.91;0
583;arms_factory;3839.00;10.00;1610.00;0.30;0
583;arms_factory;3840.00;9.95;1617.00;1.85;0
583;arms_factory;3857.00;10.23;1613.00;2.96;0
583;arms_factory;3908.00;10.25;1592.00;4.51;0
583;arms_factory;3957.00;10.23;1569.00;2.36;0
583;bunker;3761.00;10.55;1555.00;5.54;0
583;bunker;3762.00;9.95;1589.00;3.03;0
583;bunker;3779.00;10.43;1571.00;1.99;0
583;bunker;3784.00;10.70;1594.00;5.09;0
583;bunker;3785.00;10.70;1585.00;1.48;0
583;bunker;3786.00;10.10;1570.00;1.41;0
583;bunker;3797.00;10.12;1575.00;5.25;0
583;bunker;3799.00;10.38;1579.00;3.98;0
583;bunker;3819.00;10.35;1593.00;0.97;0
583;bunker;3822.00;10.00;1572.00;0.53;0
583;bunker;3826.00;10.43;1609.00;2.09;0
583;bunker;3830.00;10.18;1584.00;4.58;0
583;bunker;3839.00;10.20;1568.00;6.21;0
583;bunker;3857.00;10.30;1599.00;5.19;0
583;bunker;3866.00;10.20;1569.00;5.70;0
583;bunker;3872.00;10.40;1593.00;0.46;0
583;bunker;3873.00;10.70;1622.00;4.05;0
583;bunker;3875.00;11.18;1605.00;3.54;0
583;bunker;3890.00;10.40;1625.00;3.03;0
583;bunker;3912.00;9.85;1579.00;6.13;0
583;bunker;3926.00;10.50;1589.00;4.15;0
583;bunker;3927.00;10.20;1604.00;6.14;0
583;bunker;3932.00;9.80;1612.00;0.37;0
583;bunker;3943.00;10.15;1588.00;4.59;0
583;bunker;3944.00;10.32;1566.00;3.64;0
583;fuel_silo;3769.00;10.62;1577.00;1.64;0
583;industrial_complex;3770.00;10.55;1584.00;1.41;0
583;industrial_complex;3787.00;10.07;1570.00;2.97;0
583;industrial_complex;3846.00;10.30;1591.00;0.80;0
583;industrial_complex;3906.00;10.50;1591.00;5.63;0
583;industrial_complex;3924.00;9.80;1614.00;5.03;0
583;industrial_complex;3928.00;9.80;1577.00;0.90;0
583;nuclear_reactor;3925.00;10.35;1604.00;3.71;0
583;radar_station;3853.00;10.40;1592.00;4.20;0
583;rocket_site;3813.00;10.55;1599.00;1.04;0
583;synthetic_refinery;3772.00;10.78;1567.00;0.43;0
586;air_base;3989.00;15.82;1337.00;1.34;0
586;anti_air_building;3939.00;14.05;1337.00;5.98;0
586;anti_air_building;3953.00;15.60;1337.00;2.36;0
586;anti_air_building;3976.00;13.30;1356.00;5.03;0
586;arms_factory;3969.00;17.05;1330.00;1.17;0
586;arms_factory;3972.00;11.62;1373.00;4.45;0
586;arms_factory;3982.00;16.85;1330.00;2.38;0
586;arms_factory;3983.00;11.40;1372.00;3.24;0
586;arms_factory;4002.00;14.23;1350.00;2.29;0
586;arms_factory;4007.00;10.73;1362.00;5.40;0
586;bunker;3913.00;13.38;1315.00;4.36;0
586;bunker;3937.00;11.70;1325.00;1.34;0
586;bunker;3952.00;15.68;1341.00;2.96;0
586;bunker;3969.00;11.50;1375.00;3.91;0
586;bunker;3972.00;11.70;1362.00;5.47;0
586;bunker;3976.00;14.62;1355.00;5.12;0
586;bunker;3986.00;16.83;1341.00;1.24;0
586;bunker;3997.00;17.18;1334.00;0.74;0
586;bunker;3998.00;10.05;1366.00;3.41;0
586;bunker;4019.00;13.50;1358.00;1.85;0
586;bunker;4025.00;13.82;1353.00;4.52;0
586;bunker;4049.00;15.25;1363.00;6.08;0
586;fuel_silo;3943.00;11.85;1323.00;4.42;0
586;industrial_complex;3963.00;11.00;1363.00;3.85;0
586;industrial_complex;3964.00;15.65;1342.00;2.90;0
586;industrial_complex;3972.00;16.50;1341.00;0.23;0
586;industrial_complex;3977.00;17.00;1342.00;0.74;0
586;industrial_complex;3991.00;15.85;1339.00;4.96;0
586;industrial_complex;4002.00;17.35;1337.00;2.29;0
586;nuclear_reactor;3967.00;17.43;1325.00;5.03;0
586;radar_station;3982.00;16.95;1347.00;3.74;0
586;rocket_site;4033.00;13.93;1359.00;3.47;0
586;synthetic_refinery;3930.00;11.25;1323.00;1.41;0
587;air_base;3650.00;9.60;1429.00;1.24;0
587;anti_air_building;3643.00;9.82;1405.00;4.08;0
587;anti_air_building;3652.00;10.03;1406.00;1.41;0
587;anti_air_building;3706.00;9.85;1411.00;1.92;0
587;arms_factory;3660.00;9.73;1381.00;0.74;0
587;arms_factory;3664.00;9.60;1445.00;2.29;0
587;arms_factory;3667.00;9.80;1418.00;4.45;0
587;arms_factory;3681.00;9.75;1443.00;3.85;0
587;arms_factory;3683.00;10.05;1402.00;0.23;0
587;arms_factory;3690.00;9.90;1422.00;2.90;0
587;bunker;3604.00;9.70;1406.00;5.03;0
587;bunker;3622.00;9.62;1411.00;4.42;0
587;bunker;3622.00;9.68;1380.00;2.96;0
587;bunker;3637.00;9.60;1408.00;4.52;0
587;bunker;3639.00;9.70;1430.00;1.41;0
587;bunker;3648.00;9.88;1379.00;5.98;0
587;bunker;3656.00;9.90;1419.00;1.34;0
587;bunker;3660.00;9.60;1442.00;5.47;0
587;bunker;3673.00;9.98;1364.00;5.12;0
587;bunker;3679.00;10.15;1449.00;5.63;0
587;bunker;3688.00;9.90;1406.00;1.85;0
587;bunker;3690.00;9.80;1414.00;6.08;0
587;bunker;3690.00;9.80;1448.00;5.03;0
587;bunker;3699.00;9.80;1368.00;2.36;0
587;bunker;3706.00;9.90;1426.00;3.91;0
587;bunker;3709.00;9.80;1402.00;3.47;0
587;fuel_silo;3637.00;9.80;1383.00;6.14;0
587;industrial_complex;3624.00;9.65;1383.00;3.41;0
587;industrial_complex;3624.00;9.88;1396.00;0.74;0
587;industrial_complex;3645.00;9.62;1412.00;4.36;0
587;industrial_complex;3659.00;9.70;1379.00;2.29;0
587;industrial_complex;3663.00;10.20;1404.00;1.34;0
587;industrial_complex;3669.00;9.90;1362.00;4.96;0
587;nuclear_reactor;3668.00;9.80;1447.00;1.92;0
587;radar_station;3658.00;10.05;1409.00;1.04;0
587;rocket_site;3665.00;9.60;1448.00;5.19;0
587;synthetic_refinery;3625.00;9.75;1385.00;3.47;0
588;air_base;3974.00;9.80;1531.00;5.09;0
588;anti_air_building;3970.00;9.80;1542.00;4.05;0
588;anti_air_building;3971.00;10.03;1577.00;2.09;0
588;anti_air_building;3993.00;10.45;1568.00;6.21;0
588;arms_factory;3966.00;10.03;1557.00;0.46;0
588;arms_factory;3989.00;9.98;1548.00;1.41;0
588;arms_factory;3996.00;9.98;1588.00;3.47;0
588;arms_factory;4013.00;10.82;1553.00;4.58;0
588;arms_factory;4019.00;10.12;1576.00;6.13;0
588;arms_factory;4030.00;10.32;1567.00;5.54;0
588;bunker;3963.00;10.03;1558.00;0.53;0
588;bunker;3976.00;9.90;1576.00;3.54;0
588;bunker;3985.00;9.80;1538.00;3.64;0
588;bunker;3988.00;9.80;1603.00;4.15;0
588;bunker;3995.00;10.40;1565.00;1.48;0
588;bunker;4000.00;10.68;1555.00;0.37;0
588;bunker;4019.00;10.12;1561.00;5.70;0
588;bunker;4023.00;10.35;1576.00;3.03;0
588;fuel_silo;3993.00;9.80;1603.00;1.99;0
588;industrial_complex;3962.00;9.82;1586.00;5.19;0
588;industrial_complex;3972.00;10.50;1563.00;3.98;0
588;industrial_complex;3978.00;9.98;1576.00;4.59;0
588;industrial_complex;3983.00;9.80;1535.00;3.03;0
588;industrial_complex;3990.00;9.80;1589.00;0.97;0
588;industrial_complex;3993.00;10.18;1572.00;6.14;0
588;nuclear_reactor;4009.00;10.30;1580.00;3.70;0
588;radar_station;4000.00;10.12;1569.00;2.80;0
588;rocket_site;3997.00;10.00;1581.00;1.04;0
588;synthetic_refinery;3988.00;10.35;1556.00;5.25;0
589;air_base;4015.00;11.18;1383.00;2.45;0
589;anti_air_building;3972.00;10.43;1422.00;6.14;0
589;anti_air_building;4013.00;11.15;1432.00;4.58;0
589;anti_air_building;4080.00;10.38;1433.00;0.46;0
589;arms_factory;3980.00;10.43;1392.00;2.89;0
589;arms_factory;3982.00;10.25;1440.00;4.95;0
589;arms_factory;4002.00;10.43;1379.00;0.23;0
589;arms_factory;4047.00;10.85;1436.00;2.29;0
589;arms_factory;4071.00;10.53;1427.00;3.40;0
589;arms_factory;4086.00;12.43;1432.00;0.74;0
589;bunker;3966.00;10.40;1398.00;1.41;0
589;bunker;3976.00;10.40;1412.00;6.13;0
589;bunker;3979.00;10.15;1441.00;4.51;0
589;bunker;3995.00;10.50;1388.00;0.90;0
589;bunker;3999.00;10.95;1437.00;5.47;0
589;bunker;4002.00;10.48;1383.00;3.91;0
589;bunker;4010.00;10.40;1416.00;2.97;0
589;bunker;4011.00;10.75;1383.00;2.36;0
589;bunker;4014.00;10.68;1389.00;0.80;0
589;bunker;4027.00;10.75;1424.00;5.63;0
589;bunker;4028.00;9.90;1442.00;1.41;0
589;bunker;4036.00;12.68;1398.00;0.30;0
589;bunker;4049.00;11.28;1374.00;5.54;0
589;bunker;4050.00;11.03;1449.00;1.85;0
589;bunker;4061.00;10.70;1431.00;5.03;0
589;bunker;4083.00;11.57;1438.00;3.47;0
589;bunker;4092.00;10.53;1453.00;2.96;0
589;fuel_silo;4036.00;13.63;1395.00;5.19;0
589;industrial_complex;3967.00;9.90;1422.00;4.96;0
589;industrial_complex;3974.00;10.40;1389.00;0.74;0
589;industrial_complex;4000.00;10.40;1407.00;6.07;0
589;industrial_complex;4022.00;10.40;1409.00;3.41;0
589;industrial_complex;4035.00;9.78;1444.00;4.00;0
589;industrial_complex;4066.00;10.30;1447.00;2.80;0
589;nuclear_reactor;3963.00;9.65;1424.00;0.97;0
589;radar_station;4026.00;10.65;1419.00;1.54;0
589;rocket_site;4038.00;10.50;1426.00;4.59;0
589;synthetic_refinery;4047.00;10.32;1451.00;3.98;0
590;air_base;3759.00;10.20;1536.00;1.48;0
590;anti_air_building;3789.00;9.80;1543.00;2.66;0
590;anti_air_building;3931.00;9.80;1535.00;5.93;0
590;anti_air_building;3942.00;9.70;1541.00;0.50;0
590;arms_factory;3754.00;9.93;1526.00;4.59;0
590;arms_factory;3803.00;9.80;1549.00;3.03;0
590;arms_factory;3873.00;10.30;1568.00;0.97;0
590;arms_factory;3922.00;9.80;1547.00;6.14;0
590;arms_factory;3923.00;9.80;1564.00;5.19;0
590;arms_factory;3970.00;9.80;1513.00;3.98;0
590;bunker;3749.00;10.20;1537.00;3.70;0
590;bunker;3758.00;9.90;1530.00;4.66;0
590;bunker;3781.00;9.80;1539.00;1.04;0
590;bunker;3793.00;9.80;1537.00;6.21;0
590;bunker;3803.00;9.70;1537.00;4.22;0
590;bunker;3816.00;9.85;1533.00;2.09;0
590;bunker;3821.00;9.90;1555.00;4.72;0
590;bunker;3836.00;10.07;1556.00;5.25;0
590;bunker;3837.00;10.10;1533.00;1.64;0
590;bunker;3847.00;10.40;1541.00;4.21;0
590;bunker;3850.00;10.40;1548.00;0.53;0
590;bunker;3865.00;10.25;1541.00;2.66;0
590;bunker;3884.00;10.30;1561.00;4.15;0
590;bunker;3885.00;10.20;1576.00;2.16;0
590;bunker;3886.00;10.00;1539.00;5.77;0
590;bunker;3890.00;10.50;1525.00;6.28;0
590;bunker;3892.00;10.20;1556.00;5.77;0
590;bunker;3923.00;9.90;1534.00;1.99;0
590;bunker;3931.00;9.80;1569.00;1.55;0
590;bunker;3939.00;9.80;1552.00;0.43;0
590;bunker;3940.00;9.80;1527.00;3.71;0
590;bunker;3949.00;9.80;1520.00;0.60;0
590;bunker;3954.00;9.80;1538.00;4.05;0
590;bunker;3961.00;9.80;1520.00;1.04;0
590;fuel_silo;3797.00;9.70;1528.00;4.72;0
590;industrial_complex;3827.00;9.93;1554.00;0.37;0
590;industrial_complex;3837.00;10.10;1529.00;5.09;0
590;industrial_complex;3857.00;10.30;1550.00;5.70;0
590;industrial_complex;3891.00;9.90;1538.00;3.64;0
590;industrial_complex;3948.00;9.80;1518.00;3.03;0
590;industrial_complex;3954.00;9.82;1554.00;3.54;0
590;nuclear_reactor;3906.00;10.00;1532.00;0.16;0
590;radar_station;3860.00;10.32;1542.00;5.45;0
590;rocket_site;3920.00;9.90;1538.00;3.78;0
590;synthetic_refinery;3812.00;9.80;1557.00;1.71;0
591;air_base;4513.00;9.55;968.00;0.67;0
591;bunker;4504.00;9.55;951.00;3.24;0
591;bunker;4514.00;10.55;960.00;0.23;0
591;bunker;4521.00;9.73;968.00;2.29;0
591;bunker;4524.00;9.85;959.00;0.22;0
591;bunker;4531.00;9.70;967.00;4.95;0
591;coastal_bunker;4502.00;9.50;958.00;-1.43;0
591;coastal_bunker;4517.00;9.50;943.00;-0.32;0
591;coastal_bunker;4523.00;9.53;947.00;0.00;0
591;coastal_bunker;4525.00;9.50;972.00;-2.50;0
591;coastal_bunker;4536.00;9.53;965.00;-4.12;0
591;dockyard;4503.00;9.50;961.00;-1.43;0
591;fuel_silo;4514.00;9.68;948.00;4.34;0
591;naval_base;4506.00;9.75;962.00;-3.00;5244
591;naval_base;4515.00;9.50;943.00;-0.32;5127
591;naval_base;4520.00;9.55;971.00;-2.50;5244
591;naval_base;4524.00;9.60;949.00;0.00;5127
591;naval_base;4534.00;9.57;972.00;-4.12;5269
591;radar_station;4525.00;9.75;963.00;4.51;0
591;rocket_site;4504.00;9.55;950.00;2.36;0
592;air_base;4573.00;9.73;1023.00;4.88;0
592;anti_air_building;4571.00;10.23;1024.00;0.67;0
592;anti_air_building;4574.00;9.90;1018.00;3.33;0
592;anti_air_building;4575.00;9.63;1020.00;5.38;0
592;arms_factory;4571.00;10.23;1024.00;5.83;0
592;arms_factory;4572.00;9.90;1023.00;3.76;0
592;arms_factory;4572.00;9.95;1024.00;3.26;0
592;arms_factory;4572.00;10.00;1025.00;5.32;0
592;arms_factory;4574.00;9.63;1021.00;3.17;0
592;arms_factory;4575.00;9.70;1018.00;1.10;0
592;bunker;4567.00;11.15;1025.00;3.40;0
592;coastal_bunker;4577.00;9.55;1017.00;0.79;0
592;dockyard;4578.00;9.50;1021.00;0.79;0
592;fuel_silo;4577.00;9.63;1024.00;1.07;0
592;industrial_complex;4570.00;10.50;1025.00;1.61;0
592;industrial_complex;4573.00;9.75;1021.00;2.81;0
592;industrial_complex;4573.00;9.78;1024.00;0.66;0
592;industrial_complex;4573.00;10.10;1018.00;2.21;0
592;industrial_complex;4574.00;9.60;1023.00;3.77;0
592;industrial_complex;4576.00;9.60;1026.00;2.22;0
592;naval_base;4576.00;9.53;1020.00;0.79;5269
592;nuclear_reactor;4570.00;10.50;1024.00;1.77;0
592;radar_station;4574.00;9.60;1023.00;1.20;0
592;rocket_site;4573.00;9.75;1021.00;5.39;0
592;synthetic_refinery;4571.00;10.18;1023.00;1.17;0
593;bunker;4543.00;9.93;1004.00;3.03;0
593;bunker;4545.00;10.75;1011.00;4.59;0
593;bunker;4553.00;10.53;1010.00;0.37;0
593;bunker;4556.00;9.68;1004.00;1.92;0
593;bunker;4558.00;11.13;1020.00;5.10;0
593;bunker;4562.00;10.15;1034.00;2.53;0
593;bunker;4563.00;9.60;1008.00;0.98;0
593;bunker;4564.00;11.18;1024.00;2.43;0
593;bunker;4569.00;10.48;1019.00;5.54;0
593;coastal_bunker;4540.00;9.50;998.00;0.17;0
593;coastal_bunker;4553.00;9.50;1003.00;0.59;0
593;coastal_bunker;4568.00;9.50;1005.00;0.64;0
593;dockyard;4558.00;9.50;1001.00;0.59;0
593;fuel_silo;4559.00;9.95;1010.00;2.29;0
593;naval_base;4544.00;9.50;998.00;0.17;5269
593;naval_base;4557.00;9.50;1001.00;0.59;5269
593;naval_base;4568.00;9.50;1005.00;0.64;5269
593;nuclear_reactor;4556.00;11.18;1021.00;2.60;0
593;radar_station;4565.00;10.78;1018.00;1.72;0
593;synthetic_refinery;4554.00;11.25;1023.00;0.53;0
594;anti_air_building;4500.00;10.35;1031.00;1.92;0
594;anti_air_building;4526.00;9.95;1027.00;4.59;0
594;anti_air_building;4527.00;11.10;1018.00;2.43;0
594;bunker;4489.00;9.82;1017.00;2.80;0
594;bunker;4502.00;10.43;1030.00;2.53;0
594;bunker;4507.00;10.45;1031.00;5.54;0
594;bunker;4508.00;9.85;1016.00;3.41;0
594;bunker;4520.00;10.30;1005.00;3.40;0
594;bunker;4528.00;11.82;1020.00;0.74;0
594;bunker;4529.00;9.80;1008.00;0.74;0
594;bunker;4530.00;11.40;1023.00;2.29;0
594;fuel_silo;4528.00;9.98;1012.00;0.13;0
594;nuclear_reactor;4494.00;9.80;1016.00;0.90;0
594;radar_station;4511.00;9.82;1019.00;1.17;0
594;rocket_site;4524.00;10.20;1006.00;0.80;0
594;synthetic_refinery;4518.00;9.95;1009.00;0.30;0
595;air_base;4655.00;11.05;1099.00;0.80;0
595;bunker;4644.00;10.45;1088.00;3.40;0
595;bunker;4645.00;10.43;1090.00;2.36;0
595;bunker;4652.00;12.40;1097.00;0.30;0
595;bunker;4653.00;11.07;1079.00;4.51;0
595;bunker;4654.00;11.43;1089.00;2.80;0
595;bunker;4660.00;10.95;1107.00;0.74;0
595;fuel_silo;4650.00;10.63;1082.00;4.25;0
595;nuclear_reactor;4638.00;10.75;1082.00;5.70;0
595;radar_station;4643.00;10.55;1089.00;0.37;0
595;rocket_site;4646.00;10.65;1096.00;3.03;0
595;synthetic_refinery;4651.00;11.73;1096.00;0.22;0
597;air_base;4638.00;11.35;1252.00;1.22;0
597;anti_air_building;4622.00;9.75;1247.00;1.82;0
597;anti_air_building;4623.00;9.85;1248.00;1.72;0
597;anti_air_building;4647.00;11.28;1264.00;3.88;0
597;bunker;4626.40;10.40;1254.25;6.13;0
597;bunker;4636.00;11.60;1244.00;5.63;0
597;bunker;4640.55;10.90;1266.87;1.41;0
597;bunker;4649.00;10.60;1270.00;5.54;0
597;bunker;4649.00;11.98;1262.00;2.45;0
597;bunker;4653.00;9.70;1275.00;3.41;0
597;coastal_bunker;4659.00;9.60;1281.00;-3.79;0
597;dockyard;4662.00;9.60;1275.00;-3.79;0
597;fuel_silo;4631.00;11.13;1259.00;2.19;0
597;naval_base;4662.00;9.60;1275.00;-3.79;2734
597;nuclear_reactor;4638.00;11.00;1255.00;1.73;0
597;radar_station;4638.00;10.45;1259.00;3.98;0
597;synthetic_refinery;4634.00;11.32;1245.00;5.94;0
598;air_base;4679.00;9.90;1210.00;0.23;0
598;anti_air_building;4681.00;9.70;1203.00;3.02;0
598;anti_air_building;4681.00;10.73;1180.00;0.86;0
598;anti_air_building;4682.00;9.82;1194.00;2.92;0
598;arms_factory;4669.00;9.70;1194.00;4.47;0
598;arms_factory;4671.00;9.70;1193.00;1.30;0
598;arms_factory;4681.00;9.80;1185.00;5.42;0
598;arms_factory;4684.00;9.70;1202.00;0.35;0
598;arms_factory;4685.00;9.70;1202.00;2.41;0
598;arms_factory;4689.00;9.85;1193.00;6.03;0
598;bunker;4667.00;9.70;1211.00;5.63;0
598;bunker;4671.00;9.70;1200.00;5.08;0
598;bunker;4675.00;9.70;1207.00;2.96;0
598;bunker;4678.00;9.70;1199.00;3.91;0
598;bunker;4679.00;9.90;1184.00;1.55;0
598;bunker;4679.00;10.00;1211.00;2.80;0
598;bunker;4684.00;10.20;1191.00;0.30;0
598;bunker;4687.00;10.23;1186.00;3.71;0
598;bunker;4703.00;9.82;1179.00;1.04;0
598;coastal_bunker;4685.00;10.18;1179.00;1.11;0
598;coastal_bunker;4686.00;9.60;1205.00;1.03;0
598;coastal_bunker;4691.00;9.53;1197.00;-4.33;0
598;coastal_bunker;4698.00;9.60;1187.00;-4.47;0
598;coastal_bunker;4706.00;9.50;1174.00;1.11;0
598;dockyard;4685.00;10.00;1213.00;-3.93;0
598;fuel_silo;4664.00;9.60;1209.00;4.85;0
598;industrial_complex;4671.00;9.70;1203.00;3.47;0
598;industrial_complex;4672.00;9.70;1197.00;1.41;0
598;industrial_complex;4676.00;9.78;1185.00;5.63;0
598;industrial_complex;4677.00;9.70;1193.00;4.42;0
598;industrial_complex;4688.00;10.10;1194.00;5.03;0
598;industrial_complex;4698.00;9.75;1179.00;1.41;0
598;naval_base;4685.00;9.80;1180.00;1.11;8396
598;naval_base;4686.00;9.55;1206.00;1.03;8396
598;naval_base;4687.00;9.68;1201.00;-4.33;8396
598;naval_base;4692.02;9.60;1189.77;0.00;8396
598;naval_base;4706.00;9.53;1179.00;1.11;8396
598;nuclear_reactor;4678.00;9.70;1189.00;6.14;0
598;radar_station;4661.00;9.60;1203.00;0.97;0
598;rocket_site;4682.00;9.85;1208.00;1.64;0
598;synthetic_refinery;4674.00;9.70;1206.00;0.43;0
599;air_base;4526.00;10.50;1067.00;3.04;0
599;anti_air_building;4525.00;10.28;1059.00;3.54;0
599;anti_air_building;4528.00;10.10;1053.00;0.88;0
599;anti_air_building;4539.00;11.15;1033.00;6.21;0
599;arms_factory;4528.00;10.50;1043.00;2.53;0
599;arms_factory;4529.00;10.95;1057.00;1.92;0
599;arms_factory;4530.00;10.60;1046.00;2.43;0
599;arms_factory;4534.00;11.73;1066.00;2.53;0
599;arms_factory;4536.00;11.75;1059.00;5.54;0
599;arms_factory;4538.00;10.48;1039.00;4.59;0
599;bunker;4523.00;11.20;1043.00;6.13;0
599;bunker;4525.00;10.28;1057.00;0.74;0
599;bunker;4533.00;11.63;1074.00;1.41;0
599;bunker;4536.00;10.45;1050.00;0.30;0
599;bunker;4540.00;10.48;1044.00;5.47;0
599;bunker;4543.00;10.75;1030.00;1.85;0
599;bunker;4545.00;9.95;1038.00;2.36;0
599;fuel_silo;4524.00;10.38;1055.00;0.13;0
599;nuclear_reactor;4534.00;10.45;1045.00;5.19;0
599;radar_station;4537.00;10.73;1052.00;2.12;0
599;rocket_site;4549.00;9.98;1037.00;0.53;0
599;synthetic_refinery;4529.00;10.13;1038.00;1.49;0
600;bunker;4586.00;10.55;1086.00;6.14;0
600;bunker;4596.00;10.38;1084.00;2.80;0
600;bunker;4597.00;10.73;1079.00;5.03;0
600;bunker;4614.00;10.95;1090.00;5.19;0
600;bunker;4624.00;10.57;1086.00;3.47;0
600;fuel_silo;4586.00;10.23;1089.00;2.80;0
600;rocket_site;4607.00;10.48;1090.00;5.70;0
601;anti_air_building;4367.00;20.65;1151.00;1.04;0
601;anti_air_building;4383.00;17.27;1117.00;1.55;0
601;arms_factory;4339.00;21.33;1190.00;0.46;0
601;arms_factory;4362.00;20.45;1164.00;6.14;0
601;arms_factory;4370.00;19.70;1157.00;5.19;0
601;arms_factory;4370.00;20.27;1149.00;4.58;0
601;arms_factory;4385.00;17.15;1116.00;3.98;0
601;bunker;4339.00;21.15;1188.00;3.54;0
601;bunker;4353.00;19.55;1141.00;1.04;0
601;bunker;4357.00;18.55;1118.00;4.05;0
601;bunker;4362.00;20.55;1166.00;6.21;0
601;bunker;4370.00;19.85;1153.00;1.48;0
601;bunker;4372.00;17.98;1119.00;3.64;0
601;bunker;4384.00;19.70;1143.00;5.77;0
601;industrial_complex;4355.00;20.65;1172.00;3.03;0
601;industrial_complex;4368.00;20.52;1167.00;0.97;0
601;industrial_complex;4377.00;19.13;1129.00;0.37;0
601;industrial_complex;4379.00;17.70;1122.00;4.59;0
601;radar_station;4372.00;19.65;1137.00;0.80;0
601;synthetic_refinery;4358.00;20.55;1159.00;4.21;0
602;air_base;4540.00;11.43;1057.00;3.41;0
602;bunker;4537.00;11.13;1082.00;0.90;0
602;bunker;4546.00;11.73;1075.00;1.41;0
602;bunker;4551.00;10.00;1099.00;3.47;0
602;bunker;4552.00;10.05;1092.00;1.41;0
602;bunker;4556.00;12.23;1065.00;5.47;0
602;bunker;4561.00;9.82;1099.00;6.14;0
602;bunker;4563.00;9.95;1079.00;6.07;0
602;bunker;4564.00;9.80;1085.00;5.03;0
602;bunker;4568.00;9.70;1102.00;3.03;0
602;bunker;4573.00;9.60;1119.00;2.96;0
602;bunker;4575.00;11.13;1072.00;0.80;0
602;bunker;4576.00;9.90;1095.00;3.91;0
602;bunker;4577.00;10.13;1087.00;2.45;0
602;bunker;4579.00;10.13;1120.00;6.13;0
602;bunker;4581.00;10.03;1115.00;4.59;0
602;fuel_silo;4552.00;10.38;1109.00;3.30;0
602;nuclear_reactor;4578.00;9.93;1107.00;3.64;0
602;radar_station;4572.00;9.85;1124.00;5.70;0
602;rocket_site;4550.00;10.15;1092.00;3.54;0
603;air_base;4458.00;12.90;1112.00;6.22;0
603;anti_air_building;4460.00;11.65;1062.00;2.60;0
603;anti_air_building;4460.00;12.85;1112.00;3.10;0
603;anti_air_building;4464.00;12.68;1082.00;5.27;0
603;bunker;4463.00;12.25;1103.00;4.52;0
603;bunker;4466.00;12.23;1103.00;4.43;0
603;bunker;4469.00;12.90;1085.00;3.91;0
603;bunker;4483.00;11.50;1071.00;0.30;0
603;bunker;4485.00;11.60;1081.00;0.30;0
603;nuclear_reactor;4457.00;13.45;1100.00;0.16;0
603;radar_station;4468.00;13.00;1085.00;0.23;0
603;rocket_site;4466.00;12.60;1082.00;1.04;0
603;synthetic_refinery;4461.00;11.68;1062.00;4.66;0
604;air_base;4239.00;18.73;1287.00;3.74;0
604;bunker;4248.00;17.45;1281.00;1.59;0
604;bunker;4277.00;17.50;1295.00;5.81;0
604;bunker;4281.00;16.65;1276.00;0.54;0
604;bunker;4302.00;17.08;1264.00;4.26;0
604;bunker;4329.00;17.10;1249.00;3.65;0
604;bunker;4340.00;19.02;1276.00;0.04;0
604;bunker;4349.00;19.75;1248.00;3.66;0
604;bunker;4356.00;20.50;1207.00;5.21;0
604;bunker;4360.00;13.20;1264.00;3.81;0
604;bunker;4373.00;19.70;1223.00;2.10;0
604;bunker;4384.00;14.68;1276.00;5.88;0
604;bunker;4385.00;13.70;1256.00;4.61;0
604;bunker;4385.00;15.70;1248.00;1.58;0
604;bunker;4388.00;19.05;1232.00;2.10;0
604;bunker;4401.00;14.75;1249.00;2.61;0
604;bunker;4408.00;14.60;1258.00;2.70;0
604;fuel_silo;4368.00;11.05;1277.00;1.06;0
604;nuclear_reactor;4380.00;19.15;1227.00;2.77;0
604;radar_station;4317.00;15.68;1264.00;0.71;0
604;synthetic_refinery;4279.00;17.60;1260.00;4.32;0
605;anti_air_building;4426.00;10.73;1143.00;3.77;0
605;anti_air_building;4438.00;10.50;1155.00;5.83;0
605;anti_air_building;4462.00;10.70;1151.00;5.93;0
605;arms_factory;4415.00;13.55;1125.00;0.16;0
605;arms_factory;4419.00;13.15;1121.00;4.38;0
605;arms_factory;4434.00;11.82;1120.00;4.89;0
605;arms_factory;4449.00;10.40;1141.00;2.22;0
605;arms_factory;4451.00;10.40;1145.00;3.17;0
605;arms_factory;4451.00;10.57;1134.00;0.16;0
605;bunker;4424.00;10.50;1137.00;0.80;0
605;bunker;4426.00;11.05;1131.00;6.14;0
605;bunker;4432.00;11.10;1176.00;3.03;0
605;bunker;4434.00;11.75;1123.00;5.63;0
605;bunker;4437.00;10.45;1150.00;4.59;0
605;bunker;4442.00;10.40;1142.00;3.91;0
605;bunker;4442.00;10.50;1145.00;4.00;0
605;bunker;4447.00;10.40;1164.00;4.58;0
605;bunker;4464.00;11.63;1146.00;3.98;0
605;radar_station;4423.00;12.73;1126.00;4.15;0
605;rocket_site;4451.00;10.38;1148.00;0.53;0
605;synthetic_refinery;4438.00;10.65;1171.00;1.48;0
606;air_base;4651.00;9.70;1178.00;5.27;0
606;anti_air_building;4631.00;10.23;1160.00;3.11;0
606;anti_air_building;4638.00;9.70;1170.00;3.61;0
606;anti_air_building;4641.00;9.70;1170.00;5.77;0
606;arms_factory;4617.00;10.68;1165.00;4.66;0
606;arms_factory;4620.00;11.38;1151.00;5.61;0
606;arms_factory;4624.00;11.00;1143.00;0.53;0
606;arms_factory;4628.00;9.70;1171.00;1.49;0
606;arms_factory;4633.00;11.13;1152.00;6.22;0
606;arms_factory;4643.00;9.70;1170.00;6.21;0
606;bunker;4619.00;11.18;1163.00;6.13;0
606;bunker;4623.00;11.48;1152.00;6.14;0
606;bunker;4631.00;10.68;1155.00;3.98;0
606;bunker;4636.00;9.70;1169.00;2.97;0
606;bunker;4639.00;9.70;1172.00;0.80;0
606;bunker;4639.00;10.10;1162.00;0.46;0
606;bunker;4645.00;9.85;1165.00;3.03;0
606;bunker;4652.00;9.70;1181.00;1.41;0
606;fuel_silo;4620.00;11.85;1159.00;1.75;0
606;industrial_complex;4623.00;11.35;1153.00;4.66;0
606;industrial_complex;4630.00;10.15;1161.00;5.17;0
606;industrial_complex;4633.00;9.70;1176.00;3.10;0
606;industrial_complex;4633.00;10.25;1162.00;2.60;0
606;industrial_complex;4633.00;11.18;1151.00;5.27;0
606;industrial_complex;4639.00;9.75;1175.00;1.04;0
606;nuclear_reactor;4615.00;10.75;1165.00;4.22;0
606;radar_station;4634.00;10.05;1163.00;2.66;0
606;rocket_site;4623.00;10.73;1142.00;1.56;0
606;synthetic_refinery;4644.00;10.15;1162.00;4.05;0
607;air_base;4539.00;11.30;1226.00;3.95;0
607;bunker;4536.00;13.48;1219.00;5.03;0
607;bunker;4546.00;11.25;1208.00;5.63;0
607;bunker;4553.00;11.55;1231.00;5.09;0
607;bunker;4568.00;10.10;1222.00;4.59;0
607;fuel_silo;4545.00;11.18;1230.00;3.30;0
607;radar_station;4550.00;11.65;1216.00;1.46;0
607;rocket_site;4556.00;11.85;1228.00;0.43;0
607;synthetic_refinery;4556.00;11.13;1225.00;2.40;0
609;air_base;4636.00;9.70;1316.00;2.96;0
609;anti_air_building;4634.00;9.70;1314.00;2.96;0
609;anti_air_building;4636.00;9.70;1311.00;0.90;0
609;anti_air_building;4638.00;9.70;1315.00;0.80;0
609;arms_factory;4639.00;9.60;1312.00;1.84;0
609;arms_factory;4639.00;9.60;1312.00;4.86;0
609;arms_factory;4640.00;9.60;1313.00;3.91;0
609;arms_factory;4643.00;9.60;1310.00;2.80;0
609;arms_factory;4644.00;9.57;1310.00;4.00;0
609;arms_factory;4645.00;9.65;1311.00;6.06;0
609;bunker;4639.00;9.78;1317.00;4.59;0
609;coastal_bunker;4641.10;9.70;1305.44;0.96;0
609;dockyard;4642.79;9.70;1307.42;0.71;0
609;fuel_silo;4641.00;9.63;1307.00;2.35;0
609;industrial_complex;4633.00;9.70;1314.00;3.56;0
609;industrial_complex;4638.00;9.60;1307.00;0.30;0
609;industrial_complex;4638.00;9.70;1315.00;4.51;0
609;industrial_complex;4640.00;9.60;1313.00;0.29;0
609;industrial_complex;4641.00;9.60;1314.00;2.35;0
609;industrial_complex;4643.00;9.63;1312.00;1.85;0
609;naval_base;4645.05;9.50;1309.28;0.56;2734
609;nuclear_reactor;4635.00;9.65;1308.00;2.97;0
609;radar_station;4644.00;9.63;1311.00;5.03;0
609;rocket_site;4639.00;9.60;1312.00;1.41;0
609;synthetic_refinery;4636.00;9.70;1311.00;4.15;0
610;air_base;4650.00;12.93;1361.00;3.47;0
610;arms_factory;4660.00;11.60;1377.00;4.74;0
610;arms_factory;4672.00;12.60;1366.00;2.68;0
610;arms_factory;4675.00;10.82;1399.00;5.34;0
610;arms_factory;4678.00;12.30;1339.00;4.84;0
610;arms_factory;4682.00;10.43;1396.00;2.07;0
610;arms_factory;4686.00;12.13;1354.00;1.12;0
610;bunker;4629.00;12.98;1358.00;0.43;0
610;bunker;4640.00;11.88;1346.00;1.48;0
610;bunker;4642.00;13.45;1367.00;5.25;0
610;bunker;4646.00;12.90;1397.00;4.96;0
610;bunker;4651.00;12.23;1381.00;4.05;0
610;bunker;4653.00;11.70;1393.00;5.40;0
610;bunker;4653.00;12.60;1358.00;0.46;0
610;bunker;4654.00;11.98;1374.00;2.29;0
610;bunker;4658.00;11.70;1365.00;6.21;0
610;bunker;4661.00;11.98;1347.00;5.19;0
610;bunker;4661.00;12.15;1349.00;6.14;0
610;bunker;4666.00;12.28;1371.00;4.58;0
610;bunker;4667.00;12.30;1346.00;4.90;0
610;bunker;4672.00;10.60;1386.00;0.68;0
610;bunker;4676.00;11.70;1413.00;0.07;0
610;bunker;4677.00;13.03;1363.00;1.99;0
610;bunker;4678.00;12.28;1341.00;4.59;0
610;bunker;4681.00;10.60;1403.00;3.34;0
610;bunker;4684.00;10.40;1381.00;3.98;0
610;bunker;4688.00;11.53;1374.00;3.54;0
610;bunker;4689.00;10.32;1405.00;1.28;0
610;bunker;4691.00;12.13;1364.00;0.53;0
610;bunker;4695.00;10.30;1382.00;2.23;0
610;bunker;4704.00;10.10;1361.00;2.74;0
610;fuel_silo;4660.00;11.38;1365.00;0.19;0
610;industrial_complex;4638.00;11.78;1349.00;1.53;0
610;industrial_complex;4681.00;12.48;1363.00;3.09;0
610;industrial_complex;4685.00;12.32;1362.00;3.59;0
610;industrial_complex;4689.00;10.40;1410.00;5.65;0
610;industrial_complex;4690.00;10.30;1385.00;5.15;0
610;industrial_complex;4698.00;10.43;1364.00;0.92;0
610;nuclear_reactor;4649.00;13.10;1357.00;2.66;0
610;radar_station;4639.00;12.85;1383.00;2.16;0
610;rocket_site;4694.00;11.73;1367.00;6.28;0
610;synthetic_refinery;4671.00;12.60;1366.00;5.77;0
611;air_base;4613.98;12.30;1332.23;1.41;0
611;arms_factory;4609.00;13.45;1351.00;1.12;0
611;arms_factory;4612.00;12.82;1328.00;5.25;0
611;arms_factory;4615.00;12.88;1347.00;2.07;0
611;arms_factory;4616.00;13.15;1336.00;4.74;0
611;arms_factory;4624.00;11.73;1336.00;5.34;0
611;arms_factory;4625.00;12.45;1352.00;5.35;0
611;bunker;4590.00;12.48;1339.00;1.75;0
611;bunker;4593.48;13.50;1330.90;1.75;0
611;bunker;4602.22;12.90;1322.69;1.75;0
611;bunker;4602.86;12.80;1349.77;1.75;0
611;bunker;4608.92;13.20;1335.33;1.75;0
611;bunker;4620.96;12.30;1332.05;1.75;0
611;bunker;4629.00;10.90;1338.00;1.75;0
611;fuel_silo;4595.13;13.30;1335.74;1.75;0
611;industrial_complex;4600.97;12.70;1330.07;1.75;0
611;industrial_complex;4601.28;12.70;1339.88;1.75;0
611;industrial_complex;4609.82;12.80;1347.40;1.75;0
611;industrial_complex;4612.61;12.90;1338.18;1.75;0
611;industrial_complex;4621.57;11.90;1347.77;1.75;0
611;industrial_complex;4629.48;11.00;1342.30;1.75;0
611;nuclear_reactor;4607.28;12.50;1343.31;1.48;0
611;radar_station;4598.33;12.70;1343.55;3.54;0
611;rocket_site;4596.40;13.90;1320.49;3.64;0
611;synthetic_refinery;4621.54;11.60;1341.66;5.70;0
612;air_base;4618.00;11.90;1420.00;0.46;0
612;anti_air_building;4570.00;13.60;1395.00;1.99;0
612;anti_air_building;4581.00;14.28;1360.00;4.66;0
612;anti_air_building;4624.00;12.70;1397.00;5.25;0
612;arms_factory;4598.00;12.63;1387.00;1.78;0
612;arms_factory;4604.00;12.53;1400.00;2.74;0
612;arms_factory;4605.00;14.28;1381.00;3.34;0
612;arms_factory;4615.00;11.95;1428.00;4.81;0
612;arms_factory;4659.00;12.15;1441.00;4.90;0
612;arms_factory;4665.00;12.43;1422.00;5.40;0
612;bunker;4555.00;13.60;1410.00;0.97;0
612;bunker;4557.00;12.60;1380.00;4.15;0
612;bunker;4569.00;12.40;1371.00;1.48;0
612;bunker;4572.00;13.50;1408.00;6.21;0
612;bunker;4589.00;12.45;1405.00;0.37;0
612;bunker;4592.00;15.57;1364.00;4.05;0
612;bunker;4596.00;12.70;1385.00;5.19;0
612;bunker;4596.00;12.78;1378.00;3.80;0
612;bunker;4611.00;13.90;1385.00;3.03;0
612;bunker;4613.00;12.20;1413.00;3.54;0
612;bunker;4615.00;13.93;1361.00;1.63;0
612;bunker;4619.00;13.63;1365.00;4.45;0
612;bunker;4623.00;12.70;1400.00;3.03;0
612;bunker;4625.00;12.15;1421.00;4.15;0
612;bunker;4632.00;12.53;1423.00;4.59;0
612;bunker;4633.00;12.75;1404.00;6.14;0
612;bunker;4633.00;12.78;1403.00;4.58;0
612;bunker;4652.00;12.07;1439.00;1.48;0
612;bunker;4666.00;12.45;1421.00;0.53;0
612;bunker;4676.00;12.10;1438.00;4.96;0
612;fuel_silo;4640.00;12.10;1421.00;4.42;0
612;industrial_complex;4576.00;13.07;1403.00;3.19;0
612;industrial_complex;4608.00;15.07;1377.00;1.12;0
612;industrial_complex;4633.00;12.55;1420.00;5.35;0
612;industrial_complex;4636.00;13.03;1403.00;5.85;0
612;industrial_complex;4637.00;12.70;1416.00;2.23;0
612;industrial_complex;4654.00;11.80;1433.00;5.25;0
612;nuclear_reactor;4579.00;12.65;1396.00;1.64;0
612;radar_station;4559.00;13.75;1410.00;3.70;0
612;rocket_site;4601.00;13.82;1369.00;0.43;0
612;synthetic_refinery;4631.00;13.00;1401.00;1.04;0
613;arms_factory;4661.00;9.70;1178.00;3.56;0
613;arms_factory;4663.00;9.70;1176.00;5.27;0
613;bunker;4666.00;9.90;1175.00;2.16;0
613;industrial_complex;4663.00;9.68;1181.00;0.45;0
614;bunker;4637.00;11.70;1336.00;0.91;0
614;bunker;4639.00;10.82;1327.00;6.25;0
614;bunker;4645.00;10.57;1328.00;5.64;0
614;bunker;4650.00;9.70;1319.00;3.58;0
614;bunker;4656.00;10.70;1332.00;5.13;0
614;bunker;4659.00;9.70;1320.00;3.07;0
614;bunker;4661.00;10.85;1333.00;2.97;0
614;bunker;4668.00;9.70;1323.00;1.52;0
614;bunker;4679.00;9.73;1327.00;2.02;0
614;coastal_bunker;4655.00;9.50;1310.00;0.38;0
614;coastal_bunker;4658.00;9.50;1310.00;0.64;0
614;coastal_bunker;4669.00;9.50;1320.00;0.64;0
614;coastal_bunker;4681.00;9.65;1327.00;0.54;0
614;dockyard;4668.00;9.50;1318.00;0.64;0
614;industrial_complex;4644.00;11.43;1337.00;1.96;0
614;industrial_complex;4647.00;9.82;1324.00;1.36;0
614;industrial_complex;4654.00;10.65;1333.00;4.62;0
614;industrial_complex;4660.00;9.65;1315.00;4.01;0
614;industrial_complex;4672.00;9.85;1326.00;6.18;0
614;industrial_complex;4679.00;9.85;1330.00;5.57;0
614;naval_base;4655.00;9.50;1310.00;0.38;2734
614;naval_base;4663.00;9.53;1311.00;0.64;2734
614;naval_base;4666.00;9.57;1314.00;0.64;2734
614;naval_base;4677.00;9.57;1325.00;0.54;2734
614;nuclear_reactor;4665.00;10.55;1332.00;3.64;0
614;radar_station;4658.00;10.05;1326.00;5.07;0
614;rocket_site;4652.00;9.70;1313.00;0.98;0
614;synthetic_refinery;4640.00;11.25;1329.00;0.48;0
615;air_base;4573.00;11.65;1260.00;1.41;0
615;anti_air_building;4572.00;12.80;1293.00;4.59;0
615;anti_air_building;4575.00;13.85;1305.00;0.97;0
615;anti_air_building;4585.00;13.82;1321.00;3.64;0
615;arms_factory;4564.00;13.00;1304.00;1.34;0
615;arms_factory;4564.00;14.13;1295.00;1.85;0
615;arms_factory;4571.00;12.38;1255.00;5.47;0
615;arms_factory;4572.00;13.18;1274.00;6.08;0
615;arms_factory;4576.00;12.57;1295.00;4.52;0
615;arms_factory;4578.00;10.60;1266.00;1.24;0
615;bunker;4561.00;13.90;1291.00;3.47;0
615;bunker;4565.00;10.10;1240.00;4.42;0
615;bunker;4569.00;13.25;1272.00;3.47;0
615;bunker;4571.00;13.30;1274.00;5.03;0
615;bunker;4571.00;13.90;1307.00;4.08;0
615;bunker;4574.00;12.90;1292.00;5.63;0
615;bunker;4577.00;10.60;1252.00;1.92;0
615;bunker;4579.00;13.75;1308.00;3.98;0
615;bunker;4581.00;10.30;1271.00;6.14;0
615;bunker;4581.00;14.07;1321.00;5.19;0
615;bunker;4583.00;10.88;1279.00;1.92;0
615;bunker;4583.00;13.25;1326.00;1.41;0
615;fuel_silo;4585.00;13.30;1325.00;3.03;0
615;industrial_complex;4569.00;13.55;1274.00;5.03;0
615;industrial_complex;4570.00;12.25;1266.00;2.96;0
615;industrial_complex;4570.00;12.93;1288.00;5.12;0
615;industrial_complex;4575.00;10.38;1247.00;2.36;0
615;industrial_complex;4582.00;11.07;1279.00;3.91;0
615;industrial_complex;4587.00;13.15;1314.00;5.98;0
615;nuclear_reactor;4578.00;12.38;1285.00;5.10;0
615;radar_station;4573.00;13.05;1288.00;4.62;0
615;rocket_site;4560.00;13.20;1301.00;2.43;0
615;synthetic_refinery;4576.00;11.55;1271.00;0.37;0
616;air_base;4525.00;13.57;1325.00;4.52;0
616;anti_air_building;4493.00;13.98;1311.00;3.47;0
616;anti_air_building;4500.00;14.38;1312.00;4.42;0
616;anti_air_building;4525.00;13.93;1316.00;5.63;0
616;bunker;4482.00;14.57;1313.00;2.36;0
616;bunker;4497.00;14.63;1306.00;2.96;0
616;bunker;4497.00;14.70;1296.00;5.03;0
616;bunker;4507.00;14.10;1330.00;5.98;0
616;bunker;4515.00;12.75;1303.00;6.08;0
616;bunker;4517.00;13.93;1327.00;3.91;0
616;industrial_complex;4476.00;13.93;1321.00;0.74;0
616;industrial_complex;4481.00;14.20;1319.00;1.24;0
616;industrial_complex;4496.00;14.18;1329.00;3.41;0
616;industrial_complex;4505.00;14.53;1294.00;1.85;0
616;industrial_complex;4513.00;13.93;1327.00;1.34;0
616;industrial_complex;4528.00;13.55;1326.00;5.47;0
616;nuclear_reactor;4483.00;14.05;1321.00;3.47;0
616;radar_station;4502.00;14.80;1305.00;2.21;0
616;synthetic_refinery;4517.00;13.93;1315.00;5.03;0
617;air_base;4093.00;13.25;1385.00;3.03;0
617;anti_air_building;4105.98;11.80;1346.48;0.70;0
617;anti_air_building;4216.28;10.90;1381.98;0.70;0
617;anti_air_building;4229.26;13.20;1394.67;4.21;0
617;arms_factory;4060.49;15.00;1341.58;5.54;0
617;arms_factory;4073.25;14.10;1364.38;0.70;0
617;arms_factory;4089.31;13.80;1352.90;4.58;0
617;arms_factory;4090.68;13.70;1389.23;3.98;0
617;arms_factory;4173.34;12.00;1338.55;0.46;0
617;arms_factory;4198.04;13.70;1386.27;6.14;0
617;bunker;4056.25;15.00;1352.48;2.09;0
617;bunker;4063.00;13.82;1408.00;0.53;0
617;bunker;4070.00;11.90;1334.00;0.90;0
617;bunker;4079.00;13.70;1395.00;5.72;0
617;bunker;4085.67;12.90;1376.78;1.04;0
617;bunker;4086.00;14.30;1357.00;6.23;0
617;bunker;4089.00;11.78;1381.00;1.50;0
617;bunker;4091.00;12.43;1347.00;3.70;0
617;bunker;4110.00;12.78;1355.00;4.17;0
617;bunker;4110.29;14.30;1372.38;4.66;0
617;bunker;4122.00;12.38;1344.00;1.99;0
617;bunker;4122.00;14.65;1365.00;2.11;0
617;bunker;4125.16;14.70;1382.37;5.77;0
617;bunker;4154.34;14.60;1379.51;3.64;0
617;bunker;4158.00;13.20;1352.00;1.64;0
617;bunker;4158.00;14.78;1377.00;4.51;0
617;bunker;4158.32;11.80;1342.54;4.15;0
617;bunker;4162.00;12.55;1358.00;0.39;0
617;bunker;4168.00;11.70;1342.00;4.07;0
617;bunker;4186.00;11.35;1373.00;5.12;0
617;bunker;4186.00;11.93;1347.00;2.46;0
617;bunker;4186.00;12.65;1384.00;4.17;0
617;bunker;4199.59;13.40;1382.35;4.05;0
617;bunker;4207.47;12.10;1368.51;6.21;0
617;bunker;4218.13;10.80;1378.51;1.55;0
617;bunker;4224.21;11.90;1386.03;0.70;0
617;bunker;4226.02;13.20;1407.50;0.70;0
617;bunker;4230.44;11.80;1359.08;0.70;0
617;fuel_silo;4064.00;13.88;1406.00;0.70;0
617;industrial_complex;4064.00;13.88;1406.00;0.70;0
617;industrial_complex;4099.21;11.80;1343.66;5.09;0
617;industrial_complex;4121.21;11.90;1350.53;0.70;0
617;industrial_complex;4131.00;11.90;1340.45;4.59;0
617;industrial_complex;4134.47;14.30;1373.82;0.70;0
617;industrial_complex;4190.71;13.70;1390.74;5.19;0
617;nuclear_reactor;4111.89;11.90;1346.42;0.70;0
617;radar_station;4069.78;14.60;1360.96;5.36;0
617;rocket_site;4228.00;14.50;1400.00;4.22;0
617;synthetic_refinery;4153.00;12.40;1350.00;6.28;0
618;air_base;4151.00;10.88;1408.00;3.64;0
618;anti_air_building;4197.00;12.65;1456.00;3.71;0
618;anti_air_building;4206.00;13.10;1438.00;1.04;0
618;anti_air_building;4216.00;14.80;1433.00;1.55;0
618;arms_factory;4093.00;11.15;1408.00;5.19;0
618;arms_factory;4100.00;10.73;1405.00;4.59;0
618;arms_factory;4159.00;11.85;1410.00;3.98;0
618;arms_factory;4169.00;12.07;1413.00;4.58;0
618;arms_factory;4181.00;11.93;1422.00;6.14;0
618;arms_factory;4195.00;12.70;1428.00;3.03;0
618;bunker;4107.00;13.35;1444.00;2.09;0
618;bunker;4112.00;11.65;1402.00;1.48;0
618;bunker;4123.00;10.80;1413.00;4.15;0
618;bunker;4125.00;15.25;1442.00;1.99;0
618;bunker;4153.00;11.80;1471.00;1.04;0
618;bunker;4155.00;10.93;1461.00;5.77;0
618;bunker;4170.00;12.75;1451.00;5.25;0
618;bunker;4172.00;11.85;1414.00;6.21;0
618;bunker;4172.00;12.13;1415.00;3.70;0
618;bunker;4173.00;11.25;1440.00;4.05;0
618;bunker;4186.00;11.85;1459.00;0.53;0
618;bunker;4193.00;12.50;1417.00;1.64;0
618;bunker;4198.00;13.30;1458.00;4.66;0
618;bunker;4204.00;12.68;1437.00;0.43;0
618;fuel_silo;4150.00;10.55;1401.00;0.80;0
618;industrial_complex;4145.00;11.28;1470.00;5.09;0
618;industrial_complex;4145.00;12.75;1474.00;0.37;0
618;industrial_complex;4148.00;13.50;1477.00;0.97;0
618;industrial_complex;4184.00;10.82;1410.00;5.70;0
618;industrial_complex;4195.00;12.95;1418.00;3.03;0
618;industrial_complex;4197.00;13.10;1415.00;3.54;0
618;nuclear_reactor;4193.00;12.03;1455.00;6.28;0
618;radar_station;4187.00;12.03;1399.00;5.77;0
618;rocket_site;4172.00;15.53;1478.00;2.16;0
618;synthetic_refinery;4204.00;13.28;1450.00;4.21;0
619;air_base;4031.00;21.95;1260.00;5.10;0
619;anti_air_building;3973.00;18.18;1307.00;0.09;0
619;anti_air_building;4012.00;13.98;1313.00;5.77;0
619;anti_air_building;4038.00;13.65;1320.00;3.11;0
619;arms_factory;3966.00;18.02;1317.00;1.92;0
619;arms_factory;3966.00;20.15;1302.00;6.14;0
619;arms_factory;3999.00;14.05;1304.00;3.98;0
619;arms_factory;4012.00;18.58;1336.00;4.59;0
619;arms_factory;4039.00;15.50;1278.00;3.47;0
619;arms_factory;4054.00;12.32;1326.00;5.19;0
619;bunker;3977.00;18.30;1307.00;4.15;0
619;bunker;3978.00;19.10;1313.00;1.48;0
619;bunker;3988.00;20.27;1290.00;0.88;0
619;bunker;3993.00;21.45;1262.00;0.53;0
619;bunker;3999.00;18.65;1324.00;4.15;0
619;bunker;4001.00;21.65;1263.00;2.09;0
619;bunker;4003.00;14.35;1295.00;1.04;0
619;bunker;4004.00;13.98;1310.00;4.66;0
619;bunker;4005.00;18.63;1276.00;2.59;0
619;bunker;4023.00;19.68;1333.00;0.44;0
619;bunker;4024.00;16.50;1324.00;1.04;0
619;bunker;4035.00;21.38;1265.00;3.10;0
619;bunker;4039.00;13.65;1321.00;4.66;0
619;bunker;4040.00;19.00;1346.00;6.21;0
619;bunker;4050.00;20.52;1266.00;2.59;0
619;bunker;4059.00;12.32;1330.00;5.16;0
619;fuel_silo;4015.00;22.63;1259.00;6.28;0
619;industrial_complex;3984.00;20.18;1290.00;0.97;0
619;industrial_complex;3986.00;20.90;1279.00;3.64;0
619;industrial_complex;4000.00;13.90;1300.00;2.43;0
619;industrial_complex;4007.00;17.13;1281.00;5.70;0
619;industrial_complex;4022.00;20.48;1271.00;0.37;0
619;industrial_complex;4038.00;18.52;1274.00;3.03;0
619;nuclear_reactor;4056.00;14.18;1343.00;0.60;0
619;radar_station;4011.00;13.50;1303.00;0.23;0
619;rocket_site;4005.00;15.93;1317.00;4.22;0
619;synthetic_refinery;3989.00;18.75;1322.00;2.16;0
620;air_base;4541.00;11.75;1171.00;5.70;0
620;anti_air_building;4536.00;10.78;1161.00;4.74;0
620;anti_air_building;4546.00;11.73;1168.00;3.54;0
620;anti_air_building;4553.00;9.85;1158.00;1.48;0
620;bunker;4524.00;13.35;1173.00;1.36;0
620;bunker;4530.00;10.45;1194.00;3.42;0
620;bunker;4530.00;11.05;1191.00;0.75;0
620;bunker;4537.00;11.73;1166.00;1.71;0
620;bunker;4539.00;12.57;1176.00;1.04;0
620;bunker;4555.00;9.70;1149.00;6.21;0
620;bunker;4556.00;10.78;1163.00;2.66;0
620;bunker;4558.00;9.70;1142.00;5.25;0
620;bunker;4563.00;9.98;1164.00;5.48;0
620;bunker;4564.00;9.98;1183.00;4.37;0
620;bunker;4566.00;9.78;1158.00;1.26;0
620;bunker;4578.00;9.80;1170.00;1.72;0
620;fuel_silo;4547.00;9.80;1158.00;1.31;0
620;industrial_complex;4533.00;12.00;1179.00;2.81;0
620;industrial_complex;4541.00;10.70;1183.00;2.31;0
620;industrial_complex;4549.00;10.18;1161.00;0.75;0
620;industrial_complex;4553.00;9.70;1155.00;4.97;0
620;industrial_complex;4561.00;10.00;1168.00;0.24;0
620;industrial_complex;4570.00;9.70;1146.00;2.90;0
620;nuclear_reactor;4545.00;11.88;1170.00;4.65;0
620;radar_station;4546.00;10.30;1161.00;3.06;0
620;rocket_site;4547.00;11.32;1176.00;0.52;0
620;synthetic_refinery;4553.00;10.13;1160.00;3.17;0
621;air_base;4554.00;13.93;1366.00;4.05;0
621;anti_air_building;4545.00;13.55;1326.00;1.64;0
621;anti_air_building;4548.00;13.35;1345.00;1.04;0
621;anti_air_building;4552.00;13.63;1338.00;5.77;0
621;arms_factory;4453.00;12.98;1343.00;4.72;0
621;arms_factory;4463.00;12.78;1339.00;6.28;0
621;arms_factory;4495.00;13.10;1348.00;4.22;0
621;arms_factory;4523.00;13.20;1345.00;0.60;0
621;arms_factory;4535.00;13.00;1364.00;2.66;0
621;arms_factory;4572.00;13.03;1351.00;2.16;0
621;bunker;4461.00;13.40;1346.00;2.66;0
621;bunker;4487.00;13.20;1349.00;1.71;0
621;bunker;4493.00;13.07;1360.00;0.50;0
621;bunker;4502.00;12.15;1339.00;5.93;0
621;bunker;4521.00;14.43;1347.00;5.92;0
621;bunker;4540.00;13.88;1366.00;1.99;0
621;bunker;4546.00;13.18;1340.00;5.25;0
621;bunker;4550.00;14.03;1325.00;1.04;0
621;bunker;4550.00;14.10;1366.00;4.66;0
621;bunker;4571.00;13.75;1344.00;3.70;0
621;bunker;4584.00;13.30;1337.00;1.19;0
621;fuel_silo;4526.00;12.90;1366.00;5.43;0
621;industrial_complex;4535.00;13.40;1332.00;1.48;0
621;industrial_complex;4538.00;14.45;1354.00;0.53;0
621;industrial_complex;4542.00;12.80;1343.00;4.15;0
621;industrial_complex;4546.00;14.60;1377.00;6.21;0
621;industrial_complex;4550.00;15.00;1355.00;3.64;0
621;industrial_complex;4580.00;15.20;1348.00;2.09;0
621;nuclear_reactor;4563.00;14.43;1334.00;5.77;0
621;radar_station;4548.00;13.43;1372.00;1.55;0
621;rocket_site;4547.00;14.05;1361.00;4.21;0
621;synthetic_refinery;4577.00;13.90;1344.00;3.71;0
622;air_base;4496.00;12.38;1222.00;4.40;0
622;bunker;4477.00;15.07;1220.00;3.95;0
622;bunker;4499.00;10.57;1230.00;1.90;0
622;bunker;4506.00;13.10;1276.00;4.90;0
622;bunker;4509.00;14.40;1252.00;0.18;0
622;bunker;4512.00;14.15;1258.00;0.78;0
622;bunker;4514.00;12.88;1275.00;5.51;0
622;bunker;4516.00;13.00;1223.00;3.96;0
622;bunker;4524.00;13.07;1264.00;5.52;0
622;bunker;4529.00;11.15;1247.00;2.85;0
622;bunker;4529.00;12.63;1295.00;1.29;0
622;fuel_silo;4492.00;11.45;1224.00;0.25;0
622;nuclear_reactor;4527.00;10.85;1244.00;0.85;0
622;synthetic_refinery;4510.00;12.43;1275.00;2.41;0
623;air_base;4692.00;10.18;946.00;1.04;0
623;anti_air_building;4698.00;9.75;940.00;2.90;0
623;anti_air_building;4705.00;10.50;911.00;0.74;0
623;anti_air_building;4715.00;10.40;921.00;2.29;0
623;arms_factory;4677.00;9.70;907.00;0.53;0
623;arms_factory;4689.00;10.38;912.00;1.48;0
623;arms_factory;4693.00;12.53;929.00;3.64;0
623;arms_factory;4701.00;10.50;909.00;4.15;0
623;arms_factory;4703.00;10.50;907.00;3.54;0
623;arms_factory;4706.00;10.38;928.00;5.70;0
623;bunker;4679.00;9.70;900.00;0.16;0
623;bunker;4687.00;10.23;915.00;0.67;0
623;bunker;4688.00;10.25;918.00;1.71;0
623;bunker;4690.00;10.48;906.00;5.93;0
623;bunker;4693.00;11.70;940.00;4.38;0
623;bunker;4696.00;10.75;939.00;3.78;0
623;bunker;4698.00;10.50;909.00;2.66;0
623;bunker;4700.00;10.20;923.00;2.22;0
623;bunker;4700.00;10.50;907.00;0.16;0
623;bunker;4702.00;9.63;941.00;4.72;0
623;bunker;4703.00;10.50;912.00;0.50;0
623;bunker;4704.00;10.30;922.00;4.89;0
623;bunker;4706.00;10.32;930.00;1.11;0
623;bunker;4707.00;10.30;937.00;4.29;0
623;bunker;4710.00;10.55;932.00;0.60;0
623;bunker;4711.00;10.40;913.00;4.72;0
623;bunker;4714.00;10.50;922.00;3.17;0
623;coastal_bunker;4676.00;9.50;904.00;-1.25;0
623;coastal_bunker;4684.00;9.50;911.00;-1.57;0
623;coastal_bunker;4686.00;9.50;908.00;-2.68;0
623;coastal_bunker;4686.00;9.50;920.00;-1.82;0
623;coastal_bunker;4686.00;9.50;938.00;-1.57;0
623;coastal_bunker;4690.00;9.68;947.00;-2.36;0
623;coastal_bunker;4696.00;9.70;948.00;-3.14;0
623;coastal_bunker;4703.00;9.93;900.00;0.98;0
623;coastal_bunker;4705.00;10.00;907.00;0.46;0
623;coastal_bunker;4711.00;9.50;909.00;0.38;0
623;coastal_bunker;4712.00;10.05;931.00;-4.39;0
623;coastal_bunker;4715.00;9.53;945.00;-4.39;0
623;coastal_bunker;4716.00;9.68;927.00;1.57;0
623;dockyard;4715.00;9.50;943.00;-4.39;0
623;fuel_silo;4688.00;10.60;906.00;3.37;0
623;industrial_complex;4680.00;9.80;905.00;1.99;0
623;industrial_complex;4689.00;10.40;911.00;4.05;0
623;industrial_complex;4689.00;10.75;922.00;5.25;0
623;industrial_complex;4702.00;10.07;927.00;6.21;0
623;industrial_complex;4709.00;10.10;937.00;4.66;0
623;industrial_complex;4710.00;9.90;938.00;2.09;0
623;naval_base;4679.00;9.68;907.00;-2.98;8701
623;naval_base;4685.00;9.57;911.00;-1.57;8701
623;naval_base;4686.00;9.50;924.00;-1.82;8701
623;naval_base;4686.00;9.50;937.00;-1.57;8676
623;naval_base;4686.00;10.53;906.00;-2.68;8701
623;naval_base;4687.00;9.50;941.00;-2.36;8676
623;naval_base;4702.00;10.18;902.00;0.98;8572
623;naval_base;4703.19;9.80;944.53;-3.64;8676
623;naval_base;4710.00;9.50;908.00;0.46;8572
623;naval_base;4712.00;10.05;931.00;-4.39;8595
623;naval_base;4713.00;9.50;910.00;0.38;8572
623;naval_base;4714.00;9.50;946.00;-4.39;8595
623;naval_base;4717.00;9.98;923.00;1.57;8595
623;nuclear_reactor;4706.00;10.50;910.00;0.74;0
623;radar_station;4696.00;10.57;931.00;1.34;0
623;rocket_site;4705.00;9.65;939.00;4.36;0
623;synthetic_refinery;4684.00;10.48;901.00;4.96;0
624;air_base;4696.00;10.45;852.00;0.43;0
624;anti_air_building;4691.00;9.82;859.00;4.29;0
624;anti_air_building;4696.00;10.63;860.00;0.67;0
624;anti_air_building;4718.00;10.15;875.00;0.16;0
624;arms_factory;4691.00;10.20;862.00;0.53;0
624;arms_factory;4698.00;10.45;850.00;3.64;0
624;arms_factory;4698.00;10.45;860.00;4.15;0
624;arms_factory;4699.00;10.32;847.00;2.09;0
624;arms_factory;4714.00;9.60;868.00;1.48;0
624;arms_factory;4726.00;10.20;867.00;6.21;0
624;bunker;4697.00;10.75;856.00;4.72;0
624;bunker;4698.00;10.65;855.00;4.22;0
624;bunker;4716.00;9.98;869.00;6.28;0
624;bunker;4724.00;10.35;870.00;0.60;0
624;bunker;4728.00;9.98;866.00;5.93;0
624;bunker;4734.00;11.03;863.00;2.66;0
624;bunker;4735.00;10.68;858.00;2.66;0
624;bunker;4738.00;9.78;841.00;0.50;0
624;coastal_bunker;4688.00;9.50;860.00;-4.39;0
624;coastal_bunker;4701.00;9.53;848.00;0.00;0
624;coastal_bunker;4708.00;9.50;864.00;0.98;0
624;coastal_bunker;4721.00;10.10;877.00;-3.14;0
624;coastal_bunker;4730.00;9.50;853.00;-0.14;0
624;coastal_bunker;4734.00;10.00;846.00;-1.57;0
624;coastal_bunker;4737.00;9.57;869.00;-1.57;0
624;coastal_bunker;4743.00;9.50;850.00;-0.24;0
624;dockyard;4696.00;9.50;844.00;0.00;0
624;fuel_silo;4698.00;10.55;852.00;6.04;0
624;industrial_complex;4694.00;10.40;854.00;1.99;0
624;industrial_complex;4698.00;10.45;860.00;5.25;0
624;industrial_complex;4725.00;9.80;867.00;1.04;0
624;industrial_complex;4731.00;10.48;863.00;4.66;0
624;industrial_complex;4732.00;9.95;870.00;3.70;0
624;industrial_complex;4735.00;10.68;858.00;4.05;0
624;naval_base;4682.00;9.50;868.00;-2.18;2971
624;naval_base;4693.00;9.50;852.00;0.00;2876
624;naval_base;4719.00;9.50;862.00;0.98;2876
624;naval_base;4722.00;9.50;870.00;0.00;2876
624;naval_base;4731.00;9.60;861.00;-0.14;2876
624;naval_base;4732.00;9.65;872.00;-1.57;8572
624;naval_base;4734.00;10.00;846.00;-1.57;2876
624;naval_base;4737.00;10.28;858.00;-3.14;8572
624;nuclear_reactor;4700.00;10.35;849.00;5.40;0
624;radar_station;4733.00;11.57;862.00;4.89;0
624;rocket_site;4719.00;10.30;875.00;2.73;0
624;synthetic_refinery;4732.00;9.65;858.00;4.79;0
625;air_base;4755.00;9.63;838.00;5.77;0
625;anti_air_building;4755.00;9.93;840.00;3.78;0
625;anti_air_building;4761.00;10.55;834.00;0.16;0
625;anti_air_building;4762.00;11.73;830.00;1.11;0
625;arms_factory;4751.00;11.13;844.00;2.09;0
625;arms_factory;4756.00;9.78;815.00;5.25;0
625;arms_factory;4756.00;9.88;816.00;0.53;0
625;arms_factory;4756.00;10.25;847.00;4.15;0
625;arms_factory;4759.00;9.93;829.00;6.21;0
625;arms_factory;4760.00;10.18;845.00;4.05;0
625;bunker;4750.00;10.15;843.00;6.28;0
625;bunker;4753.00;10.03;826.00;0.60;0
625;bunker;4756.00;9.82;838.00;2.16;0
625;bunker;4757.00;9.95;817.00;4.22;0
625;bunker;4760.00;9.88;828.00;2.66;0
625;coastal_bunker;4746.00;9.50;849.00;-3.93;0
625;coastal_bunker;4752.00;9.50;822.00;-1.57;0
625;coastal_bunker;4753.00;9.50;834.00;-1.57;0
625;coastal_bunker;4758.00;9.50;812.00;-1.57;0
625;coastal_bunker;4758.00;9.50;836.00;-0.79;0
625;dockyard;4756.00;9.50;831.00;-1.57;0
625;fuel_silo;4756.00;10.18;823.00;2.42;0
625;industrial_complex;4748.00;10.05;847.00;0.43;0
625;industrial_complex;4753.00;11.10;844.00;1.04;0
625;industrial_complex;4757.00;10.98;847.00;1.99;0
625;industrial_complex;4758.00;9.75;815.00;1.64;0
625;industrial_complex;4761.00;11.48;831.00;3.70;0
625;industrial_complex;4762.00;11.07;828.00;4.66;0
625;naval_base;4749.00;10.32;847.00;-3.93;2856
625;naval_base;4750.00;9.50;831.00;-1.57;8751
625;naval_base;4753.00;9.50;835.00;-1.57;8751
625;naval_base;4755.00;9.50;837.00;-0.79;8751
625;naval_base;4757.00;9.50;808.00;-1.57;8751
625;nuclear_reactor;4758.00;10.10;831.00;4.89;0
625;radar_station;4754.00;10.15;824.00;4.38;0
625;rocket_site;4760.00;11.70;839.00;2.22;0
625;synthetic_refinery;4758.00;9.85;837.00;3.17;0
626;air_base;4664.00;9.82;812.00;3.71;0
626;anti_air_building;4642.00;10.35;787.00;0.50;0
626;anti_air_building;4643.00;10.32;788.00;2.66;0
626;anti_air_building;4669.00;9.85;817.00;1.71;0
626;arms_factory;4639.00;10.03;785.00;5.25;0
626;arms_factory;4642.00;10.35;787.00;4.05;0
626;arms_factory;4643.00;10.32;788.00;6.21;0
626;arms_factory;4653.00;10.28;796.00;2.09;0
626;arms_factory;4664.00;9.82;812.00;1.99;0
626;arms_factory;4665.00;11.20;810.00;4.66;0
626;bunker;4641.00;10.45;787.00;2.16;0
626;bunker;4652.00;9.93;795.00;2.66;0
626;bunker;4664.00;9.82;812.00;6.28;0
626;coastal_bunker;4632.00;9.50;774.00;-0.61;0
626;coastal_bunker;4657.00;9.93;803.00;-3.55;0
626;coastal_bunker;4677.00;9.50;838.00;-1.11;0
626;dockyard;4666.00;9.50;808.00;-0.18;0
626;fuel_silo;4652.00;10.23;796.00;3.98;0
626;industrial_complex;4642.00;10.28;789.00;1.64;0
626;industrial_complex;4646.00;10.55;792.00;0.43;0
626;industrial_complex;4650.00;9.85;794.00;3.70;0
626;industrial_complex;4655.00;11.13;800.00;1.04;0
626;industrial_complex;4669.00;9.73;814.00;1.04;0
626;industrial_complex;4670.00;10.78;818.00;5.77;0
626;naval_base;4636.00;9.50;779.00;-0.79;2946
626;naval_base;4653.00;9.50;794.00;-0.20;2946
626;naval_base;4672.00;10.85;816.00;-1.11;2971
626;nuclear_reactor;4650.00;9.85;794.00;0.16;0
626;radar_station;4664.00;11.18;810.00;1.11;0
626;rocket_site;4653.00;10.28;796.00;3.78;0
626;synthetic_refinery;4664.00;9.82;812.00;4.72;0
627;air_base;4753.00;11.57;778.00;4.21;0
627;anti_air_building;4744.00;10.48;771.00;4.59;0
627;anti_air_building;4762.00;9.75;756.00;0.97;0
627;anti_air_building;4771.00;10.23;793.00;3.64;0
627;arms_factory;4716.00;10.03;769.00;1.04;0
627;arms_factory;4730.00;9.68;773.00;5.25;0
627;arms_factory;4748.00;10.73;755.00;4.66;0
627;arms_factory;4751.00;10.85;749.00;1.99;0
627;arms_factory;4753.00;10.88;765.00;3.70;0
627;arms_factory;4755.00;10.35;757.00;4.05;0
627;bunker;4710.00;10.03;751.00;5.47;0
627;bunker;4714.00;10.10;765.00;0.74;0
627;bunker;4714.00;10.15;768.00;1.24;0
627;bunker;4725.00;9.70;769.00;3.85;0
627;bunker;4730.00;9.70;775.00;4.96;0
627;bunker;4736.00;10.15;781.00;0.74;0
627;bunker;4743.00;10.32;775.00;3.24;0
627;bunker;4749.00;12.32;774.00;2.38;0
627;bunker;4750.00;10.73;756.00;5.40;0
627;bunker;4751.00;10.38;746.00;2.73;0
627;bunker;4751.00;11.75;767.00;0.67;0
627;bunker;4753.00;10.32;757.00;0.23;0
627;bunker;4756.00;10.68;766.00;2.29;0
627;bunker;4757.00;10.98;782.00;1.34;0
627;bunker;4759.00;11.82;782.00;3.41;0
627;bunker;4760.00;11.80;775.00;2.90;0
627;bunker;4763.00;11.60;772.00;2.29;0
627;bunker;4763.00;11.90;780.00;3.34;0
627;bunker;4764.00;9.98;746.00;4.79;0
627;bunker;4765.00;9.65;762.00;0.67;0
627;bunker;4767.00;9.78;794.00;5.40;0
627;bunker;4771.00;10.50;772.00;4.36;0
627;bunker;4773.00;10.40;791.00;4.89;0
627;bunker;4774.00;10.38;769.00;1.34;0
627;bunker;4777.00;9.60;759.00;4.45;0
627;bunker;4777.00;10.13;775.00;1.17;0
627;coastal_bunker;4707.00;9.50;752.00;-4.09;0
627;coastal_bunker;4714.00;9.50;774.00;-2.68;0
627;coastal_bunker;4714.00;9.70;762.00;0.00;0
627;coastal_bunker;4723.00;9.50;776.00;-0.17;0
627;coastal_bunker;4731.00;9.85;782.00;-3.14;0
627;coastal_bunker;4735.00;9.50;772.00;0.00;0
627;coastal_bunker;4741.00;9.78;776.00;-2.68;0
627;coastal_bunker;4743.00;9.50;751.00;-1.95;0
627;coastal_bunker;4744.00;9.50;765.00;-1.77;0
627;coastal_bunker;4746.00;9.50;778.00;-1.82;0
627;coastal_bunker;4752.00;9.50;794.00;-2.76;0
627;coastal_bunker;4758.00;9.50;740.00;-0.24;0
627;coastal_bunker;4760.00;9.50;789.00;-2.94;0
627;coastal_bunker;4761.00;9.50;743.00;-0.32;0
627;coastal_bunker;4762.00;9.63;752.00;1.11;0
627;coastal_bunker;4766.00;9.53;760.00;1.25;0
627;coastal_bunker;4773.00;9.50;807.00;-4.12;0
627;coastal_bunker;4775.00;9.80;782.00;1.57;0
627;coastal_bunker;4777.00;9.50;758.00;0.79;0
627;coastal_bunker;4777.00;9.68;789.00;-3.93;0
627;coastal_bunker;4779.00;9.90;770.00;-4.39;0
627;dockyard;4712.00;9.50;768.00;0.00;0
627;fuel_silo;4775.00;9.63;764.00;1.82;0
627;industrial_complex;4730.00;9.98;778.00;0.43;0
627;industrial_complex;4731.00;9.75;772.00;1.55;0
627;industrial_complex;4745.00;11.05;774.00;5.77;0
627;industrial_complex;4751.00;12.15;768.00;1.64;0
627;industrial_complex;4765.00;9.65;762.00;1.04;0
627;industrial_complex;4778.00;9.93;765.00;3.71;0
627;naval_base;4709.00;9.50;750.00;-4.09;2899
627;naval_base;4714.00;9.70;762.00;0.00;2899
627;naval_base;4717.00;9.50;768.00;-2.68;2899
627;naval_base;4723.00;9.50;776.00;-0.17;2899
627;naval_base;4730.00;9.78;782.00;-3.14;2899
627;naval_base;4732.00;9.68;770.00;0.00;2899
627;naval_base;4741.00;9.50;755.00;-1.95;2899
627;naval_base;4741.00;9.50;777.00;-2.68;2899
627;naval_base;4746.00;9.50;745.00;-0.24;2922
627;naval_base;4746.00;9.50;764.00;-1.77;2899
627;naval_base;4748.00;9.68;783.00;-2.94;8751
627;naval_base;4752.00;9.50;793.00;-2.76;8751
627;naval_base;4759.00;9.80;787.00;-2.94;8751
627;naval_base;4762.00;9.50;741.00;-0.32;2922
627;naval_base;4762.00;9.63;752.00;1.11;8670
627;naval_base;4764.00;9.53;757.00;1.25;8670